t_start,status,latency_ms,error
4.1676685214042664e-07,200,1.727,
0.014960084110498428,200,0.762,
0.0224399589933455,200,0.634,
0.03375574992969632,200,0.683,
0.04308066703379154,200,0.653,
0.05297854170203209,200,0.621,
0.06089141685515642,200,0.609,
0.07098554167896509,200,0.434,
0.0817931666970253,200,0.698,
0.09225824987515807,200,0.611,
0.10384241677820683,200,0.57,
0.11305516678839922,200,0.564,
0.12344704195857048,200,0.618,
0.131010334007442,200,0.502,
0.1414933749474585,200,0.524,
0.15087337465956807,200,0.468,
0.16453979210928082,200,0.489,
0.17011495865881443,200,0.53,
0.18491924973204732,200,0.641,
0.1925107087008655,200,0.72,
0.20371487503871322,200,0.599,
0.21127233374863863,200,0.605,
0.2205651248805225,200,0.689,
0.2346686669625342,200,0.734,
0.2426192918792367,200,0.63,
0.2516524586826563,200,0.768,
0.26392783410847187,200,0.684,
0.2718252497725189,200,0.683,
0.28403595881536603,200,0.839,
0.290670083835721,200,0.577,
0.3046200000680983,200,0.819,
0.3119842088781297,200,0.646,
0.3239655001088977,200,0.589,
0.332977999933064,200,0.595,
0.34052679175511,200,0.499,
0.3528544590808451,200,0.565,
0.36042887484654784,200,0.548,
0.37390249967575073,200,0.624,
0.3830051668919623,200,0.624,
0.39191470900550485,200,0.563,
0.40398062486201525,200,0.572,
0.4129783338867128,200,0.591,
0.4234485416673124,200,0.506,
0.4310096250846982,200,0.584,
0.4444419168867171,200,0.685,
0.45272804191336036,200,0.494,
0.46360891684889793,200,0.606,
0.4731657919473946,200,0.593,
0.481115167029202,200,0.563,
0.4944169167429209,200,0.647,
0.5027549588121474,200,0.511,
0.5128137497231364,200,0.517,
0.5234118746593595,200,4.717,
0.5309552499093115,200,0.437,
0.5444923751056194,200,0.677,
0.552068084012717,200,0.731,
0.5607284167781472,200,0.532,
0.5734536671079695,200,0.767,
0.5831939168274403,200,0.638,
0.5931339589878917,200,0.591,
0.6032817917875946,200,0.598,
0.6127810417674482,200,0.629,
0.6232667500153184,200,0.586,
0.6319384998641908,200,0.56,
0.6400240417569876,200,0.651,
0.6500181248411536,200,0.637,
0.6617112499661744,200,0.599,
0.6741172918118536,200,0.714,
0.6822259998880327,200,0.642,
0.6935049588792026,200,0.626,
0.7031934997066855,200,0.62,
0.7123122089542449,200,0.751,
0.723199708852917,200,0.781,
0.7333156666718423,200,0.681,
0.7432822920382023,200,0.626,
0.7533093336969614,200,0.589,
0.7606905838474631,200,0.507,
0.7746287500485778,200,0.613,
0.7800183338113129,200,0.592,
0.7912602089345455,200,0.604,
0.8020048746839166,200,0.54,
0.8139764168299735,200,0.636,
0.8215730837546289,200,0.576,
0.832804333884269,200,0.642,
0.8435602090321481,200,0.713,
0.8503527496941388,200,0.521,
0.8647952498868108,200,0.481,
0.872344084084034,200,0.487,
0.8828219589777291,200,0.536,
0.8929109587334096,200,0.625,
0.9009617920964956,200,0.601,
0.9120856248773634,200,0.655,
0.9224500837735832,200,0.515,
0.933748499955982,200,0.501,
0.9408580837771297,200,0.476,
0.9529746668413281,200,0.493,
0.9605368748307228,200,0.492,
0.9747109999880195,200,0.499,
0.9822667497210205,200,0.564,
0.9938342086970806,200,0.596,
1.003058083821088,200,0.677,
1.0134393339976668,200,0.598,
1.0222975420765579,200,0.544,
1.0338389999233186,200,0.531,
1.043045874685049,200,0.59,
1.0534347919747233,200,0.603,
1.0632484997622669,200,0.713,
1.0708526247180998,200,0.527,
1.0805259998887777,200,0.51,
1.0946911247447133,200,0.62,
1.1003106250427663,200,0.526,
1.114089666865766,200,0.589,
1.1213292917236686,200,0.62,
1.1343019166961312,200,0.494,
1.1421155841089785,200,0.457,
1.1539211669005454,200,0.507,
1.1626879167743027,200,0.495,
1.1702279169112444,200,0.535,
1.180697875097394,200,0.468,
1.1946229171007872,200,0.674,
1.2022027499042451,200,0.642,
1.2129397089593112,200,0.773,
1.2217252920381725,200,0.712,
1.2321567917242646,200,1.838,
1.2432834999635816,200,0.734,
1.2533095837570727,200,0.805,
1.2631606250070035,200,0.577,
1.270550874993205,200,0.484,
1.2846711669117212,200,0.655,
1.292634999845177,200,0.488,
1.3002501670271158,200,0.557,
1.3114247918128967,200,0.568,
1.3242371249943972,200,0.479,
1.3317811246961355,200,0.496,
1.3440744588151574,200,0.513,
1.3529272498562932,200,0.505,
1.363011416979134,200,0.895,
1.3734460417181253,200,0.826,
1.381427333690226,200,0.754,
1.3933610417880118,200,0.755,
1.402357041835785,200,0.997,
1.4115753336809576,200,0.864,
1.4222148340195417,200,0.762,
1.433838666882366,200,0.785,
1.4402415417134762,200,0.732,
1.4548523747362196,200,0.877,
1.4614588748663664,200,0.782,
1.4742293749004602,200,0.906,
1.4828313747420907,200,0.884,
1.4919585417956114,200,0.745,
1.500856916885823,200,0.816,
1.5131979170255363,200,1.086,
1.5232797916978598,200,2.245,
1.5308819590136409,200,1.257,
1.5438896669074893,200,1.698,
1.5511250416748226,200,1.076,
1.5620690416544676,200,2.298,
1.5736760417930782,200,1.269,
1.5805027498863637,200,1.045,
1.5914470837451518,200,1.589,
1.6039229589514434,200,2.2,
1.611567999701947,200,1.413,
1.623443499673158,200,1.846,
1.6320471670478582,200,1.285,
1.6434922916814685,200,2.203,
1.6503037088550627,200,1.236,
1.6634707087650895,200,1.05,
1.6732602920383215,200,1.358,
1.6832497497089207,200,1.243,
1.6915603750385344,200,1.199,
1.7014997089281678,200,1.014,
1.7111077918671072,200,1.338,
1.720544499810785,200,1.796,
1.7301059169694781,200,0.805,
1.7414882089942694,200,0.769,
1.7534917499870062,200,1.183,
1.7631503748707473,200,0.985,
1.7704548337496817,200,0.834,
1.7847155421040952,200,0.724,
1.7918880418874323,200,0.578,
1.8040014589205384,200,0.743,
1.8120367089286447,200,0.959,
1.82382258400321,200,0.8,
1.8300525420345366,200,0.663,
1.840687375050038,200,0.805,
1.8529633339494467,200,1.002,
1.863455459009856,200,0.896,
1.8732161247171462,200,0.962,
1.8833379168063402,200,1.016,
1.893255916889757,200,1.035,
1.9033057088963687,200,0.975,
1.9109135838225484,200,1.201,
1.9222139166668057,200,1.003,
1.9302782090380788,200,0.906,
1.9447998749092221,200,0.812,
1.9525462090969086,200,1.196,
1.96367295878008,200,0.939,
1.9705542498268187,200,0.887,
1.982414041645825,200,0.982,
1.9918676670640707,200,1.113,
2.0038854996673763,200,0.867,
2.0109506668522954,200,1.052,
2.02447233395651,200,1.177,
2.0316938748583198,200,1.549,
2.043649584054947,200,1.383,
2.0521585000678897,200,1.53,
2.0607395418919623,200,2.152,
2.0740908747538924,200,1.457,
2.0820411667227745,200,1.495,
2.0934926248155534,200,2.522,
2.10032174969092,200,0.987,
2.115117416717112,200,1.344,
2.122129667084664,200,1.376,
2.1320491670630872,200,1.026,
2.143783750012517,200,1.666,
2.152914375066757,200,1.099,
2.1634765421040356,200,0.734,
2.1710108746774495,200,1.047,
2.182188124861568,200,2.169,
2.1911096246913075,200,5.927,
2.2018333338201046,200,1.4,
2.21238608378917,200,1.177,
2.2205439996905625,200,0.989,
2.232563791796565,200,1.371,
2.243649125099182,200,2.639,
2.2507068337872624,200,1.351,
2.2641784590668976,200,1.681,
2.2728012087754905,200,1.403,
2.282686583697796,200,1.293,
2.290604999754578,200,1.566,
2.3026600419543684,200,1.26,
2.310909166932106,200,1.619,
2.322055583819747,200,2.162,
2.3336597089655697,200,1.453,
2.3400691668502986,200,1.037,
2.356538041960448,200,4.368,
2.360582208726555,200,2.319,
2.3713780837133527,200,1.398,
2.3809057087637484,200,0.875,
2.393328624777496,200,1.344,
2.4010134590789676,200,1.037,
2.414155541919172,200,0.935,
2.4217920838855207,200,0.718,
2.4340521250851452,200,0.787,
2.442934749647975,200,0.755,
2.4505445417016745,200,0.744,
2.464166999794543,200,0.717,
2.4717544997110963,200,0.754,
2.4810405001044273,200,0.871,
2.490102041978389,200,0.763,
2.5049113747663796,200,0.862,
2.5125005836598575,200,0.927,
2.5236949999816716,200,0.905,
2.533029125072062,200,1.129,
2.5407040417194366,200,1.71,
2.5514464997686446,200,1.465,
2.562155459076166,200,2.773,
2.573509084060788,200,1.326,
2.582627333700657,200,1.74,
2.5934937917627394,200,1.511,
2.600624291691929,200,1.371,
2.6124301250092685,200,1.832,
2.62054149992764,200,1.441,
2.634322833735496,200,1.143,
2.6420661248266697,200,1.021,
2.6539170839823782,200,0.892,
2.6603037919849157,200,1.132,
2.6748082088306546,200,1.214,
2.682491833809763,200,0.751,
2.6937070419080555,200,0.759,
2.7013030000962317,200,0.947,
2.713722124695778,200,0.812,
2.720537374727428,200,0.785,
2.734685624949634,200,1.047,
2.742581999860704,200,0.732,
2.7536753336898983,200,0.814,
2.762727374676615,200,0.858,
2.7719242917373776,200,0.829,
2.7839854997582734,200,1.808,
2.7908129999414086,200,1.02,
2.8008728749118745,200,1.264,
2.8144730417989194,200,1.824,
2.820238667074591,200,1.416,
2.8343088338151574,200,0.96,
2.84274366684258,200,0.823,
2.8521807086654007,200,0.706,
2.862932709045708,200,0.853,
2.8706696666777134,200,0.691,
2.884621999692172,200,0.906,
2.890700750052929,200,0.728,
2.900634666904807,200,0.889,
2.9131044587120414,200,0.84,
2.9223114997148514,200,0.688,
2.933813374955207,200,0.603,
2.9414497087709606,200,0.473,
2.9542370000854135,200,0.762,
2.9625632497482,200,0.615,
2.97054195869714,200,1.426,
2.9805906671099365,200,0.767,
2.9919849587604403,200,0.649,
3.0038745417259634,200,0.576,
3.013019958976656,200,0.654,
3.02113666664809,200,0.761,
3.033406708855182,200,0.826,
3.042774791829288,200,1.564,
3.050041291862726,200,0.877,
3.0648760837502778,200,1.003,
3.0705399587750435,200,0.821,
3.0845665838569403,200,0.979,
3.0923111247830093,200,0.853,
3.103777833748609,200,1.177,
3.1128565836697817,200,2.165,
3.120941041968763,200,1.948,
3.1338247088715434,200,2.224,
3.1421187086962163,200,1.079,
3.150892249774188,200,1.316,
3.16163312504068,200,5.743,
3.172639667056501,200,2.175,
3.1821651668287814,200,1.258,
3.193829749710858,200,1.813,
3.201610083691776,200,0.946,
3.2141214590519667,200,0.808,
3.2215262497775257,200,0.969,
3.234178999904543,200,1.296,
3.2418837090954185,200,1.665,
3.253442249726504,200,2.008,
3.260524416808039,200,1.558,
3.2727359998971224,200,1.269,
3.2802113336510956,200,1.025,
3.290462499950081,200,2.581,
3.3035485837608576,200,1.239,
3.3111880840733647,200,1.534,
3.3212052918970585,200,1.703,
3.333784374874085,200,1.436,
3.342957583721727,200,1.197,
3.3534351247362792,200,2.075,
3.3607019586488605,200,1.224,
3.3715255837887526,200,3.571,
3.383250459097326,200,1.427,
3.3913812087848783,200,1.25,
3.403866999782622,200,0.981,
3.411519959103316,200,0.813,
3.4236252498812973,200,0.918,
3.433092416729778,200,0.653,
3.4406494586728513,200,0.884,
3.4523784588091075,200,0.708,
3.4636868750676513,200,0.634,
3.471766042057425,200,0.534,
3.481386125087738,200,0.59,
3.492194708902389,200,0.568,
3.5017890417948365,200,0.634,
3.514047000091523,200,0.58,
3.521650374867022,200,0.668,
3.5341333746910095,200,0.85,
3.5428693341091275,200,0.63,
3.553514708764851,200,0.649,
3.5611017090268433,200,0.798,
3.570588208734989,200,0.736,
3.584607624914497,200,0.671,
3.591575833968818,200,0.588,
3.6041740840300918,200,0.707,
3.61177616706118,200,0.629,
3.6221987497992814,200,0.643,
3.630144542083144,200,0.706,
3.6402119169943035,200,0.704,
3.653114791959524,200,0.692,
3.663394999690354,200,0.72,
3.6708370838314295,200,0.721,
3.6814219169318676,200,0.935,
3.6942146667279303,200,0.808,
3.701591749675572,200,0.806,
3.714155999943614,200,0.695,
3.7228443338535726,200,0.818,
3.732080166693777,200,0.772,
3.7416143747977912,200,1.241,
3.754147166851908,200,1.214,
3.7627867087721825,200,0.851,
3.7735394588671625,200,1.291,
3.783118249848485,200,1.145,
3.7933609588071704,200,0.937,
3.8010013750754297,200,1.826,
3.8122950000688434,200,1.856,
3.8202372500672936,200,1.116,
3.833655208814889,200,0.837,
3.8431174997240305,200,0.852,
3.853388541843742,200,1.389,
3.8620562497526407,200,1.015,
3.8735324586741626,200,1.077,
3.8821001667529345,200,0.951,
3.893876959104091,200,0.936,
3.9030193337239325,200,1.157,
3.9107945417053998,200,1.303,
3.92069104174152,200,1.144,
3.9303015838377178,200,1.78,
3.9447862920351326,200,0.817,
3.9511465840041637,200,0.831,
3.964001291897148,200,0.667,
3.972937666811049,200,0.71,
3.982915374916047,200,0.747,
3.9905163338407874,200,0.668,
4.000041875056922,200,0.707,
4.014920708723366,200,0.81,
4.022494750097394,200,1.287,
4.031983749940991,200,0.826,
4.043930291663855,200,0.787,
4.052973624784499,200,0.787,
4.063493417110294,200,1.132,
4.073166667018086,200,0.907,
4.083360875025392,200,0.767,
4.093219041824341,200,0.946,
4.103302333969623,200,0.96,
4.113281583879143,200,1.389,
4.121026374865323,200,1.001,
4.134844166692346,200,7.167,
4.141683374997228,200,1.334,
4.151830124668777,200,1.413,
4.162117624655366,200,1.008,
4.172785666771233,200,1.284,
4.183366334065795,200,1.385,
4.193162583746016,200,1.134,
4.202355541754514,200,1.046,
4.213753083720803,200,1.069,
4.223463667090982,200,2.975,
4.230875624809414,200,1.725,
4.244039166718721,200,1.24,
4.250558708794415,200,1.072,
4.260716083925217,200,1.205,
4.270532666705549,200,1.35,
4.282092958688736,200,1.518,
4.29347625002265,200,1.292,
4.3011664589867,200,1.006,
4.310283208731562,200,1.423,
4.323274499736726,200,0.884,
4.333290416747332,200,3.46,
4.3407101249322295,200,0.815,
4.354565958958119,200,0.839,
4.362153375055641,200,0.873,
4.370611417107284,200,1.12,
4.384576624725014,200,1.208,
4.390625333879143,200,0.939,
4.4027389590628445,200,1.21,
4.4120734999887645,200,0.85,
4.422428249847144,200,0.774,
4.433702624868602,200,0.835,
4.440618916880339,200,0.653,
4.450589624699205,200,0.844,
4.462893541902304,200,0.816,
4.470537958666682,200,0.748,
4.481699499767274,200,1.62,
4.4934719586744905,200,0.911,
4.501019292045385,200,0.867,
4.514256499707699,200,0.981,
4.5205282918177545,200,0.977,
4.531601541675627,200,1.688,
4.540179749950767,200,1.642,
4.552678042091429,200,1.217,
4.56281099980697,200,1.845,
4.570576542057097,200,1.576,
4.583261624909937,200,1.636,
4.590422791894525,200,1.122,
4.603922999929637,200,2.616,
4.612907541915774,200,1.32,
4.623421333730221,200,0.778,
4.633208916988224,200,0.73,
4.643326791934669,200,0.698,
4.653138666879386,200,0.757,
4.660483291838318,200,0.665,
4.670191041659564,200,0.698,
4.683615250047296,200,0.697,
4.691250208765268,200,0.623,
4.702506583649665,200,0.67,
4.711928833741695,200,1.382,
4.7200900837779045,200,1.788,
4.734845833852887,200,1.475,
4.742494833655655,200,0.992,
4.7526374170556664,200,1.15,
4.762869624886662,200,2.568,
4.770107334014028,200,10.827,
4.783355416730046,200,1.008,
4.790907541755587,200,1.142,
4.80385991698131,200,6.687,
4.812636666931212,200,1.509,
4.8232716247439384,200,1.174,
4.832942791748792,200,1.422,
4.843405083753169,200,1.449,
4.852635083720088,200,1.832,
4.861827834043652,200,0.933,
4.873741333838552,200,1.045,
4.881301583722234,200,1.143,
4.894078749697655,200,2.473,
4.902151458896697,200,1.014,
4.910930041689426,200,1.076,
4.924458791967481,200,1.15,
4.9326861668378115,200,0.833,
4.940289250109345,200,0.76,
4.951795875094831,200,0.988,
4.964001209009439,200,1.09,
4.971122208982706,200,0.869,
4.982979875057936,200,1.234,
4.991642334032804,200,1.517,
5.003692208789289,200,2.005,
5.012381916865706,200,1.399,
5.0227169170975685,200,1.671,
5.031532833818346,200,1.42,
5.042477166745812,200,1.322,
5.053664333652705,200,2.723,
5.0606689169071615,200,1.283,
5.070020958781242,200,1.209,
5.09320216672495,200,4.689,
5.096232499927282,200,1.597,
5.100836624857038,200,0.833,
5.114508624654263,200,1.605,
5.122568708844483,200,1.166,
5.133582208771259,200,1.228,
5.142039000056684,200,1.282,
5.153792041819543,200,1.9,
5.16053537465632,200,1.149,
5.170551416929811,200,2.293,
5.181757541839033,200,1.411,
5.193283499684185,200,3.949,
5.203133499715477,200,1.146,
5.213343208655715,200,1.03,
5.222916208673269,200,0.992,
5.23350637499243,200,2.296,
5.241838708985597,200,2.054,
5.2524587088264525,200,1.233,
5.2636748338118196,200,2.099,
5.2709963750094175,200,2.529,
5.282255541998893,200,1.83,
5.290912083815783,200,1.682,
5.301969584077597,200,3.222,
5.313639999832958,200,1.199,
5.321286541875452,200,1.099,
5.33430266706273,200,2.423,
5.3424447500146925,200,1.092,
5.353737167082727,200,2.714,
5.362461125012487,200,1.114,
5.37258370872587,200,1.588,
5.380526166874915,200,0.814,
5.394662333652377,200,0.91,
5.402056124992669,200,0.873,
5.413412000052631,200,1.022,
5.423073791898787,200,2.076,
5.4309193338267505,200,2.855,
5.44402770884335,200,1.262,
5.450297999661416,200,2.224,
5.462906375061721,200,1.023,
5.473307834006846,200,1.675,
5.480850874911994,200,1.67,
5.4933533747680485,200,1.226,
5.502444333862513,200,1.86,
5.511047292035073,200,1.154,
5.523485166952014,200,1.966,
5.532812208868563,200,2.013,
5.541174124926329,200,5.028,
5.551814208738506,200,1.576,
5.563541333656758,200,1.053,
5.573138749692589,200,0.805,
5.582825459074229,200,0.655,
5.592565583996475,200,0.583,
5.603686125017703,200,0.793,
5.61095791682601,200,0.858,
5.620032958686352,200,0.749,
5.6337821669876575,200,0.685,
5.6400773748755455,200,0.661,
5.651235125027597,200,0.643,
5.664329208899289,200,0.551,
5.672803166788071,200,0.484,
5.680356541648507,200,0.551,
5.690980874933302,200,0.565,
5.704453541897237,200,0.591,
5.71193691669032,200,0.476,
5.724003667011857,200,0.672,
5.731419833842665,200,0.647,
5.744238750077784,200,0.72,
5.752804666757584,200,0.692,
5.763526416849345,200,0.665,
5.7731672916561365,200,0.705,
5.780788917094469,200,0.539,
5.7914157919585705,200,0.618,
5.804215834010392,200,0.655,
5.81178216682747,200,0.529,
5.824067083653063,200,0.689,
5.830504458863288,200,0.679,
5.844678875058889,200,0.577,
5.851108666975051,200,0.623,
5.864400666672736,200,0.656,
5.870237041730434,200,0.555,
5.883384374901652,200,0.829,
5.8929034997709095,200,0.902,
5.900634416844696,200,0.8,
5.914629333652556,200,0.783,
5.921140041667968,200,0.824,
5.930033667013049,200,0.738,
5.944923333823681,200,3.372,
5.952479999978095,200,0.595,
5.963540041819215,200,0.683,
5.970243874937296,200,0.583,
5.9816406248137355,200,0.769,
5.994093124754727,200,0.879,
6.0022461246699095,200,0.802,
6.013816459104419,200,0.914,
6.023026084061712,200,0.927,
6.033405583817512,200,0.658,
6.043244208674878,200,0.782,
6.050857333932072,200,0.884,
6.064524416811764,200,1.312,
6.071444499772042,200,0.942,
6.084177416749299,200,1.753,
6.092580624856055,200,1.279,
6.103816291783005,200,8.059,
6.112907249946147,200,1.272,
6.120546999853104,200,0.971,
6.133831792045385,200,1.955,
6.142583583947271,200,1.123,
6.152429958805442,200,3.963,
6.16341045871377,200,1.545,
6.17201487487182,200,1.181,
6.183887624647468,200,1.74,
6.19291083374992,200,2.155,
6.2017772500403225,200,0.912,
6.212166833691299,200,0.967,
6.220791166648269,200,1.468,
6.234451124910265,200,1.042,
6.242080749943852,200,1.064,
6.2538484167307615,200,1.32,
6.261518666986376,200,0.991,
6.276830417104065,200,1.773,
6.280838791746646,200,1.368,
6.294028124772012,200,1.788,
6.301245249807835,200,1.291,
6.312337541952729,200,1.243,
6.323726959060878,200,1.172,
6.332977416925132,200,1.136,
6.3424877086654305,200,0.786,
6.353671499993652,200,0.772,
6.363105041906238,200,0.668,
6.37095637479797,200,0.794,
6.3844558340497315,200,0.748,
6.391778708901256,200,0.684,
6.404070833697915,200,0.74,
6.412888791877776,200,0.838,
6.421177458949387,200,0.676,
6.433665208984166,200,0.674,
6.441279083956033,200,0.48,
6.4543083338066936,200,0.612,
6.462780583649874,200,0.606,
6.470363541971892,200,0.675,
6.4847347917966545,200,0.793,
6.492570125032216,200,0.775,
6.501855041831732,200,0.802,
6.51400174992159,200,0.684,
6.520795208867639,200,0.764,
6.533184583764523,200,0.571,
6.540772083681077,200,0.632,
6.55384216690436,200,0.573,
6.563030666671693,200,0.621,
6.5721091250889,200,0.638,
6.583902500104159,200,1.091,
6.591767166741192,200,0.666,
6.603787084110081,200,0.574,
6.611385666765273,200,0.632,
6.624263499863446,200,0.756,
6.631913166958839,200,0.62,
6.643996417056769,200,0.659,
6.652951708994806,200,0.715,
6.662032041698694,200,0.823,
6.673840333707631,200,0.902,
6.681445249821991,200,1.009,
6.6942003746517,200,1.269,
6.701978874858469,200,0.923,
6.713941249996424,200,1.081,
6.720514874905348,200,1.157,
6.731309916824102,200,1.229,
6.7433767090551555,200,1.01,
6.750266208779067,200,0.753,
6.763845459092408,200,0.869,
6.773014499805868,200,0.958,
6.782085166778415,200,1.169,
6.791337667033076,200,0.923,
6.802015875000507,200,0.971,
6.8138986248523,200,0.762,
6.820020374841988,200,0.759,
6.8349480838514864,200,0.797,
6.842471249867231,200,0.911,
6.850092916749418,200,0.891,
6.86489116679877,200,1.06,
6.871451959013939,200,0.752,
6.88422308396548,200,0.82,
6.8928437498398125,200,0.817,
6.900451791938394,200,0.864,
6.912998625077307,200,1.188,
6.9233826249837875,200,0.795,
6.931038124952465,200,0.695,
6.944460999686271,200,0.674,
6.952175667043775,200,0.575,
6.963851499836892,200,0.771,
6.9701162916608155,200,1.016,
6.9848974999040365,200,0.725,
6.992494374979287,200,0.929,
7.003694874700159,200,1.468,
7.012959166895598,200,0.879,
7.021097874734551,200,0.816,
7.034397874958813,200,1.225,
7.04019624972716,200,0.946,
7.054833292029798,200,1.122,
7.062562834005803,200,2.105,
7.0733003336936235,200,1.63,
7.083189833909273,200,1.044,
7.093370750080794,200,2.115,
7.100492083933204,200,1.062,
7.110141208861023,200,1.647,
7.1248642089776695,200,1.586,
7.130072666797787,200,0.828,
7.14315729169175,200,1.812,
7.151319749653339,200,1.235,
7.1643039169721305,200,1.823,
7.170512958895415,200,0.984,
7.182160041760653,200,1.277,
7.193166833836585,200,1.259,
7.204752000048757,200,1.513,
7.2120194169692695,200,1.96,
7.2238659998402,200,1.171,
7.2329342919401824,200,0.829,
7.24349654186517,200,1.874,
7.251805834006518,200,1.02,
7.260347374714911,200,1.662,
7.273458791896701,200,2.124,
7.282094374764711,200,1.558,
7.293448334094137,200,3.931,
7.302307666745037,200,1.065,
7.312310209032148,200,1.558,
7.322653375100344,200,1.615,
7.332072374876589,200,1.175,
7.3434564168564975,200,1.457,
7.353140583727509,200,1.096,
7.3621099586598575,200,1.379,
7.373538583982736,200,2.029,
7.382178375031799,200,1.541,
7.393445166759193,200,1.364,
7.403182500042021,200,4.896,
7.410671459045261,200,1.074,
7.420962667092681,200,1.209,
7.434354458935559,200,1.25,
7.443351166788489,200,1.371,
7.453165499959141,200,7.27,
7.461625583935529,200,0.987,
7.47408612491563,200,1.012,
7.480814791750163,200,1.231,
7.493185458704829,200,1.828,
7.5016178749501705,200,0.866,
7.511450834106654,200,1.861,
7.522610541898757,200,1.903,
7.531178833916783,200,1.061,
7.544300874695182,200,2.023,
7.551772499922663,200,1.878,
7.560444291681051,200,1.065,
7.573821084108204,200,2.027,
7.581935416907072,200,1.635,
7.592703541740775,200,1.77,
7.601772791706026,200,1.582,
7.6142577501013875,200,2.085,
7.6218599998392165,200,1.335,
7.632708124816418,200,1.213,
7.641771291848272,200,1.593,
7.653850874863565,200,2.639,
7.662893624976277,200,1.747,
7.673037624917924,200,1.65,
7.682619041763246,200,1.266,
7.692347791977227,200,1.331,
7.701773166656494,200,0.759,
7.714009291958064,200,0.74,
7.722920999862254,200,0.93,
7.733426624909043,200,0.92,
7.74015379184857,200,0.827,
7.754835874773562,200,0.737,
7.761150625068694,200,0.822,
7.77434975001961,200,0.756,
7.781966833863407,200,0.652,
7.793965917080641,200,0.607,
7.802960083819926,200,0.552,
7.8121295417658985,200,0.669,
7.821015459019691,200,0.863,
7.830149708781391,200,0.772,
7.843081374652684,200,1.124,
7.851348584052175,200,1.065,
7.8612458747811615,200,2.338,
7.870126292109489,200,1.223,
7.880058709066361,200,1.662,
7.890017209108919,200,1.241,
7.900894291698933,200,2.339,
7.9143870417028666,200,1.112,
7.920482583809644,200,0.747,
7.934649083763361,200,0.951,
7.942588333971798,200,0.691,
7.951510250102729,200,0.945,
7.964201249647886,200,0.901,
7.971849083900452,200,0.694,
7.984021042007953,200,1.029,
7.992089458741248,200,0.75,
8.003931041806936,200,6.192,
8.012596583925188,200,1.93,
8.023201916832477,200,0.786,
8.040786124765873,200,2.67,
8.041759334038943,200,1.986,
8.050614374689758,200,0.921,
8.060899042058736,200,1.048,
8.070200874935836,200,1.08,
8.084826041944325,200,2.045,
8.092441791668534,200,1.604,
8.101777583826333,200,1.837,
8.113966291770339,200,2.865,
8.120506749954075,200,0.912,
8.1308359997347,200,1.582,
8.142870625015348,200,2.145,
8.153449499979615,200,8.001,
8.1618264997378,200,1.138,
8.174015583936125,200,1.856,
8.181993208825588,200,2.886,
8.19456083374098,200,2.124,
8.20030799973756,200,0.991,
8.21474541677162,200,1.29,
8.222423291765153,200,1.202,
8.233676542062312,200,1.216,
8.241313291713595,200,1.032,
8.250591834075749,200,1.072,
8.260242749936879,200,0.956,
8.272722959052771,200,1.073,
8.28037991700694,200,0.946,
8.294764374848455,200,2.729,
8.302083249669522,200,1.815,
8.313843041658401,200,1.044,
8.322651916649193,200,1.552,
8.33197325002402,200,1.509,
8.343411749694496,200,1.427,
8.353139583952725,200,1.058,
8.361159999854863,200,2.315,
8.370423624757677,200,1.574,
8.383671416901052,200,1.591,
8.391499541699886,200,0.944,
8.403838374651968,200,1.053,
8.411923917010427,200,0.979,
8.420905708801001,200,0.984,
8.434477583970875,200,1.054,
8.442105291876942,200,0.897,
8.45388629194349,200,1.102,
8.462973333895206,200,0.92,
8.47058262489736,200,0.915,
8.482450999785215,200,1.917,
8.492784999776632,200,1.127,
8.503402499947697,200,0.995,
8.512908834032714,200,1.533,
8.520503833889961,200,10.895,
8.533444792032242,200,0.911,
8.540923374705017,200,0.918,
8.55448987474665,200,1.212,
8.561192916706204,200,1.711,
8.576115999836475,200,4.385,
8.581658917013556,200,1.118,
8.592863542027771,200,2.465,
8.603454458992928,200,5.01,
8.61121974978596,200,0.776,
8.624343958683312,200,8.406,
8.63224520906806,200,1.57,
8.64169333409518,200,1.41,
8.652777709066868,200,1.339,
8.66284624999389,200,4.356,
8.673330208752304,200,1.645,
8.682289416901767,200,1.176,
8.692052624654025,200,1.525,
8.702430584002286,200,3.18,
8.711916458792984,200,1.083,
8.720239624846727,200,0.977,
8.734602083917707,200,0.953,
8.742618458811194,200,1.026,
8.75023266673088,200,1.065,
8.764819291885942,200,0.853,
8.770505874883384,200,0.871,
8.784686584025621,200,1.062,
8.792569166980684,200,0.956,
8.803671624977142,200,0.966,
8.811301250010729,200,0.895,
8.824294459074736,200,0.985,
8.83216412505135,200,0.87,
8.842706083785743,200,2.908,
8.851781083736569,200,1.187,
8.86397183407098,200,1.113,
8.870249124709517,200,0.726,
8.884818833786994,200,0.829,
8.892541666980833,200,0.771,
8.903684416785836,200,0.791,
8.913109499961138,200,1.188,
8.923319874797016,200,1.143,
8.931591083761305,200,0.628,
8.941815458703786,200,0.844,
8.950833208858967,200,0.768,
8.964527833741158,200,0.921,
8.972674458753318,200,0.808,
8.980276583693922,200,0.793,
8.995155749842525,200,0.994,
9.000943583901972,200,1.671,
9.011863291729242,200,1.155,
9.023954833857715,200,1.141,
9.030703208874911,200,1.548,
9.044306084048003,200,1.334,
9.052041708957404,200,0.94,
9.063311083707958,200,6.65,
9.0701601668261,200,6.449,
9.084645499940962,200,1.231,
9.090139084029943,200,1.267,
9.105684333946556,200,1.986,
9.110415041912347,200,0.757,
9.120035042054951,200,1.618,
9.132036499679089,200,1.6,
9.14156704209745,200,1.037,
9.158045459073037,200,1.864,
9.160754959098995,200,0.913,
9.170925208833069,200,1.255,
9.18203749973327,200,1.529,
9.196135541889817,200,1.376,
9.201738124713302,200,0.862,
9.210714208893478,200,1.168,
9.224489791784436,200,1.225,
9.231966708786786,200,1.069,
9.243924709036946,200,1.549,
9.250697999726981,200,1.215,
9.265062249731272,200,2.1,
9.272123749833554,200,0.898,
9.282300124876201,200,1.05,
9.292139333672822,200,1.721,
9.303454542066902,200,2.135,
9.310156208928674,200,1.091,
9.321361416950822,200,2.571,
9.333668208681047,200,1.907,
9.340836666990072,200,1.302,
9.359272708650678,200,2.264,
9.360494208987802,200,1.277,
9.372813459020108,200,0.813,
9.380557958967984,200,0.977,
9.394009999930859,200,1.373,
9.402850583661348,200,5.156,
9.412138334009796,200,0.73,
9.423875083681196,200,0.785,
9.43299979204312,200,1.003,
9.442756083793938,200,0.998,
9.452870334032923,200,1.293,
9.460666333790869,200,1.064,
9.474109499715269,200,1.433,
9.484539041761309,200,6.791,
9.491489958949387,200,1.523,
9.503705292008817,200,0.759,
9.510190791916102,200,0.768,
9.524839750025421,200,0.687,
9.531252458691597,200,0.844,
9.549441749695688,200,4.489,
9.550412917044014,200,3.858,
9.562804458662868,200,1.319,
9.570117166731507,200,0.827,
9.582735958974808,200,3.078,
9.590048041660339,200,1.113,
9.601780833676457,200,3.053,
9.612772583961487,200,1.5,
9.621498249936849,200,1.793,
9.632249874994159,200,6.781,
9.641061542090029,200,0.856,
9.651039166841656,200,0.814,
9.664379208814353,200,0.79,
9.670066041871905,200,0.629,
9.685561583843082,200,2.106,
9.690420833881944,200,0.809,
9.706589083652943,200,1.623,
9.710932374931872,200,1.956,
9.721288084052503,200,7.827,
9.730111124925315,200,1.112,
9.744872249662876,200,1.153,
9.752435166854411,200,0.975,
9.760066624730825,200,0.973,
9.774877625051886,200,1.12,
9.781834249850363,200,1.064,
9.79014433408156,200,1.875,
9.803966667037457,200,2.243,
9.812103708740324,200,1.121,
9.826432583853602,200,2.205,
9.831205625087023,200,1.055,
9.840839916840196,200,1.807,
9.853806084021926,200,1.562,
9.861683750059456,200,3.41,
9.8740215417929,200,0.96,
9.882861000020057,200,0.743,
9.893421916756779,200,0.712,
9.902345125097781,200,0.643,
9.910186458844692,200,1.116,
9.924793750047684,200,1.039,
9.931849166750908,200,0.867,
9.944034833926708,200,0.9,
9.951674750074744,200,0.825,
9.96391599997878,200,0.918,
9.971260958816856,200,0.86,
9.983618958853185,200,1.994,
9.993236208800226,200,2.053,
10.003046999685466,200,2.133,
10.012172124814242,200,1.339,
10.020884334109724,200,1.013,
10.033653459046036,200,2.212,
10.04307391680777,200,1.006,
10.051749874837697,200,1.813,
10.060805999673903,200,1.305,
10.078980999998748,200,2.971,
10.08011299977079,200,2.175,
10.093062833882868,200,1.741,
10.10115170897916,200,4.291,
10.112628583796322,200,1.158,
10.120345583651215,200,1.098,
10.13230466702953,200,0.768,
10.142371291760355,200,0.987,
10.150020791683346,200,0.843,
10.16492799995467,200,0.852,
10.17248033406213,200,0.809,
10.180681833997369,200,0.846,
10.192317749839276,200,1.464,
10.203804499935359,200,1.488,
10.212925749830902,200,0.847,
10.22347433399409,200,0.973,
10.23320324998349,200,1.015,
10.240829624701291,200,0.904,
10.254545792005956,200,2.191,
10.261642833705992,200,1.172,
10.27407724969089,200,1.302,
10.28180787479505,200,1.902,
10.293449666816741,200,1.523,
10.300449208822101,200,1.719,
10.314294083975255,200,2.592,
10.320773500017822,200,2.987,
10.33365883398801,200,2.047,
10.340226833708584,200,1.311,
10.352601625025272,200,1.594,
10.363539000041783,200,1.869,
10.372230583801866,200,2.064,
10.382248791866004,200,1.406,
10.393726625014096,200,1.823,
10.401598708704114,200,1.511,
10.414122333750129,200,1.276,
10.422878333833069,200,1.55,
10.43118195887655,200,1.078,
10.443223041947931,200,1.003,
10.453076750040054,200,0.945,
10.463383459020406,200,0.874,
10.473232374992222,200,0.986,
10.483329916838557,200,1.95,
10.495507083833218,200,1.663,
10.502023791894317,200,1.435,
10.513379166834056,200,0.948,
10.521026291884482,200,2.228,
10.530839374754578,200,1.63,
10.544312541838735,200,1.617,
10.551445541903377,200,1.379,
10.560672333929688,200,2.068,
10.575622458942235,200,1.221,
10.580839334055781,200,0.702,
10.59390762494877,200,1.116,
10.601692333817482,200,1.772,
10.61389262508601,200,2.589,
10.622783208731562,200,1.373,
10.631142458878458,200,0.893,
10.641008416656405,200,0.901,
10.651283249724656,200,0.938,
10.664107999764383,200,0.742,
10.672865666914731,200,0.613,
10.683528791647404,200,0.825,
10.693136791698635,200,0.857,
10.703301874920726,200,0.691,
10.710939709097147,200,0.749,
10.721535250078887,200,0.919,
10.730605999939144,200,0.83,
10.743026666808873,200,0.91,
10.75338179199025,200,0.89,
10.760985249653459,200,0.802,
10.774440083652735,200,0.837,
10.7826884589158,200,0.713,
10.790845124982297,200,0.713,
10.80392387509346,200,0.642,
10.81149704195559,200,0.663,
10.824187874794006,200,0.789,
10.831796041689813,200,0.781,
10.844065417069942,200,0.689,
10.852912958711386,200,0.725,
10.86253666691482,200,0.95,
10.870237833820283,200,0.724,
10.88467345898971,200,0.963,
10.892553084064275,200,0.741,
10.903674374800175,200,0.873,
10.91128654172644,200,1.02,
10.923126999754459,200,1.16,
10.93326570885256,200,0.777,
10.940957458689809,200,0.678,
10.954464708920568,200,0.693,
10.962059624958783,200,0.681,
10.973932541906834,200,0.73,
10.981732584070414,200,0.649,
10.992891958914697,200,0.777,
11.003491084091365,200,0.815,
11.013195791747421,200,0.707,
11.020802458748221,200,1.019,
11.030247791670263,200,0.913,
11.044969209004194,200,1.771,
11.051914624869823,200,1.369,
11.063926541712135,200,1.79,
11.077263792045414,200,1.271,
11.080389958806336,200,0.856,
11.092774416785687,200,2.631,
11.10149845900014,200,1.522,
11.112426541745663,200,1.674,
11.122198124881834,200,2.594,
11.13367733405903,200,1.531,
11.141170042101294,200,2.236,
11.150560166686773,200,0.932,
11.164603542070836,200,0.639,
11.172219624742866,200,0.91,
11.182593708857894,200,1.127,
11.19413841702044,200,1.149,
11.202797333709896,200,1.346,
11.211356166750193,200,0.997,
11.223289333749563,200,2.089,
11.232980333734304,200,1.206,
11.244652749970555,200,1.115,
11.251747958827764,200,1.05,
11.263061083853245,200,1.328,
11.273353375028819,200,1.743,
11.281989166978747,200,1.468,
11.293877708725631,200,1.546,
11.301536083687097,200,1.213,
11.314174541737884,200,1.058,
11.322809292003512,200,0.857,
11.33042895887047,200,1.023,
11.345222000032663,200,1.307,
11.351752249989659,200,1.608,
11.362048791721463,200,2.29,
11.373877708800137,200,0.943,
11.38302074978128,200,1.894,
11.390925916843116,200,1.478,
11.40383370872587,200,1.37,
11.412913541775197,200,0.986,
11.421291208826005,200,1.151,
11.430060791783035,200,0.926,
11.444921041838825,200,0.961,
11.450983166694641,200,0.617,
11.464457749854773,200,0.745,
11.471288916654885,200,0.634,
11.480020166840404,200,0.871,
11.490299083758146,200,0.999,
11.504794749896973,200,0.988,
11.51001941692084,200,1.296,
11.52434549992904,200,0.902,
11.531994875054806,200,0.848,
11.543933333829045,200,0.777,
11.552970916964114,200,0.637,
11.56335616670549,200,0.777,
11.570965833961964,200,0.725,
11.58446808392182,200,0.849,
11.592515917029232,200,0.684,
11.602914249990135,200,1.099,
11.613416583742946,200,1.013,
11.62194420909509,200,1.01,
11.633480417076498,200,1.084,
11.64089870871976,200,0.927,
11.654437583871186,200,1.04,
11.66209500003606,200,1.001,
11.673756708856672,200,0.758,
11.680105874780566,200,0.549,
11.691301583778113,200,1.019,
11.704288667067885,200,1.009,
11.711997458711267,200,0.681,
11.72221895866096,200,0.734,
11.73334391694516,200,0.771,
11.740324791986495,200,0.777,
11.750783166848123,200,0.886,
11.763074041809887,200,0.67,
11.770658874884248,200,0.711,
11.780264500062913,200,0.918,
11.794832834042609,200,0.877,
11.802275833673775,200,0.697,
11.813819458708167,200,0.923,
11.82029674993828,200,0.92,
11.83054166706279,200,1.273,
11.84457466704771,200,0.747,
11.851612667087466,200,0.765,
11.86178508400917,200,0.922,
11.873093958944082,200,0.709,
11.880756166763604,200,0.685,
11.893125291913748,200,0.704,
11.903283583931625,200,0.661,
11.913282999768853,200,0.8,
11.920711708720773,200,0.651,
11.934558250010014,200,0.789,
11.940024791751057,200,2.311,
11.954150584060699,200,0.547,
11.960641792044044,200,0.554,
11.972432791721076,200,1.963,
11.983563624788076,200,0.623,
11.993164834100753,200,0.638,
12.001739041879773,200,0.549,
12.010651417076588,200,0.569,
12.02462095906958,200,0.738,
12.032573124859482,200,0.605,
12.042649541981518,200,0.61,
12.053604458924383,200,0.882,
12.060668916907161,200,0.602,
12.0744792916812,200,0.8,
12.082706249784678,200,0.843,
12.090599792078137,200,0.837,
12.101590083912015,200,0.876,
12.11240499978885,200,0.929,
12.12164712511003,200,0.939,
12.130721166729927,200,0.686,
12.141163374762982,200,1.132,
12.151447792071849,200,0.661,
12.164225041866302,200,0.664,
12.171878667082638,200,0.56,
12.182075624819845,200,0.702,
12.191754166968167,200,1.538,
12.200080417096615,200,1.055,
12.211130749899894,200,0.743,
12.222414958756417,200,0.518,
12.233740292023867,200,0.876,
12.243061874993145,200,0.756,
12.250680583994836,200,1.002,
12.26111049996689,200,0.931,
12.274346124846488,200,0.979,
12.282714250031859,200,1.442,
12.29012433392927,200,1.035,
12.304697833955288,200,2.013,
12.312371833715588,200,1.843,
12.323168959002942,200,3.525,
12.332865583710372,200,1.47,
12.340593333821744,200,1.182,
12.354552291799337,200,3.786,
12.360642374958843,200,1.189,
12.373175874818116,200,2.031,
12.383866666816175,200,1.554,
12.39148799981922,200,1.248,
12.40410508401692,200,1.137,
12.41136479191482,200,1.23,
12.424123958684504,200,0.898,
12.430152583867311,200,0.766,
12.444854917004704,200,0.863,
12.45248083397746,200,0.855,
12.462856541853398,200,0.848,
12.471030625049025,200,1.823,
12.482044416945428,200,1.324,
12.494675208814442,200,2.002,
12.501778374891728,200,1.084,
12.512257083784789,200,0.85,
12.520261874888092,200,1.053,
12.534809291828424,200,1.1,
12.542465459089726,200,1.737,
12.552207124885172,200,1.481,
12.561580458655953,200,1.469,
12.575952291954309,200,2.225,
12.581631625071168,200,1.655,
12.593914417084306,200,1.605,
12.602432542014867,200,3.839,
12.61115379165858,200,1.039,
12.62199345882982,200,1.197,
12.633702249731869,200,1.97,
12.64173287479207,200,2.265,
12.65188629180193,200,5.513,
12.662555833812803,200,1.492,
12.670361416880041,200,2.423,
12.680511875078082,200,0.935,
12.691421374678612,200,1.602,
12.704089083708823,200,1.497,
12.712096916977316,200,0.918,
12.720796166919172,200,1.079,
12.73449550010264,200,1.295,
12.742595124989748,200,1.483,
12.75245266687125,200,1.356,
12.763597874902189,200,0.944,
12.773005709052086,200,0.763,
12.780049624852836,200,0.755,
12.794924709014595,200,0.808,
12.801468125078827,200,0.697,
12.810845791827887,200,0.669,
12.822175208944827,200,0.565,
12.833845166955143,200,0.821,
12.842886958736926,200,0.704,
12.853409375064075,200,0.717,
12.863220083992928,200,0.791,
12.871219874825329,200,0.693,
12.884332041721791,200,0.77,
12.892781042028219,200,0.789,
12.9003937500529,200,0.968,
12.911576542071998,200,0.978,
12.92403604183346,200,1.148,
12.932774709071964,200,0.627,
12.94307416677475,200,0.814,
12.950758291874081,200,0.623,
12.96094945864752,200,0.75,
12.974469291977584,200,0.707,
12.982063541654497,200,0.795,
12.993911666795611,200,0.839,
13.0029935836792,200,0.709,
13.01185379177332,200,0.704,
13.024023625068367,200,0.809,
13.03198937466368,200,1.0,
13.042462749872357,200,1.066,
13.053718166891485,200,0.974,
13.061457541771233,200,1.444,
13.074231625068933,200,2.383,
13.082434583920985,200,1.287,
13.093614416662604,200,1.395,
13.102680209092796,200,1.82,
13.113456999883056,200,1.814,
13.123042542021722,200,1.196,
13.13072470901534,200,1.214,
13.143446541856974,200,2.101,
13.152200459036976,200,6.632,
13.160647375043482,200,1.072,
13.174592166673392,200,1.097,
13.182658249977976,200,2.082,
13.192356874700636,200,7.797,
13.203749541658908,200,1.249,
13.212965583894402,200,0.825,
13.220472499728203,200,0.816,
13.23467458365485,200,0.709,
13.242287541739643,200,0.67,
13.252437917049974,200,0.736,
13.263727958779782,200,0.998,
13.273008458781987,200,1.24,
13.280867042019963,200,1.08,
13.293609333690256,200,0.813,
13.302834291942418,200,0.894,
13.313497583847493,200,0.834,
13.322008959017694,200,0.89,
13.333935166709125,200,0.986,
13.341840624809265,200,0.883,
13.351966666989028,200,0.891,
13.363958791829646,200,1.717,
13.37295649992302,200,1.56,
13.381813500076532,200,0.984,
13.390585999935865,200,0.936,
13.404624375049025,200,1.138,
13.412582291755825,200,0.848,
13.421130874659866,200,0.924,
13.434359499718994,200,0.907,
13.442766208667308,200,2.03,
13.453100916929543,200,1.419,
13.46066699968651,200,1.356,
13.470475666690618,200,1.571,
13.482049124781042,200,1.035,
13.490107750054449,200,1.773,
13.501864041667432,200,1.33,
13.513334874995053,200,1.049,
13.523219249676913,200,1.081,
13.533309000078589,200,1.135,
13.541654583998024,200,2.091,
13.551734124775976,200,1.035,
13.564076374750584,200,1.518,
13.572662584017962,200,1.471,
13.583635499700904,200,2.189,
13.593061000108719,200,1.786,
13.603344374801964,200,1.206,
13.610957792028785,200,1.148,
13.62344333389774,200,0.715,
13.63320849975571,200,0.691,
13.643347667064518,200,0.755,
13.651910542044789,200,0.81,
13.663963333703578,200,0.907,
13.672060667071491,200,1.273,
13.683829749934375,200,1.018,
13.691613999661058,200,1.177,
13.70227595884353,200,0.886,
13.713717124890536,200,0.773,
13.723063666839153,200,0.99,
13.73337662499398,200,0.954,
13.74183383397758,200,0.748,
13.753927583806217,200,1.019,
13.762906333897263,200,0.885,
13.773472750093788,200,0.715,
13.780518834013492,200,0.852,
13.794667209032923,200,0.884,
13.802290124818683,200,0.752,
13.812594624701887,200,0.74,
13.823648666962981,200,0.758,
13.831094666849822,200,1.082,
13.844310708809644,200,0.808,
13.852771209087223,200,0.91,
13.863543916959316,200,0.975,
13.873157874681056,200,0.992,
13.882384666707367,200,0.898,
13.890051041729748,200,2.017,
13.900040458887815,200,1.394,
13.912332208827138,200,1.757,
13.920480041764677,200,1.041,
13.934624250046909,200,1.368,
13.942456999793649,200,1.681,
13.950235083699226,200,1.463,
13.96470974991098,200,1.097,
13.972344541922212,200,0.834,
13.983765666838735,200,0.889,
13.991406708955765,200,0.832,
14.00345587497577,200,0.896,
14.011004749685526,200,0.9,
14.022312708664685,200,0.827,
14.03312374977395,200,0.644,
14.04334224993363,200,0.707,
14.05314016668126,200,0.743,
14.063363666646183,200,0.714,
14.071158166974783,200,0.611,
14.084389375057071,200,0.802,
14.092025625053793,200,0.75,
14.10240999981761,200,0.832,
14.113734416663647,200,0.871,
14.123046624939889,200,0.915,
14.13300837483257,200,0.989,
14.140731709077954,200,0.857,
14.1545638339594,200,0.968,
14.160385708790272,200,1.018,
14.17478358373046,200,1.765,
14.180178166832775,200,0.869,
14.194848249666393,200,1.77,
14.201741416938603,200,1.32,
14.212261499837041,200,1.077,
14.223803624976426,200,1.784,
14.23147691693157,200,1.299,
14.243841167073697,200,1.794,
14.251199583988637,200,1.022,
14.261818833649158,200,1.508,
14.272880208678544,200,1.377,
14.280864333733916,200,1.378,
14.291491166688502,200,1.325,
14.300990167073905,200,1.997,
14.312580042053014,200,0.873,
14.325048292055726,200,1.709,
14.33220712468028,200,1.594,
14.34343016706407,200,1.335,
14.351018583867699,200,1.621,
14.363958166912198,200,1.998,
14.372709291987121,200,1.693,
14.380771209020168,200,1.256,
14.391827249899507,200,0.781,
14.402866750024259,200,6.97,
14.410668124910444,200,1.084,
14.422145958989859,200,0.871,
14.43380670901388,200,0.698,
14.442969124764204,200,0.763,
14.451079833786935,200,0.756,
14.463994625024498,200,0.782,
14.47171049984172,200,0.743,
14.482012291904539,200,0.867,
14.49339916696772,200,0.705,
14.501733666751534,200,0.772,
14.510619708802551,200,0.579,
14.524657249916345,200,0.589,
14.53258770890534,200,0.571,
14.543647416867316,200,0.52,
14.55312362499535,200,0.49,
14.563372917007655,200,0.618,
14.57297983393073,200,0.478,
14.580553750041872,200,0.562,
14.590934624895453,200,0.881,
14.604446833953261,200,1.001,
14.61265291692689,200,0.821,
14.621419999748468,200,0.827,
14.63416170887649,200,0.842,
14.640778792090714,200,0.804,
14.652561166789383,200,0.706,
14.660162333864719,200,0.938,
14.67023808369413,200,0.766,
14.681598959024996,200,0.883,
14.690833250060678,200,0.948,
14.704508458729833,200,0.946,
14.71217199973762,200,0.954,
14.722521542105824,200,0.839,
14.73367258394137,200,0.76,
14.740628874860704,200,0.963,
14.754595541860908,200,0.883,
14.762116916943341,200,0.874,
14.770984708797187,200,0.854,
14.784438708797097,200,0.963,
14.790046124719083,200,0.909,
14.804877541959286,200,0.802,
14.811171249952167,200,0.705,
14.824145416729152,200,0.633,
14.832734874915332,200,0.762,
14.84162983391434,200,0.635,
14.851924959104508,200,0.715,
14.863745708949864,200,0.841,
14.87101083388552,200,0.915,
14.880490791983902,200,0.837,
14.894683749880642,200,0.814,
14.900896959006786,200,0.704,
14.91336466697976,200,1.549,
14.923073541838676,200,1.266,
14.931738083716482,200,0.859,
14.942893583793193,200,0.837,
14.951730374712497,200,0.787,
14.962138999719173,200,0.681,
14.973886291962117,200,0.702,
14.981505583971739,200,0.642,
14.99419645871967,200,0.796,
15.002302125096321,200,0.689,
15.01379020884633,200,0.746,
15.020519958809018,200,0.869,
15.034655124880373,200,0.794,
15.042607124894857,200,0.961,
15.05024474998936,200,1.125,
15.063068416900933,200,0.863,
15.070724041666836,200,0.993,
15.084579458925873,200,2.072,
15.092316041700542,200,1.076,
15.103769791778177,200,2.058,
15.1128695840016,200,1.198,
15.122397916857153,200,1.205,
15.13267583400011,200,1.073,
15.143596041947603,200,1.588,
15.152661333791912,200,4.82,
15.16282220883295,200,1.388,
15.172938083764166,200,1.014,
15.183464542031288,200,1.933,
15.192783999722451,200,1.413,
15.200809333939105,200,1.384,
15.213585583958775,200,2.141,
15.221850124653429,200,1.318,
15.23390099965036,200,0.832,
15.241929833777249,200,0.939,
15.25387379201129,200,1.145,
15.261969292070717,200,1.082,
15.272358249872923,200,1.27,
15.281558708753437,200,1.149,
15.293350792024285,200,1.186,
15.302324125077575,200,1.843,
15.311046584043652,200,1.379,
15.320536416955292,200,8.861,
15.332825874909759,200,1.008,
15.34050316689536,200,1.925,
15.351449583657086,200,1.957,
15.36116487486288,200,1.295,
15.376744499895722,200,1.02,
15.381357959005982,200,1.208,
15.39271566690877,200,1.052,
15.400396708864719,200,0.877,
15.414603000041097,200,1.415,
15.422468166798353,200,0.939,
15.43369183409959,200,0.889,
15.440542083699256,200,0.887,
15.4546679998748,200,0.915,
15.462287666741759,200,0.896,
15.472692917101085,200,0.934,
15.480352709069848,200,1.222,
15.495306708849967,200,1.658,
15.501842333935201,200,1.511,
15.511448083911091,200,1.754,
15.520066416822374,200,1.115,
15.533814374823123,200,1.541,
15.542764458805323,200,2.093,
15.55126866698265,200,1.224,
15.564265166874975,200,0.832,
15.571903791744262,200,0.926,
15.582315458916128,200,1.793,
15.59101195866242,200,1.999,
15.603897749911994,200,1.502,
15.612904416862875,200,1.014,
15.629345291759819,200,1.975,
15.630388708785176,200,1.44,
15.644635749980807,200,1.571,
15.651561874896288,200,1.69,
15.661330542061478,200,1.33,
15.671454249881208,200,0.954,
15.682581166736782,200,1.566,
15.693537875078619,200,1.797,
15.700571208726615,200,1.488,
15.714465541765094,200,1.2,
15.72060020873323,200,0.936,
15.731607499998063,200,1.235,
15.742867999710143,200,1.286,
15.750914624892175,200,1.058,
15.762374584097415,200,2.916,
15.77206562506035,200,1.266,
15.78010066691786,200,1.672,
15.793952709063888,200,1.195,
15.801771374884993,200,1.117,
15.813998375087976,200,1.295,
15.820789250079542,200,9.031,
15.830203250050545,200,1.757,
15.840495249722153,200,1.04,
15.852778166998178,200,0.79,
15.861773791722953,200,0.694,
15.870671666692942,200,0.594,
15.884615083690733,200,1.932,
15.890166958793998,200,1.119,
15.910092124715447,200,2.478,
15.910489583853632,200,2.492,
15.924207292031497,200,1.491,
15.932598541956395,200,0.83,
15.943586375098675,200,0.783,
15.952384917065501,200,0.762,
15.963672749698162,200,0.767,
15.970414584036916,200,0.779,
15.98356212489307,200,0.655,
15.992148667108268,200,0.781,
16.00377312488854,200,0.658,
16.012994249816984,200,0.738,
16.023151875007898,200,0.739,
16.03141341684386,200,0.898,
16.043016499839723,200,2.036,
16.054201958701015,200,3.607,
16.06014999980107,200,1.673,
16.070250999648124,200,1.959,
16.080772208981216,200,1.299,
16.09118749992922,200,0.973,
16.1037825839594,200,0.756,
16.112396333832294,200,0.718,
16.122219916898757,200,0.771,
16.133764249738306,200,0.722,
16.143025083933026,200,0.645,
16.15063212485984,200,0.604,
16.162130875047296,200,0.823,
16.172658124938607,200,0.671,
16.181765499990433,200,0.698,
16.19187558395788,200,0.648,
16.20107337506488,200,0.705,
16.211601709015667,200,0.71,
16.22411054186523,200,0.621,
16.232895249966532,200,0.582,
16.241717875003815,200,0.547,
16.253973874729127,200,0.543,
16.261925959028304,200,0.503,
16.273992999922484,200,0.643,
16.28194766677916,200,0.633,
16.2939572497271,200,0.623,
16.30030120909214,200,0.521,
16.313204667065293,200,0.699,
16.323269583750516,200,0.769,
16.330952750053257,200,0.631,
16.341462041717023,200,0.705,
16.35418154206127,200,0.715,
16.36192062497139,200,0.467,
16.37398049980402,200,0.527,
16.38294641673565,200,0.466,
16.39347133366391,200,0.683,
16.400427292101085,200,0.579,
16.41151220910251,200,0.67,
16.42413991689682,200,0.603,
16.432352708652616,200,0.541,
16.44214929174632,200,0.454,
16.45388612477109,200,0.538,
16.46300558373332,200,0.719,
16.47068808367476,200,0.572,
16.48410520888865,200,0.518,
16.492879166733474,200,0.533,
16.502000083681196,200,0.49,
16.511491499841213,200,0.663,
16.52419462474063,200,0.821,
16.53118629194796,200,0.714,
16.543091875035316,200,0.753,
16.552516999654472,200,0.707,
16.56330379191786,200,0.675,
16.57216141698882,200,0.648,
16.582454166840762,200,0.781,
16.593669916968793,200,0.687,
16.600615916773677,200,0.719,
16.614628084003925,200,0.793,
16.620013458654284,200,1.119,
16.63265341706574,200,0.972,
16.64359054202214,200,1.042,
16.65312874969095,200,0.98,
16.663387834094465,200,1.876,
16.670453916769475,200,1.439,
16.68416479183361,200,1.628,
16.69264891697094,200,2.05,
16.701115666888654,200,1.309,
16.714328499976546,200,1.768,
16.720304416958243,200,1.546,
16.733665249776095,200,1.33,
16.742952833883464,200,1.177,
16.753424124792218,200,1.618,
16.763089791871607,200,1.086,
16.77047637477517,200,0.956,
16.784543917048723,200,0.898,
16.792261333670467,200,1.119,
16.803709999658167,200,1.128,
16.810870083980262,200,1.034,
16.820024333894253,200,0.708,
16.832901208661497,200,1.798,
16.841664083767682,200,1.072,
16.850926791783422,200,1.727,
16.863751417025924,200,1.529,
16.870452916715294,200,0.758,
16.88415745878592,200,1.995,
16.891725542023778,200,1.075,
16.90384720871225,200,3.555,
16.91184224979952,200,1.516,
16.920930708758533,200,2.051,
16.932326583657414,200,1.361,
16.943672666791826,200,1.066,
16.95290270866826,200,0.893,
16.96055637486279,200,0.963,
16.973996916785836,200,0.997,
16.982928291894495,200,1.845,
16.990039666648954,200,1.074,
17.002473749686033,200,3.481,
17.01143320882693,200,1.207,
17.02223787503317,200,1.72,
17.033654124941677,200,1.794,
17.04473933391273,200,2.287,
17.051708541810513,200,1.174,
17.06026020878926,200,0.915,
17.08326454181224,200,2.112,
17.086052416823804,200,1.894,
17.09049416705966,200,0.81,
17.104129541665316,200,0.738,
17.112894999794662,200,2.304,
17.122118666768074,200,2.022,
17.1321889590472,200,1.421,
17.143461958970875,200,1.019,
17.15114308381453,200,8.898,
17.16433766670525,200,0.806,
17.171984458807856,200,0.779,
17.183922541793436,200,0.9,
17.19294691691175,200,0.825,
17.203458374831825,200,3.182,
17.211583208758384,200,1.101,
17.222170749679208,200,0.875,
17.230977708939463,200,0.814,
17.244433166924864,200,1.235,
17.251544499769807,200,1.731,
17.260787500068545,200,0.901,
17.274545916821808,200,2.814,
17.28155199997127,200,0.805,
17.294178625103086,200,1.686,
17.30167324980721,200,1.238,
17.313870541751385,200,1.188,
17.320609708782285,200,1.772,
17.333663041703403,200,3.463,
17.34281820897013,200,1.419,
17.35045887483284,200,1.505,
17.360610417090356,200,0.982,
17.373151416890323,200,1.338,
17.38307416671887,200,1.245,
17.392708291765302,200,2.122,
17.403353958856314,200,1.906,
17.410103959031403,200,0.873,
17.42478479165584,200,1.209,
17.431313874665648,200,1.222,
17.44417833397165,200,1.502,
17.452582249883562,200,2.491,
17.460874042008072,200,1.085,
17.47225695895031,200,1.352,
17.48357674991712,200,1.897,
17.49373770877719,200,1.029,
17.5027177920565,200,1.46,
17.511875583790243,200,1.094,
17.523969917092472,200,1.239,
17.532889749854803,200,1.207,
17.543590041808784,200,2.169,
17.551729999948293,200,1.106,
17.563874416984618,200,0.754,
17.57063587475568,200,1.35,
17.58006929187104,200,1.381,
17.59395333379507,200,2.089,
17.602839458733797,200,1.199,
17.612777750007808,200,1.187,
17.62125362502411,200,2.669,
17.63135779183358,200,1.285,
17.644230166915804,200,1.755,
17.65199595876038,200,1.282,
17.662013999652117,200,1.351,
17.670610583852977,200,1.016,
17.68458199966699,200,1.239,
17.69045141665265,200,1.247,
17.70378295890987,200,1.829,
17.71177912503481,200,1.772,
17.723612084053457,200,1.435,
17.730984875001013,200,1.301,
17.7416525837034,200,1.349,
17.75082474993542,200,1.056,
17.76185266673565,200,1.023,
17.77436170866713,200,1.647,
17.78205637494102,200,1.334,
17.79479033406824,200,1.103,
17.802339625079185,200,0.961,
17.813762874808162,200,1.276,
17.820451874751598,200,8.649,
17.834068833850324,200,1.111,
17.841757250018418,200,1.81,
17.85095529165119,200,2.233,
17.86255383398384,200,1.972,
17.870363333728164,200,1.091,
17.88126750010997,200,0.92,
17.89041154179722,200,0.852,
17.90170287480578,200,0.732,
17.912731208838522,200,0.632,
17.9219901249744,200,0.666,
17.932771292049438,200,0.799,
17.94110362464562,200,0.698,
17.95079541672021,200,0.629,
17.964054374955595,200,0.584,
17.97291662497446,200,0.544,
17.980521583929658,200,0.645,
17.99466137494892,200,0.787,
18.00256137503311,200,0.642,
18.010161959100515,200,0.644,
18.02454304182902,200,0.696,
18.031319833826274,200,0.645,
18.041491833981127,200,0.631,
18.05418441677466,200,0.761,
18.06284329202026,200,0.752,
18.070450499653816,200,0.682,
18.08259016694501,200,1.045,
18.093627833761275,200,0.845,
18.103117417078465,200,1.632,
18.110824292059988,200,1.243,
18.121287666726857,200,1.434,
18.131005709059536,200,1.172,
18.14327745884657,200,0.789,
18.153228874783963,200,0.644,
18.162022874690592,200,0.722,
18.171119458973408,200,1.108,
18.181897416710854,200,0.88,
18.191538209095597,200,0.762,
18.20381895871833,200,0.705,
18.211861916817725,200,0.694,
18.221155374776572,200,2.47,
18.23243133397773,200,1.024,
18.24367345869541,200,0.697,
18.25305304210633,200,0.556,
18.26066662510857,200,0.581,
18.274625834077597,200,0.685,
18.28261512471363,200,0.662,
18.290203916840255,200,0.472,
18.300059291999787,200,0.774,
18.31284304196015,200,0.848,
18.32313641672954,200,0.746,
18.333369750063866,200,0.825,
18.34318616706878,200,0.702,
18.35084154177457,200,0.609,
18.364524291828275,200,0.694,
18.370349291712046,200,0.701,
18.384714416693896,200,0.727,
18.390334459021688,200,0.695,
18.400312459096313,200,0.43,
18.41322304168716,200,0.472,
18.421428916975856,200,0.713,
18.43185970885679,200,0.716,
18.443971541710198,200,0.705,
18.45166345871985,200,0.593,
18.46096641710028,200,0.585,
18.471364916767925,200,0.458,
18.484257083851844,200,0.5,
18.491861416958272,200,0.522,
18.502351666800678,200,0.52,
18.51009283401072,200,0.537,
18.524921209085733,200,0.577,
18.532473125029355,200,0.611,
18.54369662469253,200,0.493,
18.552046624943614,200,0.628,
18.563917709048837,200,0.67,
18.57289516692981,200,0.492,
18.580528459046036,200,0.606,
18.59467316698283,200,0.707,
18.602621333673596,200,0.675,
18.613635916728526,200,0.815,
18.62311724992469,200,0.648,
18.63205129187554,200,0.777,
18.641439042054117,200,0.952,
18.654244791716337,200,0.957,
18.662217041943222,200,1.349,
18.670108791906387,200,0.832,
18.684880958870053,200,1.114,
18.69008000008762,200,0.684,
18.704400499816984,200,0.854,
18.71128391707316,200,0.819,
18.724206834100187,200,0.805,
18.732819166965783,200,0.841,
18.740865749772638,200,0.836,
18.753779416903853,200,1.293,
18.760182125028223,200,0.786,
18.771126166917384,200,0.785,
18.78437116695568,200,0.819,
18.792734416667372,200,0.826,
18.803559499792755,200,0.816,
18.813115333672613,200,1.116,
18.82294979179278,200,0.73,
18.83346475008875,200,0.896,
18.840966458898038,200,0.85,
18.852202042005956,200,0.766,
18.863844624720514,200,1.049,
18.871594874653965,200,0.854,
18.883187541738153,200,1.164,
18.893263124860823,200,1.089,
18.903264249674976,200,1.02,
18.911965624894947,200,0.692,
18.921039999928325,200,1.08,
18.934401291888207,200,1.384,
18.942474917043,200,1.019,
18.951888042036444,200,2.687,
18.960070624947548,200,0.71,
18.974913334008306,200,0.834,
18.981143292039633,200,0.769,
18.994368124753237,200,1.625,
19.00234933383763,200,1.053,
19.013739499729127,200,0.98,
19.020792291965336,200,0.979,
19.032009459100664,200,2.106,
19.043848250061274,200,2.245,
19.05033920891583,200,1.333,
19.063472624868155,200,1.142,
19.073035083711147,200,2.37,
19.08114808378741,200,3.27,
19.09336204174906,200,1.265,
19.10106141678989,200,2.129,
19.112903833854944,200,1.907,
19.12334370892495,200,1.197,
19.13319699978456,200,4.01,
19.143270916771144,200,1.261,
19.151124791707844,200,1.789,
19.1621768749319,200,1.797,
19.17056745896116,200,1.343,
19.183258458971977,200,1.2,
19.193130791652948,200,1.29,
19.20073633408174,200,0.978,
19.212827666662633,200,1.622,
19.223304833751172,200,1.164,
19.233201750088483,200,1.004,
19.24321245867759,200,2.28,
19.251694167032838,200,0.924,
19.26287095900625,200,1.181,
19.27326758392155,200,1.991,
19.28292587492615,200,2.087,
19.294423333834857,200,1.392,
19.302611958701164,200,2.797,
19.310143458656967,200,1.195,
19.32360391691327,200,1.226,
19.331317875068635,200,1.805,
19.341438916977495,200,10.392,
19.352982624899596,200,1.253,
19.363184459041804,200,1.036,
19.3710333337076,200,1.796,
19.381125833839178,200,1.535,
19.39026041701436,200,1.511,
19.40380616672337,200,3.443,
19.41127520892769,200,2.199,
19.42044529179111,200,1.099,
19.4323177090846,200,1.051,
19.443746791686863,200,1.268,
19.452569250017405,200,0.924,
19.460068333894014,200,1.04,
19.470034250058234,200,0.63,
19.482260749675333,200,1.194,
19.495139291975647,200,1.571,
19.502174583729357,200,3.107,
19.51369412476197,200,0.996,
19.520875750109553,200,1.813,
19.533654666971415,200,0.76,
19.541358249727637,200,0.788,
19.554165916983038,200,1.041,
19.56177083402872,200,1.002,
19.57283045910299,200,1.01,
19.581503875087947,200,1.686,
19.593500250019133,200,1.866,
19.600424666889012,200,2.015,
19.61350795906037,200,1.843,
19.626935166772455,200,1.872,
19.631386999972165,200,1.103,
19.641290667001158,200,1.168,
19.660743416752666,200,4.064,
19.662351083941758,200,3.571,
19.670145583804697,200,1.074,
19.680051541887224,200,1.028,
19.69386316696182,200,0.758,
19.702989167068154,200,0.819,
19.71174587495625,200,0.893,
19.72400191705674,200,0.623,
19.73159220907837,200,0.809,
19.741369874682277,200,0.812,
19.754228834062815,200,0.88,
19.761859874706715,200,0.835,
19.772012708708644,200,0.855,
19.78390816692263,200,0.859,
19.792893666774035,200,1.131,
19.80005866708234,200,1.114,
19.810759166721255,200,1.27,
19.8244962496683,200,1.041,
19.830885000061244,200,0.767,
19.84447770891711,200,0.773,
19.852687374688685,200,0.998,
19.86268987506628,200,0.932,
19.872281374875456,200,1.102,
19.883766083978117,200,0.835,
19.89245737483725,200,0.735,
19.901166416704655,200,0.804,
19.914359292015433,200,1.262,
19.92225145874545,200,1.221,
19.930615541990846,200,1.072,
19.943777708802372,200,1.307,
19.950879416894168,200,0.834,
19.960927959065884,200,1.084,
19.97195704188198,200,0.799,
19.983944416977465,,0.474,ConnectionResetError:[Errno 54] Connection reset by peer
19.991168916691095,,0.218,ConnectionRefusedError:[Errno 61] Connection refused
20.00432529207319,,0.198,ConnectionRefusedError:[Errno 61] Connection refused
20.01255750004202,,0.156,ConnectionRefusedError:[Errno 61] Connection refused
20.023674000054598,,0.2,ConnectionRefusedError:[Errno 61] Connection refused
20.033098791725934,,0.139,ConnectionRefusedError:[Errno 61] Connection refused
20.04085541702807,,0.159,ConnectionRefusedError:[Errno 61] Connection refused
20.05452779168263,,0.188,ConnectionRefusedError:[Errno 61] Connection refused
20.060597541742027,,0.141,ConnectionRefusedError:[Errno 61] Connection refused
20.074634208809584,,0.187,ConnectionRefusedError:[Errno 61] Connection refused
20.082267208956182,,0.174,ConnectionRefusedError:[Errno 61] Connection refused
20.09062295872718,,0.146,ConnectionRefusedError:[Errno 61] Connection refused
20.104643374681473,,0.205,ConnectionRefusedError:[Errno 61] Connection refused
20.112334958743304,,0.142,ConnectionRefusedError:[Errno 61] Connection refused
20.12354858405888,,0.189,ConnectionRefusedError:[Errno 61] Connection refused
20.131260708905756,,0.156,ConnectionRefusedError:[Errno 61] Connection refused
20.14431866677478,,0.154,ConnectionRefusedError:[Errno 61] Connection refused
20.1519398749806,,0.135,ConnectionRefusedError:[Errno 61] Connection refused
20.16398441698402,,0.174,ConnectionRefusedError:[Errno 61] Connection refused
20.172953417059034,,0.134,ConnectionRefusedError:[Errno 61] Connection refused
20.180576958693564,,0.137,ConnectionRefusedError:[Errno 61] Connection refused
20.194653291720897,,0.148,ConnectionRefusedError:[Errno 61] Connection refused
20.20160320866853,,0.116,ConnectionRefusedError:[Errno 61] Connection refused
20.214138709008694,,0.23,ConnectionRefusedError:[Errno 61] Connection refused
20.221889792010188,,0.192,ConnectionRefusedError:[Errno 61] Connection refused
20.232667083851993,,0.136,ConnectionRefusedError:[Errno 61] Connection refused
20.24360837507993,,0.202,ConnectionRefusedError:[Errno 61] Connection refused
20.250812416896224,,0.151,ConnectionRefusedError:[Errno 61] Connection refused
20.264523500110954,,0.138,ConnectionRefusedError:[Errno 61] Connection refused
20.272677874658257,,0.222,ConnectionRefusedError:[Errno 61] Connection refused
20.282924166880548,,0.304,ConnectionRefusedError:[Errno 61] Connection refused
20.29071137495339,,0.254,ConnectionRefusedError:[Errno 61] Connection refused
20.303526292089373,,0.22,ConnectionRefusedError:[Errno 61] Connection refused
20.31316133402288,,0.195,ConnectionRefusedError:[Errno 61] Connection refused
20.323344708885998,,0.245,ConnectionRefusedError:[Errno 61] Connection refused
20.333253541961312,,0.4,ConnectionRefusedError:[Errno 61] Connection refused
20.34122220892459,,0.267,ConnectionRefusedError:[Errno 61] Connection refused
20.354313584044576,,0.543,ConnectionRefusedError:[Errno 61] Connection refused
20.361327583901584,,0.424,ConnectionRefusedError:[Errno 61] Connection refused
20.378548374865204,,0.703,ConnectionRefusedError:[Errno 61] Connection refused
20.380131291691214,,0.424,ConnectionRefusedError:[Errno 61] Connection refused
20.392807916738093,,1.374,ConnectionRefusedError:[Errno 61] Connection refused
20.403256041929126,,2.157,ConnectionRefusedError:[Errno 61] Connection refused
20.410763166844845,,0.263,ConnectionRefusedError:[Errno 61] Connection refused
20.42452433379367,,0.497,ConnectionRefusedError:[Errno 61] Connection refused
20.43240649998188,,0.409,ConnectionRefusedError:[Errno 61] Connection refused
20.4425746249035,,0.251,ConnectionRefusedError:[Errno 61] Connection refused
20.45111016696319,,0.525,ConnectionRefusedError:[Errno 61] Connection refused
20.46177445910871,,0.57,ConnectionRefusedError:[Errno 61] Connection refused
20.471455624792725,,0.396,ConnectionRefusedError:[Errno 61] Connection refused
20.484043624717742,,0.611,ConnectionRefusedError:[Errno 61] Connection refused
20.49283679202199,,0.299,ConnectionRefusedError:[Errno 61] Connection refused
20.500503541901708,,0.325,ConnectionRefusedError:[Errno 61] Connection refused
20.514508625026792,,0.273,ConnectionRefusedError:[Errno 61] Connection refused
20.52232141699642,,0.302,ConnectionRefusedError:[Errno 61] Connection refused
20.531119708903134,,0.484,ConnectionRefusedError:[Errno 61] Connection refused
20.541674583684653,,0.593,ConnectionRefusedError:[Errno 61] Connection refused
20.55595766706392,,0.305,ConnectionRefusedError:[Errno 61] Connection refused
20.561581499874592,,0.241,ConnectionRefusedError:[Errno 61] Connection refused
20.570125584024936,,0.229,ConnectionRefusedError:[Errno 61] Connection refused
20.5812295419164,,0.23,ConnectionRefusedError:[Errno 61] Connection refused
20.594177375081927,,0.27,ConnectionRefusedError:[Errno 61] Connection refused
20.602016708813608,,0.229,ConnectionRefusedError:[Errno 61] Connection refused
20.610127334017307,,0.216,ConnectionRefusedError:[Errno 61] Connection refused
20.6221024999395,,0.219,ConnectionRefusedError:[Errno 61] Connection refused
20.632573749870062,,0.267,ConnectionRefusedError:[Errno 61] Connection refused
20.64323858404532,,0.332,ConnectionRefusedError:[Errno 61] Connection refused
20.650663708802313,,0.276,ConnectionRefusedError:[Errno 61] Connection refused
20.665139666758478,,0.754,ConnectionRefusedError:[Errno 61] Connection refused
20.671895375009626,,0.286,ConnectionRefusedError:[Errno 61] Connection refused
20.68388199992478,,0.302,ConnectionRefusedError:[Errno 61] Connection refused
20.69289058400318,,0.223,ConnectionRefusedError:[Errno 61] Connection refused
20.700721791945398,,0.206,ConnectionRefusedError:[Errno 61] Connection refused
20.714553624857217,,0.298,ConnectionRefusedError:[Errno 61] Connection refused
20.720020750071853,,0.132,ConnectionRefusedError:[Errno 61] Connection refused
20.732798541896045,,0.252,ConnectionRefusedError:[Errno 61] Connection refused
20.74323616689071,,0.326,ConnectionRefusedError:[Errno 61] Connection refused
20.75002474989742,,0.255,ConnectionRefusedError:[Errno 61] Connection refused
20.7648726250045,,0.361,ConnectionRefusedError:[Errno 61] Connection refused
20.772169958800077,,0.298,ConnectionRefusedError:[Errno 61] Connection refused
20.780983791686594,,0.266,ConnectionRefusedError:[Errno 61] Connection refused
20.796658500097692,,0.271,ConnectionRefusedError:[Errno 61] Connection refused
20.80134466709569,,0.196,ConnectionRefusedError:[Errno 61] Connection refused
20.814223874825984,,0.264,ConnectionRefusedError:[Errno 61] Connection refused
20.822779749985784,,0.224,ConnectionRefusedError:[Errno 61] Connection refused
20.832309084013104,,0.282,ConnectionRefusedError:[Errno 61] Connection refused
20.843735249713063,,0.278,ConnectionRefusedError:[Errno 61] Connection refused
20.85006137471646,,0.276,ConnectionRefusedError:[Errno 61] Connection refused
20.865236833691597,,0.643,ConnectionRefusedError:[Errno 61] Connection refused
20.87558325007558,,1.234,ConnectionRefusedError:[Errno 61] Connection refused
20.881282083690166,,0.265,ConnectionRefusedError:[Errno 61] Connection refused
20.891153583768755,,0.301,ConnectionRefusedError:[Errno 61] Connection refused
20.903009541798383,,0.304,ConnectionRefusedError:[Errno 61] Connection refused
20.911391959059983,,0.523,ConnectionRefusedError:[Errno 61] Connection refused
20.923837292008102,,0.487,ConnectionRefusedError:[Errno 61] Connection refused
20.932053541764617,,0.247,ConnectionRefusedError:[Errno 61] Connection refused
20.9438846250996,,0.381,ConnectionRefusedError:[Errno 61] Connection refused
20.951908208895475,,0.218,ConnectionRefusedError:[Errno 61] Connection refused
20.960839584004134,,0.424,ConnectionRefusedError:[Errno 61] Connection refused
20.970948124770075,,0.305,ConnectionRefusedError:[Errno 61] Connection refused
20.98284204211086,,0.345,ConnectionRefusedError:[Errno 61] Connection refused
20.99295666674152,,0.456,ConnectionRefusedError:[Errno 61] Connection refused
21.003393166698515,,0.593,ConnectionRefusedError:[Errno 61] Connection refused
21.0109726251103,,0.158,ConnectionRefusedError:[Errno 61] Connection refused
21.020744083914906,,0.258,ConnectionRefusedError:[Errno 61] Connection refused
21.034501666668802,,0.223,ConnectionRefusedError:[Errno 61] Connection refused
21.042657542042434,,0.164,ConnectionRefusedError:[Errno 61] Connection refused
21.05144991679117,,0.163,ConnectionRefusedError:[Errno 61] Connection refused
21.06069629173726,,0.12,ConnectionRefusedError:[Errno 61] Connection refused
21.074534291867167,,0.19,ConnectionRefusedError:[Errno 61] Connection refused
21.08220020867884,,0.173,ConnectionRefusedError:[Errno 61] Connection refused
21.093848041724414,,0.361,ConnectionRefusedError:[Errno 61] Connection refused
21.101387166883796,,0.398,ConnectionRefusedError:[Errno 61] Connection refused
21.11389158386737,,0.336,ConnectionRefusedError:[Errno 61] Connection refused
21.12289791693911,,0.333,ConnectionRefusedError:[Errno 61] Connection refused
21.130672541912645,,0.316,ConnectionRefusedError:[Errno 61] Connection refused
21.145290958695114,,0.353,ConnectionRefusedError:[Errno 61] Connection refused
21.151883791666478,,0.433,ConnectionRefusedError:[Errno 61] Connection refused
21.16114041674882,,2.501,ConnectionRefusedError:[Errno 61] Connection refused
21.172624750062823,,0.436,ConnectionRefusedError:[Errno 61] Connection refused
21.180703833699226,,0.252,ConnectionRefusedError:[Errno 61] Connection refused
21.19451850000769,,0.484,ConnectionRefusedError:[Errno 61] Connection refused
21.201243083924055,,0.407,ConnectionRefusedError:[Errno 61] Connection refused
21.212791209109128,,0.536,ConnectionRefusedError:[Errno 61] Connection refused
21.22312824986875,,0.319,ConnectionRefusedError:[Errno 61] Connection refused
21.23082224978134,,0.171,ConnectionRefusedError:[Errno 61] Connection refused
21.24451404204592,,0.287,ConnectionRefusedError:[Errno 61] Connection refused
21.252492666710168,,0.308,ConnectionRefusedError:[Errno 61] Connection refused
21.263646749779582,,0.299,ConnectionRefusedError:[Errno 61] Connection refused
21.27145245904103,,0.483,ConnectionRefusedError:[Errno 61] Connection refused
21.28283091681078,,0.569,ConnectionRefusedError:[Errno 61] Connection refused
21.29282991681248,,0.53,ConnectionRefusedError:[Errno 61] Connection refused
21.30172554170713,,0.464,ConnectionRefusedError:[Errno 61] Connection refused
21.312747791875154,,0.489,ConnectionRefusedError:[Errno 61] Connection refused
21.328027667012066,,1.195,ConnectionRefusedError:[Errno 61] Connection refused
21.33018416678533,,0.416,ConnectionRefusedError:[Errno 61] Connection refused
21.34178458387032,,0.41,ConnectionRefusedError:[Errno 61] Connection refused
21.352003583684564,,0.479,ConnectionRefusedError:[Errno 61] Connection refused
21.362222916912287,,0.395,ConnectionRefusedError:[Errno 61] Connection refused
21.377441625110805,,0.618,ConnectionRefusedError:[Errno 61] Connection refused
21.380908667109907,,0.294,ConnectionRefusedError:[Errno 61] Connection refused
21.393939333967865,,0.427,ConnectionRefusedError:[Errno 61] Connection refused
21.40834550000727,,1.381,ConnectionRefusedError:[Errno 61] Connection refused
21.41221999982372,,0.459,ConnectionRefusedError:[Errno 61] Connection refused
21.423581209033728,,0.43,ConnectionRefusedError:[Errno 61] Connection refused
21.432940249796957,,0.229,ConnectionRefusedError:[Errno 61] Connection refused
21.442458875011653,,0.259,ConnectionRefusedError:[Errno 61] Connection refused
21.45363416709006,,0.226,ConnectionRefusedError:[Errno 61] Connection refused
21.461290166713297,,0.165,ConnectionRefusedError:[Errno 61] Connection refused
21.47430208371952,,0.181,ConnectionRefusedError:[Errno 61] Connection refused
21.480244958773255,,0.119,ConnectionRefusedError:[Errno 61] Connection refused
21.49100112495944,,0.157,ConnectionRefusedError:[Errno 61] Connection refused
21.50033799977973,,0.209,ConnectionRefusedError:[Errno 61] Connection refused
21.51127287466079,,0.186,ConnectionRefusedError:[Errno 61] Connection refused
21.523323708679527,,0.202,ConnectionRefusedError:[Errno 61] Connection refused
21.533145791850984,,0.186,ConnectionRefusedError:[Errno 61] Connection refused
21.543353208806366,,0.187,ConnectionRefusedError:[Errno 61] Connection refused
21.552009333856404,,0.162,ConnectionRefusedError:[Errno 61] Connection refused
21.563924124930054,,0.319,ConnectionRefusedError:[Errno 61] Connection refused
21.570710999891162,,0.174,ConnectionRefusedError:[Errno 61] Connection refused
21.58372495882213,,0.301,ConnectionRefusedError:[Errno 61] Connection refused
21.59153866674751,,0.3,ConnectionRefusedError:[Errno 61] Connection refused
21.602109875064343,,0.737,ConnectionRefusedError:[Errno 61] Connection refused
21.610575959086418,,0.244,ConnectionRefusedError:[Errno 61] Connection refused
21.62577479192987,,0.305,ConnectionRefusedError:[Errno 61] Connection refused
21.631877458654344,,0.252,ConnectionRefusedError:[Errno 61] Connection refused
21.640821541659534,,0.427,ConnectionRefusedError:[Errno 61] Connection refused
21.653203249908984,,0.29,ConnectionRefusedError:[Errno 61] Connection refused
21.660228834021837,,0.774,ConnectionRefusedError:[Errno 61] Connection refused
21.671828666701913,,0.324,ConnectionRefusedError:[Errno 61] Connection refused
21.683580624870956,,0.354,ConnectionRefusedError:[Errno 61] Connection refused
21.691833917051554,,0.25,ConnectionRefusedError:[Errno 61] Connection refused
21.70072958385572,,0.339,ConnectionRefusedError:[Errno 61] Connection refused
21.71059204172343,,0.309,ConnectionRefusedError:[Errno 61] Connection refused
21.724215666763484,,0.643,ConnectionRefusedError:[Errno 61] Connection refused
21.73047974985093,,0.309,ConnectionRefusedError:[Errno 61] Connection refused
21.741593333892524,,0.666,ConnectionRefusedError:[Errno 61] Connection refused
21.753789375070482,,0.341,ConnectionRefusedError:[Errno 61] Connection refused
21.76169729186222,,0.251,ConnectionRefusedError:[Errno 61] Connection refused
21.77406308380887,,0.219,ConnectionRefusedError:[Errno 61] Connection refused
21.781715292017907,,0.238,ConnectionRefusedError:[Errno 61] Connection refused
21.7938897497952,,0.305,ConnectionRefusedError:[Errno 61] Connection refused
21.801616333890706,,0.31,ConnectionRefusedError:[Errno 61] Connection refused
21.81176087493077,,0.275,ConnectionRefusedError:[Errno 61] Connection refused
21.820409958716482,,0.182,ConnectionRefusedError:[Errno 61] Connection refused
21.83418891672045,,0.252,ConnectionRefusedError:[Errno 61] Connection refused
21.842752041760832,,0.202,ConnectionRefusedError:[Errno 61] Connection refused
21.853107125032693,,0.401,ConnectionRefusedError:[Errno 61] Connection refused
21.86262849997729,,0.268,ConnectionRefusedError:[Errno 61] Connection refused
21.87064450001344,,0.267,ConnectionRefusedError:[Errno 61] Connection refused
21.882665833923966,,0.484,ConnectionRefusedError:[Errno 61] Connection refused
21.892782249953598,,0.46,ConnectionRefusedError:[Errno 61] Connection refused
21.903258542064577,,1.665,ConnectionRefusedError:[Errno 61] Connection refused
21.911956374999136,,0.405,ConnectionRefusedError:[Errno 61] Connection refused
21.920075874775648,,0.368,ConnectionRefusedError:[Errno 61] Connection refused
21.933909208979458,,0.384,ConnectionRefusedError:[Errno 61] Connection refused
21.94011720875278,,0.27,ConnectionRefusedError:[Errno 61] Connection refused
21.954790291842073,,0.324,ConnectionRefusedError:[Errno 61] Connection refused
21.960745833814144,,0.228,ConnectionRefusedError:[Errno 61] Connection refused
21.972849125042558,,0.179,ConnectionRefusedError:[Errno 61] Connection refused
21.98050587484613,,0.176,ConnectionRefusedError:[Errno 61] Connection refused
21.99314416665584,,0.523,ConnectionRefusedError:[Errno 61] Connection refused
22.000833791680634,,0.222,ConnectionRefusedError:[Errno 61] Connection refused
22.013044166844338,,0.269,ConnectionRefusedError:[Errno 61] Connection refused
22.02078349981457,,0.413,ConnectionRefusedError:[Errno 61] Connection refused
22.033648958895355,,0.329,ConnectionRefusedError:[Errno 61] Connection refused
22.0423772088252,,0.205,ConnectionRefusedError:[Errno 61] Connection refused
22.053728624712676,,0.55,ConnectionRefusedError:[Errno 61] Connection refused
22.060769458767027,,0.289,ConnectionRefusedError:[Errno 61] Connection refused
22.073211499955505,,0.735,ConnectionRefusedError:[Errno 61] Connection refused
22.083218791987747,,1.074,ConnectionRefusedError:[Errno 61] Connection refused
22.092907541897148,,0.53,ConnectionRefusedError:[Errno 61] Connection refused
22.103200333658606,,0.355,ConnectionRefusedError:[Errno 61] Connection refused
22.113168667070568,,0.307,ConnectionRefusedError:[Errno 61] Connection refused
22.123512791935354,,0.553,ConnectionRefusedError:[Errno 61] Connection refused
22.13291258364916,,0.406,ConnectionRefusedError:[Errno 61] Connection refused
22.141230084002018,,0.324,ConnectionRefusedError:[Errno 61] Connection refused
22.15380054200068,,0.534,ConnectionRefusedError:[Errno 61] Connection refused
22.161981124896556,,0.467,ConnectionRefusedError:[Errno 61] Connection refused
22.171572208870202,,0.378,ConnectionRefusedError:[Errno 61] Connection refused
22.181736041791737,,0.275,ConnectionRefusedError:[Errno 61] Connection refused
22.192822999786586,,0.397,ConnectionRefusedError:[Errno 61] Connection refused
22.202832874841988,,0.34,ConnectionRefusedError:[Errno 61] Connection refused
22.211588209029287,,0.317,ConnectionRefusedError:[Errno 61] Connection refused
22.222006584051996,,0.445,ConnectionRefusedError:[Errno 61] Connection refused
22.233067291788757,,0.276,ConnectionRefusedError:[Errno 61] Connection refused
22.242079209070653,,0.251,ConnectionRefusedError:[Errno 61] Connection refused
22.252298249863088,,0.306,ConnectionRefusedError:[Errno 61] Connection refused
22.26475629210472,,0.347,ConnectionRefusedError:[Errno 61] Connection refused
22.27045683376491,,0.357,ConnectionRefusedError:[Errno 61] Connection refused
22.282950500026345,,2.407,ConnectionRefusedError:[Errno 61] Connection refused
22.29389416705817,,0.559,ConnectionRefusedError:[Errno 61] Connection refused
22.30167445866391,,0.429,ConnectionRefusedError:[Errno 61] Connection refused
22.313990334048867,,0.251,ConnectionRefusedError:[Errno 61] Connection refused
22.32041508378461,,0.264,ConnectionRefusedError:[Errno 61] Connection refused
22.33998883375898,,0.999,ConnectionRefusedError:[Errno 61] Connection refused
22.340934083797038,,0.552,ConnectionRefusedError:[Errno 61] Connection refused
22.352331958711147,,0.229,ConnectionRefusedError:[Errno 61] Connection refused
22.36356716696173,,0.256,ConnectionRefusedError:[Errno 61] Connection refused
22.372986708767712,,0.521,ConnectionRefusedError:[Errno 61] Connection refused
22.383369458839297,,0.512,ConnectionRefusedError:[Errno 61] Connection refused
22.391978499945253,,0.475,ConnectionRefusedError:[Errno 61] Connection refused
22.402292999904603,,0.257,ConnectionRefusedError:[Errno 61] Connection refused
22.412448124960065,,0.512,ConnectionRefusedError:[Errno 61] Connection refused
22.420352458953857,,0.631,ConnectionRefusedError:[Errno 61] Connection refused
22.433596374932677,,0.662,ConnectionRefusedError:[Errno 61] Connection refused
22.442115749698132,,0.313,ConnectionRefusedError:[Errno 61] Connection refused
22.4538418748416,,0.291,ConnectionRefusedError:[Errno 61] Connection refused
22.460402208846062,,0.344,ConnectionRefusedError:[Errno 61] Connection refused
22.470345916692168,,0.273,ConnectionRefusedError:[Errno 61] Connection refused
22.48477804195136,,0.448,ConnectionRefusedError:[Errno 61] Connection refused
22.4947820417583,,0.429,ConnectionRefusedError:[Errno 61] Connection refused
22.500994499772787,,0.357,ConnectionRefusedError:[Errno 61] Connection refused
22.51124362507835,,0.356,ConnectionRefusedError:[Errno 61] Connection refused
22.523887624964118,,0.523,ConnectionRefusedError:[Errno 61] Connection refused
22.531051917001605,,0.327,ConnectionRefusedError:[Errno 61] Connection refused
22.542122583836317,,0.494,ConnectionRefusedError:[Errno 61] Connection refused
22.552353084087372,,0.355,ConnectionRefusedError:[Errno 61] Connection refused
22.562890416942537,,0.183,ConnectionRefusedError:[Errno 61] Connection refused
22.570471916813403,,0.339,ConnectionRefusedError:[Errno 61] Connection refused
22.583445749711245,,0.314,ConnectionRefusedError:[Errno 61] Connection refused
22.59105533408001,,0.339,ConnectionRefusedError:[Errno 61] Connection refused
22.601968667004257,,0.366,ConnectionRefusedError:[Errno 61] Connection refused
22.61058674985543,,0.329,ConnectionRefusedError:[Errno 61] Connection refused
22.622430624905974,,0.276,ConnectionRefusedError:[Errno 61] Connection refused
22.6336413747631,,0.384,ConnectionRefusedError:[Errno 61] Connection refused
22.641219874843955,,0.287,ConnectionRefusedError:[Errno 61] Connection refused
22.656905791722238,,1.309,ConnectionRefusedError:[Errno 61] Connection refused
22.660068166907877,,0.263,ConnectionRefusedError:[Errno 61] Connection refused
22.674504291731864,,0.334,ConnectionRefusedError:[Errno 61] Connection refused
22.681252541951835,,0.51,ConnectionRefusedError:[Errno 61] Connection refused
22.692741208709776,,0.457,ConnectionRefusedError:[Errno 61] Connection refused
22.701660916674882,,0.349,ConnectionRefusedError:[Errno 61] Connection refused
22.714057833887637,,0.541,ConnectionRefusedError:[Errno 61] Connection refused
22.72212149994448,,0.422,ConnectionRefusedError:[Errno 61] Connection refused
22.73339799977839,,0.538,ConnectionRefusedError:[Errno 61] Connection refused
22.74310754192993,,0.282,ConnectionRefusedError:[Errno 61] Connection refused
22.752459291834384,,0.282,ConnectionRefusedError:[Errno 61] Connection refused
22.763652791734785,,0.396,ConnectionRefusedError:[Errno 61] Connection refused
22.77126562502235,,0.206,ConnectionRefusedError:[Errno 61] Connection refused
22.782233624719083,,0.342,ConnectionRefusedError:[Errno 61] Connection refused
22.79008079180494,,0.314,ConnectionRefusedError:[Errno 61] Connection refused
22.801640334073454,,0.574,ConnectionRefusedError:[Errno 61] Connection refused
22.813992124982178,,0.178,ConnectionRefusedError:[Errno 61] Connection refused
22.822328083682805,,0.206,ConnectionRefusedError:[Errno 61] Connection refused
22.83375066705048,,0.189,ConnectionRefusedError:[Errno 61] Connection refused
22.843017667066306,,0.225,ConnectionRefusedError:[Errno 61] Connection refused
22.853345334064215,,0.194,ConnectionRefusedError:[Errno 61] Connection refused
22.86262108385563,,0.205,ConnectionRefusedError:[Errno 61] Connection refused
22.87118620891124,,0.403,ConnectionRefusedError:[Errno 61] Connection refused
22.88037058385089,,0.28,ConnectionRefusedError:[Errno 61] Connection refused
22.89338358398527,,0.298,ConnectionRefusedError:[Errno 61] Connection refused
22.903144791722298,,0.242,ConnectionRefusedError:[Errno 61] Connection refused
22.912696791812778,,0.182,ConnectionRefusedError:[Errno 61] Connection refused
22.92055895878002,,0.203,ConnectionRefusedError:[Errno 61] Connection refused
22.933950666803867,,0.256,ConnectionRefusedError:[Errno 61] Connection refused
22.941152833867818,,0.269,ConnectionRefusedError:[Errno 61] Connection refused
22.952661249786615,,0.348,ConnectionRefusedError:[Errno 61] Connection refused
22.96104924986139,,0.231,ConnectionRefusedError:[Errno 61] Connection refused
22.97150025004521,,0.168,ConnectionRefusedError:[Errno 61] Connection refused
22.984182375017554,,0.202,ConnectionRefusedError:[Errno 61] Connection refused
22.99283825000748,,0.158,ConnectionRefusedError:[Errno 61] Connection refused
23.00350929191336,,0.27,ConnectionRefusedError:[Errno 61] Connection refused
23.013113500084728,,0.362,ConnectionRefusedError:[Errno 61] Connection refused
23.020896167028695,,0.201,ConnectionRefusedError:[Errno 61] Connection refused
23.03262700000778,,0.284,ConnectionRefusedError:[Errno 61] Connection refused
23.043577999807894,,0.355,ConnectionRefusedError:[Errno 61] Connection refused
23.053085916675627,,0.526,ConnectionRefusedError:[Errno 61] Connection refused
23.063192541711032,,0.334,ConnectionRefusedError:[Errno 61] Connection refused
23.070552125107497,,0.407,ConnectionRefusedError:[Errno 61] Connection refused
23.081870666705072,,0.433,ConnectionRefusedError:[Errno 61] Connection refused
23.09066924965009,,0.273,ConnectionRefusedError:[Errno 61] Connection refused
23.104409124702215,,0.29,ConnectionRefusedError:[Errno 61] Connection refused
23.11040324997157,,0.219,ConnectionRefusedError:[Errno 61] Connection refused
23.121314666699618,,0.232,ConnectionRefusedError:[Errno 61] Connection refused
23.13091449998319,,0.226,ConnectionRefusedError:[Errno 61] Connection refused
23.142379709053785,,0.226,ConnectionRefusedError:[Errno 61] Connection refused
23.150577541906387,,0.229,ConnectionRefusedError:[Errno 61] Connection refused
23.160611874889582,,0.203,ConnectionRefusedError:[Errno 61] Connection refused
23.174603749997914,,0.252,ConnectionRefusedError:[Errno 61] Connection refused
23.180151416920125,,0.374,ConnectionRefusedError:[Errno 61] Connection refused
23.191999250091612,,0.226,ConnectionRefusedError:[Errno 61] Connection refused
23.20189120899886,,0.239,ConnectionRefusedError:[Errno 61] Connection refused
23.213992541655898,,0.248,ConnectionRefusedError:[Errno 61] Connection refused
23.22288137488067,,0.209,ConnectionRefusedError:[Errno 61] Connection refused
23.23055420909077,,0.193,ConnectionRefusedError:[Errno 61] Connection refused
23.244643916841596,,0.216,ConnectionRefusedError:[Errno 61] Connection refused
23.252161416690797,,0.202,ConnectionRefusedError:[Errno 61] Connection refused
23.260609250050038,,0.168,ConnectionRefusedError:[Errno 61] Connection refused
23.27289399970323,,0.204,ConnectionRefusedError:[Errno 61] Connection refused
23.281840125098825,,0.255,ConnectionRefusedError:[Errno 61] Connection refused
23.29392895894125,,0.199,ConnectionRefusedError:[Errno 61] Connection refused
23.302877249661833,,0.219,ConnectionRefusedError:[Errno 61] Connection refused
23.313415416982025,,0.194,ConnectionRefusedError:[Errno 61] Connection refused
23.323202416766435,,0.195,ConnectionRefusedError:[Errno 61] Connection refused
23.33004937507212,,0.162,ConnectionRefusedError:[Errno 61] Connection refused
23.342694208957255,,0.167,ConnectionRefusedError:[Errno 61] Connection refused
23.350355541799217,,0.215,ConnectionRefusedError:[Errno 61] Connection refused
23.361169584095478,,0.284,ConnectionRefusedError:[Errno 61] Connection refused
23.37147937482223,,0.231,ConnectionRefusedError:[Errno 61] Connection refused
23.38409566693008,,0.226,ConnectionRefusedError:[Errno 61] Connection refused
23.390833917073905,,0.215,ConnectionRefusedError:[Errno 61] Connection refused
23.404440499842167,,0.222,ConnectionRefusedError:[Errno 61] Connection refused
23.410052708815783,,0.245,ConnectionRefusedError:[Errno 61] Connection refused
23.423743458930403,,0.218,ConnectionRefusedError:[Errno 61] Connection refused
23.43297745892778,,0.223,ConnectionRefusedError:[Errno 61] Connection refused
23.44332612492144,,0.173,ConnectionRefusedError:[Errno 61] Connection refused
23.453262833878398,,0.204,ConnectionRefusedError:[Errno 61] Connection refused
23.460723541676998,,0.188,ConnectionRefusedError:[Errno 61] Connection refused
23.474529458675534,,0.193,ConnectionRefusedError:[Errno 61] Connection refused
23.48190641682595,,0.229,ConnectionRefusedError:[Errno 61] Connection refused
23.491963624954224,,0.175,ConnectionRefusedError:[Errno 61] Connection refused
23.501777541823685,,0.199,ConnectionRefusedError:[Errno 61] Connection refused
23.514062833972275,,0.211,ConnectionRefusedError:[Errno 61] Connection refused
23.520599208772182,,0.134,ConnectionRefusedError:[Errno 61] Connection refused
23.53227633377537,,0.151,ConnectionRefusedError:[Errno 61] Connection refused
23.541214124765247,,0.127,ConnectionRefusedError:[Errno 61] Connection refused
23.554331749677658,,0.147,ConnectionRefusedError:[Errno 61] Connection refused
23.56148104183376,,0.144,ConnectionRefusedError:[Errno 61] Connection refused
23.574190333951265,,0.141,ConnectionRefusedError:[Errno 61] Connection refused
23.58285399992019,,0.167,ConnectionRefusedError:[Errno 61] Connection refused
23.59346758387983,,0.138,ConnectionRefusedError:[Errno 61] Connection refused
23.602917042095214,,0.142,ConnectionRefusedError:[Errno 61] Connection refused
23.611528874840587,,0.144,ConnectionRefusedError:[Errno 61] Connection refused
23.621462292037904,,0.189,ConnectionRefusedError:[Errno 61] Connection refused
23.63422316685319,,0.145,ConnectionRefusedError:[Errno 61] Connection refused
23.642833416815847,,0.177,ConnectionRefusedError:[Errno 61] Connection refused
23.653513666708022,,0.137,ConnectionRefusedError:[Errno 61] Connection refused
23.663176083937287,,0.156,ConnectionRefusedError:[Errno 61] Connection refused
23.673337916843593,,0.24,ConnectionRefusedError:[Errno 61] Connection refused
23.683232166804373,,0.297,ConnectionRefusedError:[Errno 61] Connection refused
23.6930507090874,,0.201,ConnectionRefusedError:[Errno 61] Connection refused
23.703298249747604,,0.139,ConnectionRefusedError:[Errno 61] Connection refused
23.71018425002694,,0.271,ConnectionRefusedError:[Errno 61] Connection refused
23.72482908377424,,0.207,ConnectionRefusedError:[Errno 61] Connection refused
23.731133749708533,,0.244,ConnectionRefusedError:[Errno 61] Connection refused
23.744297166820616,,0.353,ConnectionRefusedError:[Errno 61] Connection refused
23.75267979176715,,0.279,ConnectionRefusedError:[Errno 61] Connection refused
23.763555999845266,,0.24,ConnectionRefusedError:[Errno 61] Connection refused
23.77129258401692,,0.19,ConnectionRefusedError:[Errno 61] Connection refused
23.78427170868963,,0.179,ConnectionRefusedError:[Errno 61] Connection refused
23.79278149968013,,0.213,ConnectionRefusedError:[Errno 61] Connection refused
23.802347499877214,,0.181,ConnectionRefusedError:[Errno 61] Connection refused
23.812717666849494,,0.247,ConnectionRefusedError:[Errno 61] Connection refused
23.822167333681136,,0.245,ConnectionRefusedError:[Errno 61] Connection refused
23.832327916752547,,0.464,ConnectionRefusedError:[Errno 61] Connection refused
23.845067666843534,,0.419,ConnectionRefusedError:[Errno 61] Connection refused
23.852072542067617,,0.401,ConnectionRefusedError:[Errno 61] Connection refused
23.862813042011112,,0.38,ConnectionRefusedError:[Errno 61] Connection refused
23.873361417092383,,0.301,ConnectionRefusedError:[Errno 61] Connection refused
23.883211249951273,,0.34,ConnectionRefusedError:[Errno 61] Connection refused
23.890904458705336,,0.23,ConnectionRefusedError:[Errno 61] Connection refused
23.90446712495759,,0.306,ConnectionRefusedError:[Errno 61] Connection refused
23.91026454186067,,0.318,ConnectionRefusedError:[Errno 61] Connection refused
23.922712333966047,,0.452,ConnectionRefusedError:[Errno 61] Connection refused
23.93193104164675,,0.455,ConnectionRefusedError:[Errno 61] Connection refused
23.942624167073518,,0.23,ConnectionRefusedError:[Errno 61] Connection refused
23.952997916843742,,0.213,ConnectionRefusedError:[Errno 61] Connection refused
23.96060166694224,,0.222,ConnectionRefusedError:[Errno 61] Connection refused
23.974566583987325,,0.218,ConnectionRefusedError:[Errno 61] Connection refused
23.982275791931897,,0.182,ConnectionRefusedError:[Errno 61] Connection refused
23.99086608365178,,0.155,ConnectionRefusedError:[Errno 61] Connection refused
24.003976083826274,,0.16,ConnectionRefusedError:[Errno 61] Connection refused
24.011638917028904,,0.171,ConnectionRefusedError:[Errno 61] Connection refused
24.02197429165244,,0.129,ConnectionRefusedError:[Errno 61] Connection refused
24.033939166925848,,0.177,ConnectionRefusedError:[Errno 61] Connection refused
24.04162016697228,,0.142,ConnectionRefusedError:[Errno 61] Connection refused
24.052857792004943,,0.177,ConnectionRefusedError:[Errno 61] Connection refused
24.060050792060792,,0.219,ConnectionRefusedError:[Errno 61] Connection refused
24.070428709033877,,0.265,ConnectionRefusedError:[Errno 61] Connection refused
24.08095366694033,,0.188,ConnectionRefusedError:[Errno 61] Connection refused
24.094443291891366,,0.221,ConnectionRefusedError:[Errno 61] Connection refused
24.102712417021394,,0.502,ConnectionRefusedError:[Errno 61] Connection refused
24.11148012476042,,0.315,ConnectionRefusedError:[Errno 61] Connection refused
24.127953291870654,,0.556,ConnectionRefusedError:[Errno 61] Connection refused
24.13083937484771,,0.46,ConnectionRefusedError:[Errno 61] Connection refused
24.143329416867346,,0.268,ConnectionRefusedError:[Errno 61] Connection refused
24.15319516696036,,0.196,ConnectionRefusedError:[Errno 61] Connection refused
24.160520792007446,,0.445,ConnectionRefusedError:[Errno 61] Connection refused
24.173099458683282,,0.518,ConnectionRefusedError:[Errno 61] Connection refused
24.18104466702789,,0.426,ConnectionRefusedError:[Errno 61] Connection refused
24.1919728750363,,0.3,ConnectionRefusedError:[Errno 61] Connection refused
24.202633749693632,,0.324,ConnectionRefusedError:[Errno 61] Connection refused
24.21304037468508,,0.479,ConnectionRefusedError:[Errno 61] Connection refused
24.220404458697885,,0.424,ConnectionRefusedError:[Errno 61] Connection refused
24.230638917069882,,0.164,ConnectionRefusedError:[Errno 61] Connection refused
24.24159041699022,,0.236,ConnectionRefusedError:[Errno 61] Connection refused
24.25036970898509,,0.285,ConnectionRefusedError:[Errno 61] Connection refused
24.261753499973565,,0.297,ConnectionRefusedError:[Errno 61] Connection refused
24.271113249938935,,0.304,ConnectionRefusedError:[Errno 61] Connection refused
24.281225875020027,,0.413,ConnectionRefusedError:[Errno 61] Connection refused
24.290620958898216,,1.039,ConnectionRefusedError:[Errno 61] Connection refused
24.30002845870331,,0.358,ConnectionRefusedError:[Errno 61] Connection refused
24.310583166778088,,0.418,ConnectionRefusedError:[Errno 61] Connection refused
24.32331862486899,,0.514,ConnectionRefusedError:[Errno 61] Connection refused
24.332157999742776,,0.502,ConnectionRefusedError:[Errno 61] Connection refused
24.3445067089051,,0.552,ConnectionRefusedError:[Errno 61] Connection refused
24.35006841691211,,0.359,ConnectionRefusedError:[Errno 61] Connection refused
24.360696583986282,,0.438,ConnectionRefusedError:[Errno 61] Connection refused
24.376570417080075,,0.45,ConnectionRefusedError:[Errno 61] Connection refused
24.381177333649248,,0.297,ConnectionRefusedError:[Errno 61] Connection refused
24.391944292001426,,1.011,ConnectionRefusedError:[Errno 61] Connection refused
24.403018749784678,,0.261,ConnectionRefusedError:[Errno 61] Connection refused
24.41323775006458,,0.311,ConnectionRefusedError:[Errno 61] Connection refused
24.422848249785602,,0.356,ConnectionRefusedError:[Errno 61] Connection refused
24.43245645891875,,0.365,ConnectionRefusedError:[Errno 61] Connection refused
24.441536624915898,,0.35,ConnectionRefusedError:[Errno 61] Connection refused
24.452375541906804,,0.398,ConnectionRefusedError:[Errno 61] Connection refused
24.461809124797583,,0.439,ConnectionRefusedError:[Errno 61] Connection refused
24.47092420887202,,0.432,ConnectionRefusedError:[Errno 61] Connection refused
24.482466708868742,,0.48,ConnectionRefusedError:[Errno 61] Connection refused
24.492782874964178,,0.388,ConnectionRefusedError:[Errno 61] Connection refused
24.500242583919317,,0.529,ConnectionRefusedError:[Errno 61] Connection refused
24.514980792067945,,1.181,ConnectionRefusedError:[Errno 61] Connection refused
24.52142812497914,,0.267,ConnectionRefusedError:[Errno 61] Connection refused
24.531146292109042,,0.202,ConnectionRefusedError:[Errno 61] Connection refused
24.54136791685596,,0.311,ConnectionRefusedError:[Errno 61] Connection refused
24.554070041980594,,0.464,ConnectionRefusedError:[Errno 61] Connection refused
24.562046833802015,,0.407,ConnectionRefusedError:[Errno 61] Connection refused
24.572904999833554,,0.244,ConnectionRefusedError:[Errno 61] Connection refused
24.58250829204917,,0.32,ConnectionRefusedError:[Errno 61] Connection refused
24.59331754175946,,0.223,ConnectionRefusedError:[Errno 61] Connection refused
24.60192545875907,,0.257,ConnectionRefusedError:[Errno 61] Connection refused
24.610714833717793,,0.276,ConnectionRefusedError:[Errno 61] Connection refused
24.62122083408758,,0.182,ConnectionRefusedError:[Errno 61] Connection refused
24.634322833735496,,0.273,ConnectionRefusedError:[Errno 61] Connection refused
24.642748541664332,,0.179,ConnectionRefusedError:[Errno 61] Connection refused
24.650442209094763,,0.24,ConnectionRefusedError:[Errno 61] Connection refused
24.660867666825652,,0.142,ConnectionRefusedError:[Errno 61] Connection refused
24.67449741670862,,0.2,ConnectionRefusedError:[Errno 61] Connection refused
24.682670458685607,,0.442,ConnectionRefusedError:[Errno 61] Connection refused
24.691340541932732,,0.335,ConnectionRefusedError:[Errno 61] Connection refused
24.70373629173264,,0.237,ConnectionRefusedError:[Errno 61] Connection refused
24.710031416732818,,0.182,ConnectionRefusedError:[Errno 61] Connection refused
24.724548416677862,,0.278,ConnectionRefusedError:[Errno 61] Connection refused
24.732518749777228,,0.234,ConnectionRefusedError:[Errno 61] Connection refused
24.743259166833013,,0.435,ConnectionRefusedError:[Errno 61] Connection refused
24.75073420908302,,0.333,ConnectionRefusedError:[Errno 61] Connection refused
24.76271279202774,,0.258,ConnectionRefusedError:[Errno 61] Connection refused
24.77302445890382,,0.172,ConnectionRefusedError:[Errno 61] Connection refused
24.783406166825444,,0.203,ConnectionRefusedError:[Errno 61] Connection refused
24.791050292085856,,0.226,ConnectionRefusedError:[Errno 61] Connection refused
24.804406916722655,,0.376,ConnectionRefusedError:[Errno 61] Connection refused
24.812665208708495,,0.195,ConnectionRefusedError:[Errno 61] Connection refused
24.82177137490362,,0.227,ConnectionRefusedError:[Errno 61] Connection refused
24.83244795911014,,0.213,ConnectionRefusedError:[Errno 61] Connection refused
24.843694374896586,,0.301,ConnectionRefusedError:[Errno 61] Connection refused
24.85047170892358,,0.39,ConnectionRefusedError:[Errno 61] Connection refused
24.86300333403051,,0.263,ConnectionRefusedError:[Errno 61] Connection refused
24.87339295865968,,0.92,ConnectionRefusedError:[Errno 61] Connection refused
24.88061337498948,,0.397,ConnectionRefusedError:[Errno 61] Connection refused
24.891253917012364,,0.37,ConnectionRefusedError:[Errno 61] Connection refused
24.904192791786045,,0.392,ConnectionRefusedError:[Errno 61] Connection refused
24.910018333699554,,0.381,ConnectionRefusedError:[Errno 61] Connection refused
24.922551583964378,,0.428,ConnectionRefusedError:[Errno 61] Connection refused
24.930840499699116,,0.268,ConnectionRefusedError:[Errno 61] Connection refused
24.944439749699086,,0.276,ConnectionRefusedError:[Errno 61] Connection refused
24.952534958720207,,0.19,ConnectionRefusedError:[Errno 61] Connection refused
24.96001454209909,,0.185,ConnectionRefusedError:[Errno 61] Connection refused
24.97111574979499,,0.204,ConnectionRefusedError:[Errno 61] Connection refused
24.981760416645557,,0.223,ConnectionRefusedError:[Errno 61] Connection refused
24.990019833669066,,0.237,ConnectionRefusedError:[Errno 61] Connection refused
25.001002334058285,,0.198,ConnectionRefusedError:[Errno 61] Connection refused
25.012197542004287,,0.266,ConnectionRefusedError:[Errno 61] Connection refused
25.023744042031467,,0.198,ConnectionRefusedError:[Errno 61] Connection refused
25.031558124814183,,0.201,ConnectionRefusedError:[Errno 61] Connection refused
25.043243541847914,,0.2,ConnectionRefusedError:[Errno 61] Connection refused
25.051080541685224,,0.158,ConnectionRefusedError:[Errno 61] Connection refused
25.064394333865494,,0.179,ConnectionRefusedError:[Errno 61] Connection refused
25.07019512495026,,0.129,ConnectionRefusedError:[Errno 61] Connection refused
25.082642749883235,,0.115,ConnectionRefusedError:[Errno 61] Connection refused
25.092485083732754,,0.19,ConnectionRefusedError:[Errno 61] Connection refused
25.102857667021453,,0.175,ConnectionRefusedError:[Errno 61] Connection refused
25.110729542095214,,0.154,ConnectionRefusedError:[Errno 61] Connection refused
25.12298795906827,,0.227,ConnectionRefusedError:[Errno 61] Connection refused
25.133447791915387,,0.186,ConnectionRefusedError:[Errno 61] Connection refused
25.143179249949753,,0.217,ConnectionRefusedError:[Errno 61] Connection refused
25.15332645876333,,0.222,ConnectionRefusedError:[Errno 61] Connection refused
25.163211499806494,,0.135,ConnectionRefusedError:[Errno 61] Connection refused
25.170840249862522,,0.175,ConnectionRefusedError:[Errno 61] Connection refused
25.184508583974093,,0.205,ConnectionRefusedError:[Errno 61] Connection refused
25.192586542107165,,0.156,ConnectionRefusedError:[Errno 61] Connection refused
25.200086750090122,,0.165,ConnectionRefusedError:[Errno 61] Connection refused
25.213657166808844,,0.183,ConnectionRefusedError:[Errno 61] Connection refused
25.223105541896075,,0.18,ConnectionRefusedError:[Errno 61] Connection refused
25.231684959027916,,0.152,ConnectionRefusedError:[Errno 61] Connection refused
25.24333945894614,,0.222,ConnectionRefusedError:[Errno 61] Connection refused
25.2508304589428,,0.317,ConnectionRefusedError:[Errno 61] Connection refused
25.260044625028968,,0.199,ConnectionRefusedError:[Errno 61] Connection refused
25.270964916795492,,0.252,ConnectionRefusedError:[Errno 61] Connection refused
25.281332042068243,,0.189,ConnectionRefusedError:[Errno 61] Connection refused
25.294222958851606,,0.288,ConnectionRefusedError:[Errno 61] Connection refused
25.30271574994549,,0.144,ConnectionRefusedError:[Errno 61] Connection refused
25.31357854185626,,0.159,ConnectionRefusedError:[Errno 61] Connection refused
25.323141624685377,,0.249,ConnectionRefusedError:[Errno 61] Connection refused
25.33049741666764,,0.204,ConnectionRefusedError:[Errno 61] Connection refused
25.342358000110835,,0.209,ConnectionRefusedError:[Errno 61] Connection refused
25.352853833697736,,0.269,ConnectionRefusedError:[Errno 61] Connection refused
25.36343799997121,,0.221,ConnectionRefusedError:[Errno 61] Connection refused
25.373183249961585,,0.177,ConnectionRefusedError:[Errno 61] Connection refused
25.383308874908835,,0.185,ConnectionRefusedError:[Errno 61] Connection refused
25.391422208864242,,0.332,ConnectionRefusedError:[Errno 61] Connection refused
25.403889250010252,,0.209,ConnectionRefusedError:[Errno 61] Connection refused
25.412933541927487,,0.233,ConnectionRefusedError:[Errno 61] Connection refused
25.420758083928376,,0.259,ConnectionRefusedError:[Errno 61] Connection refused
25.43446654174477,,0.204,ConnectionRefusedError:[Errno 61] Connection refused
25.440078834071755,,0.174,ConnectionRefusedError:[Errno 61] Connection refused
25.45489391684532,,0.223,ConnectionRefusedError:[Errno 61] Connection refused
25.460195749998093,,0.167,ConnectionRefusedError:[Errno 61] Connection refused
25.471403958741575,,0.475,ConnectionRefusedError:[Errno 61] Connection refused
25.48206154210493,,0.387,ConnectionRefusedError:[Errno 61] Connection refused
25.49330958398059,,0.593,ConnectionRefusedError:[Errno 61] Connection refused
25.50164349982515,,0.402,ConnectionRefusedError:[Errno 61] Connection refused
25.51392454188317,,0.396,ConnectionRefusedError:[Errno 61] Connection refused
25.52122641680762,,0.315,ConnectionRefusedError:[Errno 61] Connection refused
25.533659083768725,,0.254,ConnectionRefusedError:[Errno 61] Connection refused
25.54198154201731,,0.437,ConnectionRefusedError:[Errno 61] Connection refused
25.553749583661556,,0.362,ConnectionRefusedError:[Errno 61] Connection refused
25.56282054167241,,1.144,ConnectionRefusedError:[Errno 61] Connection refused
25.573606084100902,,0.552,ConnectionRefusedError:[Errno 61] Connection refused
25.5820508338511,,0.406,ConnectionRefusedError:[Errno 61] Connection refused
25.593744666781276,,0.283,ConnectionRefusedError:[Errno 61] Connection refused
25.601451416965574,,0.345,ConnectionRefusedError:[Errno 61] Connection refused
25.61097262473777,,0.268,ConnectionRefusedError:[Errno 61] Connection refused
25.624380291905254,,0.464,ConnectionRefusedError:[Errno 61] Connection refused
25.63242283370346,,0.327,ConnectionRefusedError:[Errno 61] Connection refused
25.643297624774277,,0.279,ConnectionRefusedError:[Errno 61] Connection refused
25.65321816690266,,0.402,ConnectionRefusedError:[Errno 61] Connection refused
25.661061374936253,,0.217,ConnectionRefusedError:[Errno 61] Connection refused
25.672561999876052,,0.28,ConnectionRefusedError:[Errno 61] Connection refused
25.680380374658853,,0.197,ConnectionRefusedError:[Errno 61] Connection refused
25.693290333729237,,0.18,ConnectionRefusedError:[Errno 61] Connection refused
25.703288999851793,,0.204,ConnectionRefusedError:[Errno 61] Connection refused
25.71097454195842,,0.2,ConnectionRefusedError:[Errno 61] Connection refused
25.724393791984767,,0.193,ConnectionRefusedError:[Errno 61] Connection refused
25.732677000109106,,0.198,ConnectionRefusedError:[Errno 61] Connection refused
25.743508624844253,,0.209,ConnectionRefusedError:[Errno 61] Connection refused
25.750215749721974,,0.581,ConnectionRefusedError:[Errno 61] Connection refused
25.76298866700381,,0.388,ConnectionRefusedError:[Errno 61] Connection refused
25.77322933403775,,0.21,ConnectionRefusedError:[Errno 61] Connection refused
25.781099499668926,,0.8,ConnectionRefusedError:[Errno 61] Connection refused
25.79069708380848,,0.214,ConnectionRefusedError:[Errno 61] Connection refused
25.801784791983664,,0.227,ConnectionRefusedError:[Errno 61] Connection refused
25.81290274998173,,0.285,ConnectionRefusedError:[Errno 61] Connection refused
25.8203459167853,,0.245,ConnectionRefusedError:[Errno 61] Connection refused
25.830104374792427,,0.183,ConnectionRefusedError:[Errno 61] Connection refused
25.844801750034094,,0.318,ConnectionRefusedError:[Errno 61] Connection refused
25.850458291824907,,0.17,ConnectionRefusedError:[Errno 61] Connection refused
25.864590167067945,,0.208,ConnectionRefusedError:[Errno 61] Connection refused
25.870059958659112,,0.176,ConnectionRefusedError:[Errno 61] Connection refused
25.884913709014654,,0.189,ConnectionRefusedError:[Errno 61] Connection refused
25.8901627920568,,0.197,ConnectionRefusedError:[Errno 61] Connection refused
25.903291499707848,,0.242,ConnectionRefusedError:[Errno 61] Connection refused
25.91158524993807,,0.218,ConnectionRefusedError:[Errno 61] Connection refused
25.922774584032595,,0.192,ConnectionRefusedError:[Errno 61] Connection refused
25.93022554181516,,0.229,ConnectionRefusedError:[Errno 61] Connection refused
25.944772083777934,,0.205,ConnectionRefusedError:[Errno 61] Connection refused
25.951639333739877,,0.207,ConnectionRefusedError:[Errno 61] Connection refused
25.963269541971385,,0.163,ConnectionRefusedError:[Errno 61] Connection refused
25.970972541719675,,0.158,ConnectionRefusedError:[Errno 61] Connection refused
25.980634666979313,,0.141,ConnectionRefusedError:[Errno 61] Connection refused
25.9908837499097,,0.189,ConnectionRefusedError:[Errno 61] Connection refused
26.00187566690147,,0.165,ConnectionRefusedError:[Errno 61] Connection refused
26.01400004187599,,0.211,ConnectionRefusedError:[Errno 61] Connection refused
26.02074620872736,,0.189,ConnectionRefusedError:[Errno 61] Connection refused
26.033501042053103,,0.164,ConnectionRefusedError:[Errno 61] Connection refused
26.041377749759704,,0.311,ConnectionRefusedError:[Errno 61] Connection refused
26.050475041847676,,0.229,ConnectionRefusedError:[Errno 61] Connection refused
26.06020766682923,,0.191,ConnectionRefusedError:[Errno 61] Connection refused
26.07335845893249,,0.213,ConnectionRefusedError:[Errno 61] Connection refused
26.08321762504056,,0.184,ConnectionRefusedError:[Errno 61] Connection refused
26.090879125054926,,0.191,ConnectionRefusedError:[Errno 61] Connection refused
26.102980666793883,,0.189,ConnectionRefusedError:[Errno 61] Connection refused
26.112939625047147,,0.159,ConnectionRefusedError:[Errno 61] Connection refused
26.12067904183641,,0.179,ConnectionRefusedError:[Errno 61] Connection refused
26.134567958768457,,0.178,ConnectionRefusedError:[Errno 61] Connection refused
26.142371874768287,,0.137,ConnectionRefusedError:[Errno 61] Connection refused
26.15011304197833,,0.157,ConnectionRefusedError:[Errno 61] Connection refused
26.164907834026963,,0.299,ConnectionRefusedError:[Errno 61] Connection refused
26.172071458771825,,0.162,ConnectionRefusedError:[Errno 61] Connection refused
26.183037208858877,,0.286,ConnectionRefusedError:[Errno 61] Connection refused
26.19320399966091,,0.199,ConnectionRefusedError:[Errno 61] Connection refused
26.200211833696812,,0.28,ConnectionRefusedError:[Errno 61] Connection refused
26.21250949986279,,0.353,ConnectionRefusedError:[Errno 61] Connection refused
26.22045608377084,,0.302,ConnectionRefusedError:[Errno 61] Connection refused
26.23457712493837,,0.263,ConnectionRefusedError:[Errno 61] Connection refused
26.242429208941758,,0.192,ConnectionRefusedError:[Errno 61] Connection refused
26.250553791876882,,0.193,ConnectionRefusedError:[Errno 61] Connection refused
26.26115204207599,,0.224,ConnectionRefusedError:[Errno 61] Connection refused
26.274102333933115,,0.229,ConnectionRefusedError:[Errno 61] Connection refused
26.281717708799988,,0.281,ConnectionRefusedError:[Errno 61] Connection refused
26.296525292098522,,0.423,ConnectionRefusedError:[Errno 61] Connection refused
26.300052334088832,,0.254,ConnectionRefusedError:[Errno 61] Connection refused
26.314842458814383,,0.342,ConnectionRefusedError:[Errno 61] Connection refused
26.32183074997738,,0.37,ConnectionRefusedError:[Errno 61] Connection refused
26.330953708849847,,0.307,ConnectionRefusedError:[Errno 61] Connection refused
26.341991417109966,,0.358,ConnectionRefusedError:[Errno 61] Connection refused
26.35268033389002,,0.311,ConnectionRefusedError:[Errno 61] Connection refused
26.362247250042856,,0.312,ConnectionRefusedError:[Errno 61] Connection refused
26.370759249664843,,6.277,ConnectionRefusedError:[Errno 61] Connection refused
26.380946666933596,,0.484,ConnectionRefusedError:[Errno 61] Connection refused
26.391461125109345,,0.317,ConnectionRefusedError:[Errno 61] Connection refused
26.40077670896426,,0.273,ConnectionRefusedError:[Errno 61] Connection refused
26.413766666781157,,0.345,ConnectionRefusedError:[Errno 61] Connection refused
26.42290141666308,,0.407,ConnectionRefusedError:[Errno 61] Connection refused
26.433237791992724,,0.279,ConnectionRefusedError:[Errno 61] Connection refused
26.44326779199764,,0.257,ConnectionRefusedError:[Errno 61] Connection refused
26.450993708800524,,0.448,ConnectionRefusedError:[Errno 61] Connection refused
26.464094459079206,,0.551,ConnectionRefusedError:[Errno 61] Connection refused
26.472355334088206,,0.377,ConnectionRefusedError:[Errno 61] Connection refused
26.483600500039756,,0.46,ConnectionRefusedError:[Errno 61] Connection refused
26.490789500065148,,0.343,ConnectionRefusedError:[Errno 61] Connection refused
26.510575874708593,,0.84,ConnectionRefusedError:[Errno 61] Connection refused
26.511560291983187,,0.469,ConnectionRefusedError:[Errno 61] Connection refused
26.521366791799664,,0.43,ConnectionRefusedError:[Errno 61] Connection refused
26.534508166834712,,0.403,ConnectionRefusedError:[Errno 61] Connection refused
26.542060874868184,,0.406,ConnectionRefusedError:[Errno 61] Connection refused
26.553767916746438,,0.5,ConnectionRefusedError:[Errno 61] Connection refused
26.56276333378628,,0.322,ConnectionRefusedError:[Errno 61] Connection refused
26.57051574997604,,0.297,ConnectionRefusedError:[Errno 61] Connection refused
26.584574250038713,,0.266,ConnectionRefusedError:[Errno 61] Connection refused
26.591687333770096,,0.219,ConnectionRefusedError:[Errno 61] Connection refused
26.604068167041987,,0.205,ConnectionRefusedError:[Errno 61] Connection refused
26.61001916695386,,0.223,ConnectionRefusedError:[Errno 61] Connection refused
26.624904166907072,,0.437,ConnectionRefusedError:[Errno 61] Connection refused
26.6322209588252,,0.27,ConnectionRefusedError:[Errno 61] Connection refused
26.641470791772008,,0.224,ConnectionRefusedError:[Errno 61] Connection refused
26.652935416903347,,0.191,ConnectionRefusedError:[Errno 61] Connection refused
26.660661249887198,,0.247,ConnectionRefusedError:[Errno 61] Connection refused
26.674537333659828,,0.25,ConnectionRefusedError:[Errno 61] Connection refused
26.68020087480545,,0.229,ConnectionRefusedError:[Errno 61] Connection refused
26.690023791976273,,0.218,ConnectionRefusedError:[Errno 61] Connection refused
26.70789166679606,,0.294,ConnectionRefusedError:[Errno 61] Connection refused
26.711318125016987,,0.352,ConnectionRefusedError:[Errno 61] Connection refused
26.723351833876222,,0.259,ConnectionRefusedError:[Errno 61] Connection refused
26.73100679181516,,0.251,ConnectionRefusedError:[Errno 61] Connection refused
26.740317542105913,,0.291,ConnectionRefusedError:[Errno 61] Connection refused
26.75172037491575,,0.255,ConnectionRefusedError:[Errno 61] Connection refused
26.763462374918163,,0.49,ConnectionRefusedError:[Errno 61] Connection refused
26.77084895875305,,0.281,ConnectionRefusedError:[Errno 61] Connection refused
26.784393459092826,,0.211,ConnectionRefusedError:[Errno 61] Connection refused
26.790383874904364,,0.14,ConnectionRefusedError:[Errno 61] Connection refused
26.804777374956757,,0.175,ConnectionRefusedError:[Errno 61] Connection refused
26.812449083663523,,0.179,ConnectionRefusedError:[Errno 61] Connection refused
26.820386583916843,,0.285,ConnectionRefusedError:[Errno 61] Connection refused
26.831773417070508,,0.225,ConnectionRefusedError:[Errno 61] Connection refused
26.84172520879656,,0.182,ConnectionRefusedError:[Errno 61] Connection refused
26.852586833760142,,0.216,ConnectionRefusedError:[Errno 61] Connection refused
26.863149791955948,,0.24,ConnectionRefusedError:[Errno 61] Connection refused
26.87795679178089,,0.362,ConnectionRefusedError:[Errno 61] Connection refused
26.880740916822106,,0.195,ConnectionRefusedError:[Errno 61] Connection refused
26.8928587497212,,0.538,ConnectionRefusedError:[Errno 61] Connection refused
26.900901124812663,,0.396,ConnectionRefusedError:[Errno 61] Connection refused
26.91056300001219,,0.471,ConnectionRefusedError:[Errno 61] Connection refused
26.922687958925962,,0.513,ConnectionRefusedError:[Errno 61] Connection refused
26.930782499723136,,0.417,ConnectionRefusedError:[Errno 61] Connection refused
26.940320834051818,,0.346,ConnectionRefusedError:[Errno 61] Connection refused
26.95278795901686,,0.218,ConnectionRefusedError:[Errno 61] Connection refused
26.963448458816856,,0.211,ConnectionRefusedError:[Errno 61] Connection refused
26.971646416932344,,0.161,ConnectionRefusedError:[Errno 61] Connection refused
26.982682833913714,,0.16,ConnectionRefusedError:[Errno 61] Connection refused
26.990330124739558,,0.143,ConnectionRefusedError:[Errno 61] Connection refused
27.003132458776236,,0.239,ConnectionRefusedError:[Errno 61] Connection refused
27.010805999860168,,0.189,ConnectionRefusedError:[Errno 61] Connection refused
27.024527166970074,,0.293,ConnectionRefusedError:[Errno 61] Connection refused
27.03160349978134,,0.188,ConnectionRefusedError:[Errno 61] Connection refused
27.043250834103674,,0.376,ConnectionRefusedError:[Errno 61] Connection refused
27.053180458955467,,0.687,ConnectionRefusedError:[Errno 61] Connection refused
27.062354041729122,,0.251,ConnectionRefusedError:[Errno 61] Connection refused
27.073689624667168,,0.482,ConnectionRefusedError:[Errno 61] Connection refused
27.082644334062934,,0.327,ConnectionRefusedError:[Errno 61] Connection refused
27.093597291968763,,0.518,ConnectionRefusedError:[Errno 61] Connection refused
27.101657416671515,,0.443,ConnectionRefusedError:[Errno 61] Connection refused
27.11214012466371,,0.366,ConnectionRefusedError:[Errno 61] Connection refused
27.123385875020176,,0.511,ConnectionRefusedError:[Errno 61] Connection refused
27.13097466668114,,0.249,ConnectionRefusedError:[Errno 61] Connection refused
27.14309566700831,,0.413,ConnectionRefusedError:[Errno 61] Connection refused
27.151106958743185,,0.202,ConnectionRefusedError:[Errno 61] Connection refused
27.161391583736986,,0.257,ConnectionRefusedError:[Errno 61] Connection refused
27.170029750093818,,0.228,ConnectionRefusedError:[Errno 61] Connection refused
27.18483770871535,,0.222,ConnectionRefusedError:[Errno 61] Connection refused
27.19241362484172,,0.187,ConnectionRefusedError:[Errno 61] Connection refused
27.203718124888837,,0.244,ConnectionRefusedError:[Errno 61] Connection refused
27.213014374952763,,0.16,ConnectionRefusedError:[Errno 61] Connection refused
27.223424249794334,,0.241,ConnectionRefusedError:[Errno 61] Connection refused
27.232971916906536,,0.235,ConnectionRefusedError:[Errno 61] Connection refused
27.24145487509668,,0.167,ConnectionRefusedError:[Errno 61] Connection refused
27.25175275001675,,0.219,ConnectionRefusedError:[Errno 61] Connection refused
27.264000166673213,,0.254,ConnectionRefusedError:[Errno 61] Connection refused
27.272855208721012,,0.235,ConnectionRefusedError:[Errno 61] Connection refused
27.283435916993767,,0.197,ConnectionRefusedError:[Errno 61] Connection refused
27.29313979204744,,0.18,ConnectionRefusedError:[Errno 61] Connection refused
27.302237624768168,,0.159,ConnectionRefusedError:[Errno 61] Connection refused
27.312450292054564,,0.16,ConnectionRefusedError:[Errno 61] Connection refused
27.320317124947906,,0.117,ConnectionRefusedError:[Errno 61] Connection refused
27.33149724965915,,0.135,ConnectionRefusedError:[Errno 61] Connection refused
27.344345166813582,,0.258,ConnectionRefusedError:[Errno 61] Connection refused
27.352669791784137,,0.268,ConnectionRefusedError:[Errno 61] Connection refused
27.363509749993682,,0.208,ConnectionRefusedError:[Errno 61] Connection refused
27.373149499762803,,0.224,ConnectionRefusedError:[Errno 61] Connection refused
27.381530167069286,,0.153,ConnectionRefusedError:[Errno 61] Connection refused
27.39003320876509,,0.185,ConnectionRefusedError:[Errno 61] Connection refused
27.404915874823928,,0.51,ConnectionRefusedError:[Errno 61] Connection refused
27.41034704167396,,0.36,ConnectionRefusedError:[Errno 61] Connection refused
27.423137249890715,,0.262,ConnectionRefusedError:[Errno 61] Connection refused
27.433261999860406,,0.243,ConnectionRefusedError:[Errno 61] Connection refused
27.44041454186663,,0.49,ConnectionRefusedError:[Errno 61] Connection refused
27.454228833783418,,0.247,ConnectionRefusedError:[Errno 61] Connection refused
27.46268199989572,,0.187,ConnectionRefusedError:[Errno 61] Connection refused
27.473085458856076,,0.197,ConnectionRefusedError:[Errno 61] Connection refused
27.483362583909184,,0.166,ConnectionRefusedError:[Errno 61] Connection refused
27.491028166841716,,0.15,ConnectionRefusedError:[Errno 61] Connection refused
27.503486291971058,,0.2,ConnectionRefusedError:[Errno 61] Connection refused
27.511055249720812,,0.148,ConnectionRefusedError:[Errno 61] Connection refused
27.52439666679129,,0.211,ConnectionRefusedError:[Errno 61] Connection refused
27.53272487502545,,0.275,ConnectionRefusedError:[Errno 61] Connection refused
27.54045758396387,,0.319,ConnectionRefusedError:[Errno 61] Connection refused
27.554550166707486,,0.231,ConnectionRefusedError:[Errno 61] Connection refused
27.56164983380586,,0.252,ConnectionRefusedError:[Errno 61] Connection refused
27.573936499655247,,0.212,ConnectionRefusedError:[Errno 61] Connection refused
27.582962583750486,,0.15,ConnectionRefusedError:[Errno 61] Connection refused
27.591076499782503,,0.129,ConnectionRefusedError:[Errno 61] Connection refused
27.604416249785572,,0.161,ConnectionRefusedError:[Errno 61] Connection refused
27.61266537476331,,0.227,ConnectionRefusedError:[Errno 61] Connection refused
27.620669833850116,,0.222,ConnectionRefusedError:[Errno 61] Connection refused
27.63090404169634,,0.224,ConnectionRefusedError:[Errno 61] Connection refused
27.642861333675683,,0.168,ConnectionRefusedError:[Errno 61] Connection refused
27.65346079180017,,0.219,ConnectionRefusedError:[Errno 61] Connection refused
27.661583666689694,,0.176,ConnectionRefusedError:[Errno 61] Connection refused
27.674127916805446,,0.213,ConnectionRefusedError:[Errno 61] Connection refused
27.68280337471515,,0.163,ConnectionRefusedError:[Errno 61] Connection refused
27.69351474987343,,0.171,ConnectionRefusedError:[Errno 61] Connection refused
27.70299550006166,,0.142,ConnectionRefusedError:[Errno 61] Connection refused
27.710056708659977,,0.109,ConnectionRefusedError:[Errno 61] Connection refused
27.72278895881027,,0.26,ConnectionRefusedError:[Errno 61] Connection refused
27.732338041998446,,0.367,ConnectionRefusedError:[Errno 61] Connection refused
27.743700624909252,,0.217,ConnectionRefusedError:[Errno 61] Connection refused
27.753027041908354,,0.19,ConnectionRefusedError:[Errno 61] Connection refused
27.76016837498173,,0.255,ConnectionRefusedError:[Errno 61] Connection refused
27.7747608339414,,0.177,ConnectionRefusedError:[Errno 61] Connection refused
27.78038299968466,,0.154,ConnectionRefusedError:[Errno 61] Connection refused
27.794742417056113,,0.194,ConnectionRefusedError:[Errno 61] Connection refused
27.802460541948676,,0.482,ConnectionRefusedError:[Errno 61] Connection refused
27.810619374737144,,0.173,ConnectionRefusedError:[Errno 61] Connection refused
27.824541749898344,,0.465,ConnectionRefusedError:[Errno 61] Connection refused
27.83247487479821,,0.411,ConnectionRefusedError:[Errno 61] Connection refused
27.84371754201129,,0.648,ConnectionRefusedError:[Errno 61] Connection refused
27.855243166908622,,0.456,ConnectionRefusedError:[Errno 61] Connection refused
27.8609796250239,,0.278,ConnectionRefusedError:[Errno 61] Connection refused
27.87433279165998,,0.356,ConnectionRefusedError:[Errno 61] Connection refused
27.882212624885142,,0.673,ConnectionRefusedError:[Errno 61] Connection refused
27.892995208967477,,0.312,ConnectionRefusedError:[Errno 61] Connection refused
27.90043954178691,,0.241,ConnectionRefusedError:[Errno 61] Connection refused
27.910570208914578,,0.399,ConnectionRefusedError:[Errno 61] Connection refused
27.924229041673243,,0.474,ConnectionRefusedError:[Errno 61] Connection refused
27.932565291877836,,0.994,ConnectionRefusedError:[Errno 61] Connection refused
27.942268166691065,,0.367,ConnectionRefusedError:[Errno 61] Connection refused
27.95022708410397,,0.255,ConnectionRefusedError:[Errno 61] Connection refused
27.961909709032625,,0.239,ConnectionRefusedError:[Errno 61] Connection refused
27.973954791668802,,0.173,ConnectionRefusedError:[Errno 61] Connection refused
27.98295066691935,,0.18,ConnectionRefusedError:[Errno 61] Connection refused
27.990480999927968,,0.123,ConnectionRefusedError:[Errno 61] Connection refused
28.004623416811228,,0.245,ConnectionRefusedError:[Errno 61] Connection refused
28.012568833772093,,0.195,ConnectionRefusedError:[Errno 61] Connection refused
28.023668374866247,,0.492,ConnectionRefusedError:[Errno 61] Connection refused
28.03637179173529,,0.555,ConnectionRefusedError:[Errno 61] Connection refused
28.040619333740324,,0.309,ConnectionRefusedError:[Errno 61] Connection refused
28.050068291835487,,0.262,ConnectionRefusedError:[Errno 61] Connection refused
28.060120958834887,,0.537,ConnectionRefusedError:[Errno 61] Connection refused
28.071039958857,,0.449,ConnectionRefusedError:[Errno 61] Connection refused
28.081027999985963,,0.544,ConnectionRefusedError:[Errno 61] Connection refused
28.094277542084455,,0.651,ConnectionRefusedError:[Errno 61] Connection refused
28.101622874848545,,0.39,ConnectionRefusedError:[Errno 61] Connection refused
28.11223658407107,,0.213,ConnectionRefusedError:[Errno 61] Connection refused
28.127093916758895,,0.389,ConnectionRefusedError:[Errno 61] Connection refused
28.131135041825473,,0.222,ConnectionRefusedError:[Errno 61] Connection refused
28.144829416647553,,0.429,ConnectionRefusedError:[Errno 61] Connection refused
28.150061374995857,,0.304,ConnectionRefusedError:[Errno 61] Connection refused
28.160113959107548,,0.349,ConnectionRefusedError:[Errno 61] Connection refused
28.174767166841775,,0.35,ConnectionRefusedError:[Errno 61] Connection refused
28.18106708396226,,0.21,ConnectionRefusedError:[Errno 61] Connection refused
28.190672958735377,,0.228,ConnectionRefusedError:[Errno 61] Connection refused
28.200981250032783,,0.284,ConnectionRefusedError:[Errno 61] Connection refused
28.214032124727964,,0.324,ConnectionRefusedError:[Errno 61] Connection refused
28.220054833684117,,0.245,ConnectionRefusedError:[Errno 61] Connection refused
28.235138416755944,,0.304,ConnectionRefusedError:[Errno 61] Connection refused
28.24030700000003,,0.192,ConnectionRefusedError:[Errno 61] Connection refused
28.253173917066306,,0.398,ConnectionRefusedError:[Errno 61] Connection refused
28.26259629195556,,0.226,ConnectionRefusedError:[Errno 61] Connection refused
28.27318379189819,,0.27,ConnectionRefusedError:[Errno 61] Connection refused
28.281084875110537,,0.227,ConnectionRefusedError:[Errno 61] Connection refused
28.293637041933835,,0.262,ConnectionRefusedError:[Errno 61] Connection refused
28.302259916905314,,0.571,ConnectionRefusedError:[Errno 61] Connection refused
28.311500833835453,,0.371,ConnectionRefusedError:[Errno 61] Connection refused
28.320958541706204,,0.364,ConnectionRefusedError:[Errno 61] Connection refused
28.334253458771855,,0.496,ConnectionRefusedError:[Errno 61] Connection refused
28.344500791747123,,0.369,ConnectionRefusedError:[Errno 61] Connection refused
28.352575916796923,,0.442,ConnectionRefusedError:[Errno 61] Connection refused
28.360159374773502,,0.35,ConnectionRefusedError:[Errno 61] Connection refused
28.374953999649733,,0.431,ConnectionRefusedError:[Errno 61] Connection refused
28.382167249917984,,0.27,ConnectionRefusedError:[Errno 61] Connection refused
28.39595549972728,,0.388,ConnectionRefusedError:[Errno 61] Connection refused
28.400825791992247,,0.375,ConnectionRefusedError:[Errno 61] Connection refused
28.411794167011976,,0.289,ConnectionRefusedError:[Errno 61] Connection refused
28.421527791768312,,0.243,ConnectionRefusedError:[Errno 61] Connection refused
28.434132833965123,,0.198,ConnectionRefusedError:[Errno 61] Connection refused
28.441875166725367,,0.424,ConnectionRefusedError:[Errno 61] Connection refused
28.452331834007055,,6.132,ConnectionRefusedError:[Errno 61] Connection refused
28.461351583711803,,0.459,ConnectionRefusedError:[Errno 61] Connection refused
28.471218708902597,,0.254,ConnectionRefusedError:[Errno 61] Connection refused
28.482817708980292,,0.308,ConnectionRefusedError:[Errno 61] Connection refused
28.490502750035375,,0.189,ConnectionRefusedError:[Errno 61] Connection refused
28.500829875003546,,0.221,ConnectionRefusedError:[Errno 61] Connection refused
28.51449504168704,,0.49,ConnectionRefusedError:[Errno 61] Connection refused
28.521442541852593,,0.419,ConnectionRefusedError:[Errno 61] Connection refused
28.53200541669503,,0.466,ConnectionRefusedError:[Errno 61] Connection refused
28.541511416900903,,0.314,ConnectionRefusedError:[Errno 61] Connection refused
28.550256249960512,,0.286,ConnectionRefusedError:[Errno 61] Connection refused
28.561013041995466,,0.355,ConnectionRefusedError:[Errno 61] Connection refused
28.571926166769117,,0.383,ConnectionRefusedError:[Errno 61] Connection refused
28.58204908389598,,0.235,ConnectionRefusedError:[Errno 61] Connection refused
28.592787750065327,,0.241,ConnectionRefusedError:[Errno 61] Connection refused
28.603316999971867,,0.467,ConnectionRefusedError:[Errno 61] Connection refused
28.611527000088245,,0.551,ConnectionRefusedError:[Errno 61] Connection refused
28.62077729171142,,0.488,ConnectionRefusedError:[Errno 61] Connection refused
28.630093208979815,,0.26,ConnectionRefusedError:[Errno 61] Connection refused
28.6448840838857,,0.305,ConnectionRefusedError:[Errno 61] Connection refused
28.652435292024165,,0.589,ConnectionRefusedError:[Errno 61] Connection refused
28.66335083404556,,0.347,ConnectionRefusedError:[Errno 61] Connection refused
28.67595133371651,,0.481,ConnectionRefusedError:[Errno 61] Connection refused
28.681672709062696,,0.293,ConnectionRefusedError:[Errno 61] Connection refused
28.691534333862364,,0.371,ConnectionRefusedError:[Errno 61] Connection refused
28.701635208912194,,0.27,ConnectionRefusedError:[Errno 61] Connection refused
28.713367084041238,,0.552,ConnectionRefusedError:[Errno 61] Connection refused
28.72184016695246,,0.528,ConnectionRefusedError:[Errno 61] Connection refused
28.730486541986465,,0.268,ConnectionRefusedError:[Errno 61] Connection refused
28.740026459097862,,0.248,ConnectionRefusedError:[Errno 61] Connection refused
28.751552833709866,,0.229,ConnectionRefusedError:[Errno 61] Connection refused
28.76407145895064,,0.259,ConnectionRefusedError:[Errno 61] Connection refused
28.772756834048778,,0.283,ConnectionRefusedError:[Errno 61] Connection refused
28.78050404181704,,0.275,ConnectionRefusedError:[Errno 61] Connection refused
28.794091458898038,,0.258,ConnectionRefusedError:[Errno 61] Connection refused
28.802217499818653,,0.261,ConnectionRefusedError:[Errno 61] Connection refused
28.812640791758895,,0.232,ConnectionRefusedError:[Errno 61] Connection refused
28.820430249907076,,0.286,ConnectionRefusedError:[Errno 61] Connection refused
28.83410116704181,,0.284,ConnectionRefusedError:[Errno 61] Connection refused
28.845044041983783,,0.526,ConnectionRefusedError:[Errno 61] Connection refused
28.851279125083238,,0.261,ConnectionRefusedError:[Errno 61] Connection refused
28.864262874703854,,0.345,ConnectionRefusedError:[Errno 61] Connection refused
28.87242874968797,,0.307,ConnectionRefusedError:[Errno 61] Connection refused
28.882780708838254,,0.363,ConnectionRefusedError:[Errno 61] Connection refused
28.892965249717236,,0.305,ConnectionRefusedError:[Errno 61] Connection refused
28.90339008392766,,0.304,ConnectionRefusedError:[Errno 61] Connection refused
28.91321241669357,,0.19,ConnectionRefusedError:[Errno 61] Connection refused
28.923332458827645,,0.36,ConnectionRefusedError:[Errno 61] Connection refused
28.931106334086508,,0.341,ConnectionRefusedError:[Errno 61] Connection refused
28.943835041951388,,0.288,ConnectionRefusedError:[Errno 61] Connection refused
28.95251674996689,,0.289,ConnectionRefusedError:[Errno 61] Connection refused
28.960453958716244,,0.256,ConnectionRefusedError:[Errno 61] Connection refused
28.972812958993018,,0.251,ConnectionRefusedError:[Errno 61] Connection refused
28.980817041825503,,0.235,ConnectionRefusedError:[Errno 61] Connection refused
28.994432583916932,,0.267,ConnectionRefusedError:[Errno 61] Connection refused
29.000377959106117,,0.179,ConnectionRefusedError:[Errno 61] Connection refused
29.014727958943695,,0.182,ConnectionRefusedError:[Errno 61] Connection refused
29.022491625044495,,0.14,ConnectionRefusedError:[Errno 61] Connection refused
29.031207459047437,,0.181,ConnectionRefusedError:[Errno 61] Connection refused
29.04428470879793,,0.201,ConnectionRefusedError:[Errno 61] Connection refused
29.05273845884949,,0.2,ConnectionRefusedError:[Errno 61] Connection refused
29.063511834014207,,0.184,ConnectionRefusedError:[Errno 61] Connection refused
29.071297666989267,,0.152,ConnectionRefusedError:[Errno 61] Connection refused
29.08429720904678,,0.177,ConnectionRefusedError:[Errno 61] Connection refused
29.09197387471795,,0.148,ConnectionRefusedError:[Errno 61] Connection refused
29.103912999853492,,0.223,ConnectionRefusedError:[Errno 61] Connection refused
29.110050291754305,,0.127,ConnectionRefusedError:[Errno 61] Connection refused
29.12491233367473,,0.168,ConnectionRefusedError:[Errno 61] Connection refused
29.132446833886206,,0.167,ConnectionRefusedError:[Errno 61] Connection refused
29.14371941704303,,0.163,ConnectionRefusedError:[Errno 61] Connection refused
29.151368249673396,,0.166,ConnectionRefusedError:[Errno 61] Connection refused
29.161863584071398,,0.131,ConnectionRefusedError:[Errno 61] Connection refused
29.171503624878824,,0.179,ConnectionRefusedError:[Errno 61] Connection refused
29.180337791796774,,0.24,ConnectionRefusedError:[Errno 61] Connection refused
29.194673999678344,,0.183,ConnectionRefusedError:[Errno 61] Connection refused
29.202532459050417,,0.149,ConnectionRefusedError:[Errno 61] Connection refused
29.21367899980396,,0.147,ConnectionRefusedError:[Errno 61] Connection refused
29.222285458818078,,0.181,ConnectionRefusedError:[Errno 61] Connection refused
29.232972499914467,,0.167,ConnectionRefusedError:[Errno 61] Connection refused
29.243465083651245,,0.169,ConnectionRefusedError:[Errno 61] Connection refused
29.25116491690278,,0.215,ConnectionRefusedError:[Errno 61] Connection refused
29.264333958737552,,0.197,ConnectionRefusedError:[Errno 61] Connection refused
29.270599791780114,,0.172,ConnectionRefusedError:[Errno 61] Connection refused
29.284598416648805,,0.228,ConnectionRefusedError:[Errno 61] Connection refused
29.290421249810606,,0.198,ConnectionRefusedError:[Errno 61] Connection refused
29.30463758390397,,0.142,ConnectionRefusedError:[Errno 61] Connection refused
29.311753584071994,,0.166,ConnectionRefusedError:[Errno 61] Connection refused
29.321586541831493,,0.164,ConnectionRefusedError:[Errno 61] Connection refused
29.334138833917677,,0.144,ConnectionRefusedError:[Errno 61] Connection refused
29.34288674965501,,0.107,ConnectionRefusedError:[Errno 61] Connection refused
29.350455124862492,,0.121,ConnectionRefusedError:[Errno 61] Connection refused
29.36031220899895,,0.121,ConnectionRefusedError:[Errno 61] Connection refused
29.374792041722685,,0.168,ConnectionRefusedError:[Errno 61] Connection refused
29.382524542044848,,0.22,ConnectionRefusedError:[Errno 61] Connection refused
29.3933872920461,,0.193,ConnectionRefusedError:[Errno 61] Connection refused
29.403226499911398,,0.218,ConnectionRefusedError:[Errno 61] Connection refused
29.4132635416463,,0.156,ConnectionRefusedError:[Errno 61] Connection refused
29.423213708680123,,0.179,ConnectionRefusedError:[Errno 61] Connection refused
29.432197083719075,,0.218,ConnectionRefusedError:[Errno 61] Connection refused
29.44002270884812,,0.195,ConnectionRefusedError:[Errno 61] Connection refused
29.451601333916187,,0.208,ConnectionRefusedError:[Errno 61] Connection refused
29.463955458719283,,0.231,ConnectionRefusedError:[Errno 61] Connection refused
29.472770916763693,,0.221,ConnectionRefusedError:[Errno 61] Connection refused
29.481714041903615,,0.213,ConnectionRefusedError:[Errno 61] Connection refused
29.493997334036976,,0.241,ConnectionRefusedError:[Errno 61] Connection refused
29.502859208732843,,0.223,ConnectionRefusedError:[Errno 61] Connection refused
29.51190812466666,,0.21,ConnectionRefusedError:[Errno 61] Connection refused
29.52147337468341,,0.211,ConnectionRefusedError:[Errno 61] Connection refused
29.53117166692391,,0.243,ConnectionRefusedError:[Errno 61] Connection refused
29.54162820894271,,0.208,ConnectionRefusedError:[Errno 61] Connection refused
29.552850166801363,,0.203,ConnectionRefusedError:[Errno 61] Connection refused
29.56351129198447,,0.176,ConnectionRefusedError:[Errno 61] Connection refused
29.57267687469721,,0.148,ConnectionRefusedError:[Errno 61] Connection refused
29.58255087491125,,0.144,ConnectionRefusedError:[Errno 61] Connection refused
29.591596291866153,,0.144,ConnectionRefusedError:[Errno 61] Connection refused
29.600683291908354,,0.109,ConnectionRefusedError:[Errno 61] Connection refused
29.613527541980147,,0.19,ConnectionRefusedError:[Errno 61] Connection refused
29.620534166693687,,0.115,ConnectionRefusedError:[Errno 61] Connection refused
29.633544916752726,,0.165,ConnectionRefusedError:[Errno 61] Connection refused
29.64312899997458,,0.159,ConnectionRefusedError:[Errno 61] Connection refused
29.65218299999833,,0.15,ConnectionRefusedError:[Errno 61] Connection refused
29.661616459023207,,0.22,ConnectionRefusedError:[Errno 61] Connection refused
29.67242604168132,,0.193,ConnectionRefusedError:[Errno 61] Connection refused
29.682957249693573,,0.165,ConnectionRefusedError:[Errno 61] Connection refused
29.691580541897565,,0.187,ConnectionRefusedError:[Errno 61] Connection refused
29.703800916671753,,0.19,ConnectionRefusedError:[Errno 61] Connection refused
29.71046220883727,,0.215,ConnectionRefusedError:[Errno 61] Connection refused
29.723621458746493,,0.258,ConnectionRefusedError:[Errno 61] Connection refused
29.731429459061474,,0.215,ConnectionRefusedError:[Errno 61] Connection refused
29.744156458880752,,0.198,ConnectionRefusedError:[Errno 61] Connection refused
29.752162458840758,,0.206,ConnectionRefusedError:[Errno 61] Connection refused
29.763769125100225,,0.199,ConnectionRefusedError:[Errno 61] Connection refused
29.77167541673407,,0.222,ConnectionRefusedError:[Errno 61] Connection refused
29.781809291802347,,0.177,ConnectionRefusedError:[Errno 61] Connection refused
29.791876333765686,,0.205,ConnectionRefusedError:[Errno 61] Connection refused
29.803931375034153,,0.134,ConnectionRefusedError:[Errno 61] Connection refused
29.810840459074825,,0.166,ConnectionRefusedError:[Errno 61] Connection refused
29.821587916929275,,0.158,ConnectionRefusedError:[Errno 61] Connection refused
29.834134167060256,,0.143,ConnectionRefusedError:[Errno 61] Connection refused
29.841765834018588,,0.178,ConnectionRefusedError:[Errno 61] Connection refused
29.85159037495032,,0.212,ConnectionRefusedError:[Errno 61] Connection refused
29.860488208942115,,0.239,ConnectionRefusedError:[Errno 61] Connection refused
29.874616083689034,,0.203,ConnectionRefusedError:[Errno 61] Connection refused
29.88233495876193,,0.241,ConnectionRefusedError:[Errno 61] Connection refused
29.89003362506628,,0.189,ConnectionRefusedError:[Errno 61] Connection refused
29.90489058382809,,0.225,ConnectionRefusedError:[Errno 61] Connection refused
29.91238445881754,,0.199,ConnectionRefusedError:[Errno 61] Connection refused
29.923666999675333,,0.196,ConnectionRefusedError:[Errno 61] Connection refused
29.933100374881178,,0.154,ConnectionRefusedError:[Errno 61] Connection refused
29.941975709050894,,0.19,ConnectionRefusedError:[Errno 61] Connection refused
29.95282483380288,,0.202,ConnectionRefusedError:[Errno 61] Connection refused
29.963467249646783,,0.172,ConnectionRefusedError:[Errno 61] Connection refused
29.971122374758124,,0.124,ConnectionRefusedError:[Errno 61] Connection refused
29.982292458880693,,0.195,ConnectionRefusedError:[Errno 61] Connection refused
29.993764374870807,,0.156,ConnectionRefusedError:[Errno 61] Connection refused
30.003051625099033,,0.146,ConnectionRefusedError:[Errno 61] Connection refused
30.01070149987936,,0.206,ConnectionRefusedError:[Errno 61] Connection refused
30.02456875005737,,0.168,ConnectionRefusedError:[Errno 61] Connection refused
30.032592958770692,,0.24,ConnectionRefusedError:[Errno 61] Connection refused
30.043601458892226,,0.171,ConnectionRefusedError:[Errno 61] Connection refused
30.053097083698958,,0.263,ConnectionRefusedError:[Errno 61] Connection refused
30.060947791673243,,0.252,ConnectionRefusedError:[Errno 61] Connection refused
30.072134249843657,,0.409,ConnectionRefusedError:[Errno 61] Connection refused
30.080017374828458,,0.234,ConnectionRefusedError:[Errno 61] Connection refused
30.09491658397019,,0.215,ConnectionRefusedError:[Errno 61] Connection refused
30.100764291826636,,0.17,ConnectionRefusedError:[Errno 61] Connection refused
30.114546624943614,,0.279,ConnectionRefusedError:[Errno 61] Connection refused
30.122565291821957,,0.201,ConnectionRefusedError:[Errno 61] Connection refused
30.13365266704932,,0.156,ConnectionRefusedError:[Errno 61] Connection refused
30.143111791927367,,0.192,ConnectionRefusedError:[Errno 61] Connection refused
30.153323333710432,,0.198,ConnectionRefusedError:[Errno 61] Connection refused
30.160971417091787,,0.18,ConnectionRefusedError:[Errno 61] Connection refused
30.17841637507081,,0.191,ConnectionRefusedError:[Errno 61] Connection refused
30.180677459109575,,0.445,ConnectionRefusedError:[Errno 61] Connection refused
30.191414333879948,,0.223,ConnectionRefusedError:[Errno 61] Connection refused
30.20930041698739,,1.862,ConnectionRefusedError:[Errno 61] Connection refused
30.211565041914582,,1.481,ConnectionRefusedError:[Errno 61] Connection refused
30.221844249870628,,0.471,ConnectionRefusedError:[Errno 61] Connection refused
30.231653249822557,,0.359,ConnectionRefusedError:[Errno 61] Connection refused
30.244039666838944,,0.278,ConnectionRefusedError:[Errno 61] Connection refused
30.250485917087644,,0.263,ConnectionRefusedError:[Errno 61] Connection refused
30.263213417027146,,0.488,ConnectionRefusedError:[Errno 61] Connection refused
30.270374041981995,,0.334,ConnectionRefusedError:[Errno 61] Connection refused
30.280805458780378,,0.354,ConnectionRefusedError:[Errno 61] Connection refused
30.29053116682917,,0.424,ConnectionRefusedError:[Errno 61] Connection refused
30.30279599968344,,0.457,ConnectionRefusedError:[Errno 61] Connection refused
30.3112684590742,,0.406,ConnectionRefusedError:[Errno 61] Connection refused
30.324099333956838,,0.499,ConnectionRefusedError:[Errno 61] Connection refused
30.332043749745935,,0.296,ConnectionRefusedError:[Errno 61] Connection refused
30.343276625033468,,0.603,ConnectionRefusedError:[Errno 61] Connection refused
30.350495291873813,,0.36,ConnectionRefusedError:[Errno 61] Connection refused
30.36387762473896,,0.393,ConnectionRefusedError:[Errno 61] Connection refused
30.370949917007238,,1.537,ConnectionRefusedError:[Errno 61] Connection refused
30.382037125062197,,0.432,ConnectionRefusedError:[Errno 61] Connection refused
30.393254041671753,,0.355,ConnectionRefusedError:[Errno 61] Connection refused
30.403205666691065,,0.373,ConnectionRefusedError:[Errno 61] Connection refused
30.410268291831017,,0.22,ConnectionRefusedError:[Errno 61] Connection refused
30.424723541829735,,0.251,ConnectionRefusedError:[Errno 61] Connection refused
30.43247229186818,,0.196,ConnectionRefusedError:[Errno 61] Connection refused
30.443701583892107,,0.916,ConnectionRefusedError:[Errno 61] Connection refused
30.451623833738267,,0.401,ConnectionRefusedError:[Errno 61] Connection refused
30.460539834108204,,0.289,ConnectionRefusedError:[Errno 61] Connection refused
30.473247916903347,,0.473,ConnectionRefusedError:[Errno 61] Connection refused
30.480866624973714,,0.201,ConnectionRefusedError:[Errno 61] Connection refused
30.49443699978292,,0.299,ConnectionRefusedError:[Errno 61] Connection refused
30.50166029203683,,0.344,ConnectionRefusedError:[Errno 61] Connection refused
30.51212983392179,,0.427,ConnectionRefusedError:[Errno 61] Connection refused
30.520903874654323,,0.256,ConnectionRefusedError:[Errno 61] Connection refused
30.534413499757648,,0.415,ConnectionRefusedError:[Errno 61] Connection refused
30.54041908401996,,0.323,ConnectionRefusedError:[Errno 61] Connection refused
30.551339166704565,,0.28,ConnectionRefusedError:[Errno 61] Connection refused
30.5621253750287,,0.226,ConnectionRefusedError:[Errno 61] Connection refused
30.570848249830306,,0.329,ConnectionRefusedError:[Errno 61] Connection refused
30.584362249821424,,0.279,ConnectionRefusedError:[Errno 61] Connection refused
30.590860208962113,,0.252,ConnectionRefusedError:[Errno 61] Connection refused
30.603022833820432,,0.336,ConnectionRefusedError:[Errno 61] Connection refused
30.613060666713864,,0.288,ConnectionRefusedError:[Errno 61] Connection refused
30.621595333795995,,2.759,ConnectionRefusedError:[Errno 61] Connection refused
30.63206204166636,,0.277,ConnectionRefusedError:[Errno 61] Connection refused
30.64284595893696,,0.424,ConnectionRefusedError:[Errno 61] Connection refused
30.653304209001362,,0.473,ConnectionRefusedError:[Errno 61] Connection refused
30.66071941703558,,0.423,ConnectionRefusedError:[Errno 61] Connection refused
30.67251191707328,,2.068,ConnectionRefusedError:[Errno 61] Connection refused
30.681465999688953,,0.585,ConnectionRefusedError:[Errno 61] Connection refused
30.693274499848485,,0.345,ConnectionRefusedError:[Errno 61] Connection refused
30.70078487507999,,0.354,ConnectionRefusedError:[Errno 61] Connection refused
30.71245229197666,,0.492,ConnectionRefusedError:[Errno 61] Connection refused
30.722112624906003,,0.567,ConnectionRefusedError:[Errno 61] Connection refused
30.73315858375281,,0.488,ConnectionRefusedError:[Errno 61] Connection refused
30.740764874964952,,0.376,ConnectionRefusedError:[Errno 61] Connection refused
30.754133875016123,,0.591,ConnectionRefusedError:[Errno 61] Connection refused
30.76193541707471,,0.332,ConnectionRefusedError:[Errno 61] Connection refused
30.772115083876997,,0.369,ConnectionRefusedError:[Errno 61] Connection refused
30.783053416758776,,0.289,ConnectionRefusedError:[Errno 61] Connection refused
30.79327316675335,,0.262,ConnectionRefusedError:[Errno 61] Connection refused
30.802934916689992,,0.148,ConnectionRefusedError:[Errno 61] Connection refused
30.813461834099144,,0.168,ConnectionRefusedError:[Errno 61] Connection refused
30.821099041961133,,0.153,ConnectionRefusedError:[Errno 61] Connection refused
30.834402584005147,,0.215,ConnectionRefusedError:[Errno 61] Connection refused
30.842588958796114,,0.211,ConnectionRefusedError:[Errno 61] Connection refused
30.850725541822612,,0.211,ConnectionRefusedError:[Errno 61] Connection refused
30.860085208900273,,0.205,ConnectionRefusedError:[Errno 61] Connection refused
30.87232083408162,,0.211,ConnectionRefusedError:[Errno 61] Connection refused
30.883714416995645,,0.306,ConnectionRefusedError:[Errno 61] Connection refused
30.89299941668287,,0.229,ConnectionRefusedError:[Errno 61] Connection refused
30.903343041893095,,0.308,ConnectionRefusedError:[Errno 61] Connection refused
30.910074708983302,,0.41,ConnectionRefusedError:[Errno 61] Connection refused
30.921233041677624,,0.219,ConnectionRefusedError:[Errno 61] Connection refused
30.93074587499723,,0.213,ConnectionRefusedError:[Errno 61] Connection refused
30.943812666926533,,0.227,ConnectionRefusedError:[Errno 61] Connection refused
30.950685208663344,,0.234,ConnectionRefusedError:[Errno 61] Connection refused
30.96450125006959,,0.221,ConnectionRefusedError:[Errno 61] Connection refused
30.971378250047565,,0.174,ConnectionRefusedError:[Errno 61] Connection refused
30.98422233387828,,0.192,ConnectionRefusedError:[Errno 61] Connection refused
30.992717917077243,,0.162,ConnectionRefusedError:[Errno 61] Connection refused
31.003577874973416,,0.202,ConnectionRefusedError:[Errno 61] Connection refused
31.013133166823536,,0.237,ConnectionRefusedError:[Errno 61] Connection refused
31.02009608410299,,0.199,ConnectionRefusedError:[Errno 61] Connection refused
31.03481899993494,,0.177,ConnectionRefusedError:[Errno 61] Connection refused
31.04242758406326,,0.194,ConnectionRefusedError:[Errno 61] Connection refused
31.051873041782528,,0.248,ConnectionRefusedError:[Errno 61] Connection refused
31.063885999843478,,0.203,ConnectionRefusedError:[Errno 61] Connection refused
31.072630458977073,,0.2,ConnectionRefusedError:[Errno 61] Connection refused
31.080614999867976,,0.165,ConnectionRefusedError:[Errno 61] Connection refused
31.094615624751896,,0.222,ConnectionRefusedError:[Errno 61] Connection refused
31.102533583994955,,0.256,ConnectionRefusedError:[Errno 61] Connection refused
31.11169237503782,,0.192,ConnectionRefusedError:[Errno 61] Connection refused
31.124050624668598,,0.21,ConnectionRefusedError:[Errno 61] Connection refused
31.132850833702832,,0.129,ConnectionRefusedError:[Errno 61] Connection refused
31.142561583779752,,0.197,ConnectionRefusedError:[Errno 61] Connection refused
31.150355416815728,,0.168,ConnectionRefusedError:[Errno 61] Connection refused
31.163816374726593,,0.199,ConnectionRefusedError:[Errno 61] Connection refused
31.172048458829522,,0.29,ConnectionRefusedError:[Errno 61] Connection refused
31.180123541969806,,0.204,ConnectionRefusedError:[Errno 61] Connection refused
31.19094670889899,,0.26,ConnectionRefusedError:[Errno 61] Connection refused
31.20222279196605,,0.307,ConnectionRefusedError:[Errno 61] Connection refused
31.21098720887676,,0.224,ConnectionRefusedError:[Errno 61] Connection refused
31.22075845906511,,0.23,ConnectionRefusedError:[Errno 61] Connection refused
31.231254667043686,,0.197,ConnectionRefusedError:[Errno 61] Connection refused
31.242378833703697,,0.944,ConnectionRefusedError:[Errno 61] Connection refused
31.25161474989727,,0.2,ConnectionRefusedError:[Errno 61] Connection refused
31.26406095875427,,0.211,ConnectionRefusedError:[Errno 61] Connection refused
31.271963167004287,,0.18,ConnectionRefusedError:[Errno 61] Connection refused
31.282772541977465,,0.18,ConnectionRefusedError:[Errno 61] Connection refused
31.293535249773413,,0.181,ConnectionRefusedError:[Errno 61] Connection refused
31.303061041980982,,0.173,ConnectionRefusedError:[Errno 61] Connection refused
31.31303304200992,,0.211,ConnectionRefusedError:[Errno 61] Connection refused
31.320283124689013,,0.151,ConnectionRefusedError:[Errno 61] Connection refused
31.33264108374715,,0.161,ConnectionRefusedError:[Errno 61] Connection refused
31.341629208996892,,0.17,ConnectionRefusedError:[Errno 61] Connection refused
31.35121800005436,,0.23,ConnectionRefusedError:[Errno 61] Connection refused
31.364278041757643,,0.236,ConnectionRefusedError:[Errno 61] Connection refused
31.37152966670692,,0.192,ConnectionRefusedError:[Errno 61] Connection refused
31.38414325006306,,0.199,ConnectionRefusedError:[Errno 61] Connection refused
31.391415749676526,,0.186,ConnectionRefusedError:[Errno 61] Connection refused
31.403647291939706,,0.192,ConnectionRefusedError:[Errno 61] Connection refused
31.41141499998048,,0.175,ConnectionRefusedError:[Errno 61] Connection refused
31.424220459070057,,0.19,ConnectionRefusedError:[Errno 61] Connection refused
31.430678917095065,,0.159,ConnectionRefusedError:[Errno 61] Connection refused
31.442146874964237,,0.148,ConnectionRefusedError:[Errno 61] Connection refused
31.45307308388874,,0.131,ConnectionRefusedError:[Errno 61] Connection refused
31.463393666781485,,0.178,ConnectionRefusedError:[Errno 61] Connection refused
31.470696249976754,,0.171,ConnectionRefusedError:[Errno 61] Connection refused
31.482072167098522,,0.24,ConnectionRefusedError:[Errno 61] Connection refused
31.493798249866813,,0.182,ConnectionRefusedError:[Errno 61] Connection refused
31.501987458672374,,0.167,ConnectionRefusedError:[Errno 61] Connection refused
31.511717583984137,,0.235,ConnectionRefusedError:[Errno 61] Connection refused
31.523223499767482,,0.227,ConnectionRefusedError:[Errno 61] Connection refused
31.532699083909392,,0.227,ConnectionRefusedError:[Errno 61] Connection refused
31.543525124900043,,0.2,ConnectionRefusedError:[Errno 61] Connection refused
31.550046958960593,,0.122,ConnectionRefusedError:[Errno 61] Connection refused
31.564943541772664,,0.137,ConnectionRefusedError:[Errno 61] Connection refused
31.570748833939433,,0.15,ConnectionRefusedError:[Errno 61] Connection refused
31.58309212466702,,0.151,ConnectionRefusedError:[Errno 61] Connection refused
31.592964708805084,,0.123,ConnectionRefusedError:[Errno 61] Connection refused
31.60056516667828,,0.127,ConnectionRefusedError:[Errno 61] Connection refused
31.613991249818355,,0.129,ConnectionRefusedError:[Errno 61] Connection refused
31.622952084057033,,0.129,ConnectionRefusedError:[Errno 61] Connection refused
31.63278058404103,,0.131,ConnectionRefusedError:[Errno 61] Connection refused
31.642979667056352,,0.196,ConnectionRefusedError:[Errno 61] Connection refused
31.653435999993235,,0.197,ConnectionRefusedError:[Errno 61] Connection refused
31.663100958801806,,0.194,ConnectionRefusedError:[Errno 61] Connection refused
31.671276666689664,,0.204,ConnectionRefusedError:[Errno 61] Connection refused
31.684236666653305,,0.235,ConnectionRefusedError:[Errno 61] Connection refused
31.692737916950136,,0.22,ConnectionRefusedError:[Errno 61] Connection refused
31.700403624679893,,0.177,ConnectionRefusedError:[Errno 61] Connection refused
31.714743583928794,,0.213,ConnectionRefusedError:[Errno 61] Connection refused
31.72152516664937,,0.247,ConnectionRefusedError:[Errno 61] Connection refused
31.734061291906983,,0.244,ConnectionRefusedError:[Errno 61] Connection refused
31.740018833894283,,0.261,ConnectionRefusedError:[Errno 61] Connection refused
31.75376574974507,,0.248,ConnectionRefusedError:[Errno 61] Connection refused
31.762733083683997,,0.233,ConnectionRefusedError:[Errno 61] Connection refused
31.773399875033647,,0.269,ConnectionRefusedError:[Errno 61] Connection refused
31.781027124729007,,0.244,ConnectionRefusedError:[Errno 61] Connection refused
31.793356416746974,,0.208,ConnectionRefusedError:[Errno 61] Connection refused
31.800757334101945,,0.346,ConnectionRefusedError:[Errno 61] Connection refused
31.81174024986103,,0.215,ConnectionRefusedError:[Errno 61] Connection refused
31.823562166653574,,0.207,ConnectionRefusedError:[Errno 61] Connection refused
31.83082904201001,,0.191,ConnectionRefusedError:[Errno 61] Connection refused
31.84386599995196,,0.2,ConnectionRefusedError:[Errno 61] Connection refused
31.85294641694054,,0.164,ConnectionRefusedError:[Errno 61] Connection refused
31.86070999968797,,0.129,ConnectionRefusedError:[Errno 61] Connection refused
31.87239774968475,,0.165,ConnectionRefusedError:[Errno 61] Connection refused
31.880101124756038,,0.182,ConnectionRefusedError:[Errno 61] Connection refused
31.89482520893216,,0.187,ConnectionRefusedError:[Errno 61] Connection refused
31.90161216678098,,0.182,ConnectionRefusedError:[Errno 61] Connection refused
31.91168141691014,,0.213,ConnectionRefusedError:[Errno 61] Connection refused
31.92401187494397,,0.242,ConnectionRefusedError:[Errno 61] Connection refused
31.93281366676092,,0.172,ConnectionRefusedError:[Errno 61] Connection refused
31.943254958838224,,0.236,ConnectionRefusedError:[Errno 61] Connection refused
31.95106462482363,,0.201,ConnectionRefusedError:[Errno 61] Connection refused
31.96052558394149,,0.169,ConnectionRefusedError:[Errno 61] Connection refused
31.974342541769147,,0.199,ConnectionRefusedError:[Errno 61] Connection refused
31.982686374802142,,0.193,ConnectionRefusedError:[Errno 61] Connection refused
31.99041433399543,,0.174,ConnectionRefusedError:[Errno 61] Connection refused
32.00414637476206,,0.191,ConnectionRefusedError:[Errno 61] Connection refused
32.011819624807686,,0.179,ConnectionRefusedError:[Errno 61] Connection refused
32.024018208961934,,0.169,ConnectionRefusedError:[Errno 61] Connection refused
32.03290691692382,,0.169,ConnectionRefusedError:[Errno 61] Connection refused
32.04316345881671,,0.181,ConnectionRefusedError:[Errno 61] Connection refused
32.05219274992123,,0.2,ConnectionRefusedError:[Errno 61] Connection refused
32.06376370880753,,0.26,ConnectionRefusedError:[Errno 61] Connection refused
32.07293787505478,,0.303,ConnectionRefusedError:[Errno 61] Connection refused
32.080882125068456,,0.229,ConnectionRefusedError:[Errno 61] Connection refused
32.094451166689396,,0.293,ConnectionRefusedError:[Errno 61] Connection refused
32.100204708985984,,0.241,ConnectionRefusedError:[Errno 61] Connection refused
32.11251720879227,,0.243,ConnectionRefusedError:[Errno 61] Connection refused
32.12009183410555,,0.421,ConnectionRefusedError:[Errno 61] Connection refused
32.1302507086657,,0.415,ConnectionRefusedError:[Errno 61] Connection refused
32.140872166957706,,0.399,ConnectionRefusedError:[Errno 61] Connection refused
32.15295783383772,,0.258,ConnectionRefusedError:[Errno 61] Connection refused
32.16021387465298,,0.222,ConnectionRefusedError:[Errno 61] Connection refused
32.174823166802526,,0.341,ConnectionRefusedError:[Errno 61] Connection refused
32.18241204181686,,0.322,ConnectionRefusedError:[Errno 61] Connection refused
32.1921153338626,,0.26,ConnectionRefusedError:[Errno 61] Connection refused
32.20368841709569,,0.262,ConnectionRefusedError:[Errno 61] Connection refused
32.21305758366361,,0.287,ConnectionRefusedError:[Errno 61] Connection refused
32.22263762494549,,0.353,ConnectionRefusedError:[Errno 61] Connection refused
32.23359491676092,,0.383,ConnectionRefusedError:[Errno 61] Connection refused
32.24151087505743,,0.308,ConnectionRefusedError:[Errno 61] Connection refused
32.25367520889267,,0.217,ConnectionRefusedError:[Errno 61] Connection refused
32.263075708877295,,0.315,ConnectionRefusedError:[Errno 61] Connection refused
32.27096216706559,,0.265,ConnectionRefusedError:[Errno 61] Connection refused
32.28020495874807,,0.18,ConnectionRefusedError:[Errno 61] Connection refused
32.29447620874271,,0.568,ConnectionRefusedError:[Errno 61] Connection refused
32.302100374829024,,0.229,ConnectionRefusedError:[Errno 61] Connection refused
32.313828041777015,,0.228,ConnectionRefusedError:[Errno 61] Connection refused
32.32166187465191,,0.481,ConnectionRefusedError:[Errno 61] Connection refused
32.330209583975375,,0.235,ConnectionRefusedError:[Errno 61] Connection refused
32.3430343340151,,0.483,ConnectionRefusedError:[Errno 61] Connection refused
32.350850250106305,,0.427,ConnectionRefusedError:[Errno 61] Connection refused
32.36363524990156,,0.282,ConnectionRefusedError:[Errno 61] Connection refused
32.37227274989709,,0.281,ConnectionRefusedError:[Errno 61] Connection refused
32.38048879196867,,0.59,ConnectionRefusedError:[Errno 61] Connection refused
32.39428795874119,,0.492,ConnectionRefusedError:[Errno 61] Connection refused
32.40158829186112,,0.181,ConnectionRefusedError:[Errno 61] Connection refused
32.413741416763514,,0.342,ConnectionRefusedError:[Errno 61] Connection refused
32.42089683376253,,0.214,ConnectionRefusedError:[Errno 61] Connection refused
32.43349862471223,,0.33,ConnectionRefusedError:[Errno 61] Connection refused
32.44304637471214,,0.2,ConnectionRefusedError:[Errno 61] Connection refused
32.45304483408108,,0.219,ConnectionRefusedError:[Errno 61] Connection refused
32.46214225003496,,0.166,ConnectionRefusedError:[Errno 61] Connection refused
32.47177487472072,,0.215,ConnectionRefusedError:[Errno 61] Connection refused
32.483234167099,,0.191,ConnectionRefusedError:[Errno 61] Connection refused
32.49011483369395,,0.211,ConnectionRefusedError:[Errno 61] Connection refused
32.504815249703825,,0.245,ConnectionRefusedError:[Errno 61] Connection refused
32.51099174981937,,0.144,ConnectionRefusedError:[Errno 61] Connection refused
32.5244184168987,,0.214,ConnectionRefusedError:[Errno 61] Connection refused
32.532104124780744,,0.172,ConnectionRefusedError:[Errno 61] Connection refused
32.54386829165742,,0.202,ConnectionRefusedError:[Errno 61] Connection refused
32.551616499666125,,0.171,ConnectionRefusedError:[Errno 61] Connection refused
32.560874042101204,,0.219,ConnectionRefusedError:[Errno 61] Connection refused
32.57440445898101,,0.215,ConnectionRefusedError:[Errno 61] Connection refused
32.582732958719134,,0.154,ConnectionRefusedError:[Errno 61] Connection refused
32.593561166897416,,0.173,ConnectionRefusedError:[Errno 61] Connection refused
32.600758667103946,,0.165,ConnectionRefusedError:[Errno 61] Connection refused
32.61158758401871,,0.215,ConnectionRefusedError:[Errno 61] Connection refused
32.622741208877414,,0.178,ConnectionRefusedError:[Errno 61] Connection refused
32.63355233380571,,0.202,ConnectionRefusedError:[Errno 61] Connection refused
32.6431461670436,,0.167,ConnectionRefusedError:[Errno 61] Connection refused
32.65334941679612,,0.198,ConnectionRefusedError:[Errno 61] Connection refused
32.66106287483126,,0.228,ConnectionRefusedError:[Errno 61] Connection refused
32.67137341666967,,0.296,ConnectionRefusedError:[Errno 61] Connection refused
32.68250008393079,,0.334,ConnectionRefusedError:[Errno 61] Connection refused
32.693322042003274,,0.283,ConnectionRefusedError:[Errno 61] Connection refused
32.70052299974486,,0.224,ConnectionRefusedError:[Errno 61] Connection refused
32.714653624687344,,0.597,ConnectionRefusedError:[Errno 61] Connection refused
32.721062916796654,,4.111,ConnectionRefusedError:[Errno 61] Connection refused
32.73206787509844,,0.409,ConnectionRefusedError:[Errno 61] Connection refused
32.74265270866454,,0.201,ConnectionRefusedError:[Errno 61] Connection refused
32.7535636248067,,0.222,ConnectionRefusedError:[Errno 61] Connection refused
32.763010249938816,,0.2,ConnectionRefusedError:[Errno 61] Connection refused
32.77336800005287,,0.204,ConnectionRefusedError:[Errno 61] Connection refused
32.781619667075574,,0.224,ConnectionRefusedError:[Errno 61] Connection refused
32.79102341691032,,0.201,ConnectionRefusedError:[Errno 61] Connection refused
32.80434029176831,,0.203,ConnectionRefusedError:[Errno 61] Connection refused
32.81270341668278,,0.185,ConnectionRefusedError:[Errno 61] Connection refused
32.823398666922,,0.261,ConnectionRefusedError:[Errno 61] Connection refused
32.831344875041395,,0.223,ConnectionRefusedError:[Errno 61] Connection refused
32.841981125064194,,0.205,ConnectionRefusedError:[Errno 61] Connection refused
32.8506084587425,,0.254,ConnectionRefusedError:[Errno 61] Connection refused
32.86294358409941,,0.278,ConnectionRefusedError:[Errno 61] Connection refused
32.87195945903659,,0.37,ConnectionRefusedError:[Errno 61] Connection refused
32.88210170902312,,0.321,ConnectionRefusedError:[Errno 61] Connection refused
32.89330695895478,,0.27,ConnectionRefusedError:[Errno 61] Connection refused
32.90099324984476,,0.52,ConnectionRefusedError:[Errno 61] Connection refused
32.913198166992515,,0.283,ConnectionRefusedError:[Errno 61] Connection refused
32.923677041660994,,0.888,ConnectionRefusedError:[Errno 61] Connection refused
32.93178424984217,,0.222,ConnectionRefusedError:[Errno 61] Connection refused
32.94259737478569,,0.272,ConnectionRefusedError:[Errno 61] Connection refused
32.953362833708525,,0.332,ConnectionRefusedError:[Errno 61] Connection refused
32.960706791840494,,0.23,ConnectionRefusedError:[Errno 61] Connection refused
32.970386459026486,,0.227,ConnectionRefusedError:[Errno 61] Connection refused
32.980132083874196,,0.347,ConnectionRefusedError:[Errno 61] Connection refused
32.991792124696076,,0.224,ConnectionRefusedError:[Errno 61] Connection refused
33.00044008390978,,0.224,ConnectionRefusedError:[Errno 61] Connection refused
33.011782499961555,,0.176,ConnectionRefusedError:[Errno 61] Connection refused
33.02399104181677,,0.271,ConnectionRefusedError:[Errno 61] Connection refused
33.03023587493226,,0.22,ConnectionRefusedError:[Errno 61] Connection refused
33.04553245892748,,0.39,ConnectionRefusedError:[Errno 61] Connection refused
33.05068595893681,,0.276,ConnectionRefusedError:[Errno 61] Connection refused
33.0643839170225,,0.256,ConnectionRefusedError:[Errno 61] Connection refused
33.07042720867321,,0.31,ConnectionRefusedError:[Errno 61] Connection refused
33.08114829193801,,0.304,ConnectionRefusedError:[Errno 61] Connection refused
33.09237383399159,,0.516,ConnectionRefusedError:[Errno 61] Connection refused
33.10199141688645,,0.388,ConnectionRefusedError:[Errno 61] Connection refused
33.111689291894436,,0.283,ConnectionRefusedError:[Errno 61] Connection refused
33.1239831247367,,0.298,ConnectionRefusedError:[Errno 61] Connection refused
33.131346999667585,,0.246,ConnectionRefusedError:[Errno 61] Connection refused
33.14471804210916,,1.351,ConnectionRefusedError:[Errno 61] Connection refused
33.15117095876485,,0.27,ConnectionRefusedError:[Errno 61] Connection refused
33.16267979191616,,0.251,ConnectionRefusedError:[Errno 61] Connection refused
33.170341374818236,,0.244,ConnectionRefusedError:[Errno 61] Connection refused
33.1846868339926,,0.251,ConnectionRefusedError:[Errno 61] Connection refused
33.19221483403817,,0.211,ConnectionRefusedError:[Errno 61] Connection refused
33.201022708788514,,0.176,ConnectionRefusedError:[Errno 61] Connection refused
33.21346108382568,,0.215,ConnectionRefusedError:[Errno 61] Connection refused
33.22185549978167,,0.164,ConnectionRefusedError:[Errno 61] Connection refused
33.23396774986759,,0.259,ConnectionRefusedError:[Errno 61] Connection refused
33.24183970876038,,0.19,ConnectionRefusedError:[Errno 61] Connection refused
33.25397387472913,,0.227,ConnectionRefusedError:[Errno 61] Connection refused
33.261900916695595,,0.229,ConnectionRefusedError:[Errno 61] Connection refused
33.273877792060375,,0.165,ConnectionRefusedError:[Errno 61] Connection refused
33.28026774991304,,0.258,ConnectionRefusedError:[Errno 61] Connection refused
33.29460320901126,,0.287,ConnectionRefusedError:[Errno 61] Connection refused
33.301594083663076,,0.279,ConnectionRefusedError:[Errno 61] Connection refused
33.31407229183242,,0.437,ConnectionRefusedError:[Errno 61] Connection refused
33.320324666798115,,0.213,ConnectionRefusedError:[Errno 61] Connection refused
33.33472654176876,,0.296,ConnectionRefusedError:[Errno 61] Connection refused
33.342427416704595,,0.231,ConnectionRefusedError:[Errno 61] Connection refused
33.353845208883286,,0.794,ConnectionRefusedError:[Errno 61] Connection refused
33.36382024968043,,0.416,ConnectionRefusedError:[Errno 61] Connection refused
33.3720867917873,,0.338,ConnectionRefusedError:[Errno 61] Connection refused
33.38224537484348,,0.974,ConnectionRefusedError:[Errno 61] Connection refused
33.3933365419507,,0.416,ConnectionRefusedError:[Errno 61] Connection refused
33.40187599975616,,0.308,ConnectionRefusedError:[Errno 61] Connection refused
33.4137585000135,,0.231,ConnectionRefusedError:[Errno 61] Connection refused
33.420773583929986,,0.267,ConnectionRefusedError:[Errno 61] Connection refused
33.430749875027686,,0.348,ConnectionRefusedError:[Errno 61] Connection refused
33.44134099967778,,0.252,ConnectionRefusedError:[Errno 61] Connection refused
33.45418045902625,,0.226,ConnectionRefusedError:[Errno 61] Connection refused
33.46002083364874,,0.235,ConnectionRefusedError:[Errno 61] Connection refused
33.47178604174405,,0.191,ConnectionRefusedError:[Errno 61] Connection refused
33.4809950417839,,0.24,ConnectionRefusedError:[Errno 61] Connection refused
33.49433925002813,,0.254,ConnectionRefusedError:[Errno 61] Connection refused
33.50156837468967,,0.199,ConnectionRefusedError:[Errno 61] Connection refused
33.51412408379838,,0.245,ConnectionRefusedError:[Errno 61] Connection refused
33.522764292079955,,0.214,ConnectionRefusedError:[Errno 61] Connection refused
33.530574209056795,,0.174,ConnectionRefusedError:[Errno 61] Connection refused
33.54099908377975,,0.189,ConnectionRefusedError:[Errno 61] Connection refused
33.554373499937356,,0.167,ConnectionRefusedError:[Errno 61] Connection refused
33.56102004181594,,0.15,ConnectionRefusedError:[Errno 61] Connection refused
33.57441308395937,,0.167,ConnectionRefusedError:[Errno 61] Connection refused
33.5827067499049,,0.185,ConnectionRefusedError:[Errno 61] Connection refused
33.593602667097,,0.147,ConnectionRefusedError:[Errno 61] Connection refused
33.60125304199755,,0.135,ConnectionRefusedError:[Errno 61] Connection refused
33.614190292079,,0.161,ConnectionRefusedError:[Errno 61] Connection refused
33.62283983407542,,0.14,ConnectionRefusedError:[Errno 61] Connection refused
33.633519833907485,,0.185,ConnectionRefusedError:[Errno 61] Connection refused
33.643113541882485,,0.131,ConnectionRefusedError:[Errno 61] Connection refused
33.650762249715626,,0.198,ConnectionRefusedError:[Errno 61] Connection refused
33.6607884997502,,0.183,ConnectionRefusedError:[Errno 61] Connection refused
33.672535416670144,,0.215,ConnectionRefusedError:[Errno 61] Connection refused
33.68113083392382,,0.261,ConnectionRefusedError:[Errno 61] Connection refused
33.69081420870498,,0.186,ConnectionRefusedError:[Errno 61] Connection refused
33.70031762495637,,0.215,ConnectionRefusedError:[Errno 61] Connection refused
33.7147500840947,,0.202,ConnectionRefusedError:[Errno 61] Connection refused
33.72211241675541,,0.266,ConnectionRefusedError:[Errno 61] Connection refused
33.73186900001019,,0.338,ConnectionRefusedError:[Errno 61] Connection refused
33.74074812466279,,0.21,ConnectionRefusedError:[Errno 61] Connection refused
33.753152874764055,,0.285,ConnectionRefusedError:[Errno 61] Connection refused
33.76327966665849,,0.34,ConnectionRefusedError:[Errno 61] Connection refused
33.77320987498388,,0.375,ConnectionRefusedError:[Errno 61] Connection refused
33.78039733367041,,0.197,ConnectionRefusedError:[Errno 61] Connection refused
33.79008104186505,,0.354,ConnectionRefusedError:[Errno 61] Connection refused
33.80482887476683,,0.275,ConnectionRefusedError:[Errno 61] Connection refused
33.81006295885891,,0.233,ConnectionRefusedError:[Errno 61] Connection refused
33.8224728750065,,0.241,ConnectionRefusedError:[Errno 61] Connection refused
33.83017887501046,,0.231,ConnectionRefusedError:[Errno 61] Connection refused
33.84056741697714,,0.219,ConnectionRefusedError:[Errno 61] Connection refused
33.85164629202336,,0.214,ConnectionRefusedError:[Errno 61] Connection refused
33.86383395874873,,0.215,ConnectionRefusedError:[Errno 61] Connection refused
33.870338833890855,,0.199,ConnectionRefusedError:[Errno 61] Connection refused
33.88468175008893,,0.232,ConnectionRefusedError:[Errno 61] Connection refused
33.89197854185477,,0.185,ConnectionRefusedError:[Errno 61] Connection refused
33.90224799979478,,0.179,ConnectionRefusedError:[Errno 61] Connection refused
33.913786749821156,,0.206,ConnectionRefusedError:[Errno 61] Connection refused
33.92063375003636,,0.22,ConnectionRefusedError:[Errno 61] Connection refused
33.934552958700806,,0.205,ConnectionRefusedError:[Errno 61] Connection refused
33.94005524972454,,0.16,ConnectionRefusedError:[Errno 61] Connection refused
33.953392083756626,,0.283,ConnectionRefusedError:[Errno 61] Connection refused
33.961218416690826,,0.25,ConnectionRefusedError:[Errno 61] Connection refused
33.97002199990675,,0.217,ConnectionRefusedError:[Errno 61] Connection refused
33.98479387490079,,0.209,ConnectionRefusedError:[Errno 61] Connection refused
33.99217004189268,,0.237,ConnectionRefusedError:[Errno 61] Connection refused
34.00206516683102,,0.224,ConnectionRefusedError:[Errno 61] Connection refused
34.0138065838255,,0.175,ConnectionRefusedError:[Errno 61] Connection refused
34.02241979166865,,0.177,ConnectionRefusedError:[Errno 61] Connection refused
34.03014229191467,,0.185,ConnectionRefusedError:[Errno 61] Connection refused
34.04011766705662,,0.16,ConnectionRefusedError:[Errno 61] Connection refused
34.05051374994218,,0.159,ConnectionRefusedError:[Errno 61] Connection refused
34.06467595882714,,0.188,ConnectionRefusedError:[Errno 61] Connection refused
34.07241174997762,,0.173,ConnectionRefusedError:[Errno 61] Connection refused
34.08369379164651,,0.172,ConnectionRefusedError:[Errno 61] Connection refused
34.09307987475768,,0.136,ConnectionRefusedError:[Errno 61] Connection refused
34.103389292024076,,0.25,ConnectionRefusedError:[Errno 61] Connection refused
34.1119987918064,,0.194,ConnectionRefusedError:[Errno 61] Connection refused
34.123893375042826,,0.222,ConnectionRefusedError:[Errno 61] Connection refused
34.13003958389163,,0.159,ConnectionRefusedError:[Errno 61] Connection refused
34.14489645883441,,0.242,ConnectionRefusedError:[Errno 61] Connection refused
34.15243770880625,,0.268,ConnectionRefusedError:[Errno 61] Connection refused
34.16021545883268,,0.231,ConnectionRefusedError:[Errno 61] Connection refused
34.17182149970904,,0.218,ConnectionRefusedError:[Errno 61] Connection refused
34.18093016697094,,0.452,ConnectionRefusedError:[Errno 61] Connection refused
34.1906519588083,,0.537,ConnectionRefusedError:[Errno 61] Connection refused
34.204208749812096,,0.345,ConnectionRefusedError:[Errno 61] Connection refused
34.21009554201737,,0.629,ConnectionRefusedError:[Errno 61] Connection refused
34.22446900000796,,2.231,ConnectionRefusedError:[Errno 61] Connection refused
34.23138595884666,,0.255,ConnectionRefusedError:[Errno 61] Connection refused
34.24418645910919,,0.212,ConnectionRefusedError:[Errno 61] Connection refused
34.25107358396053,,0.193,ConnectionRefusedError:[Errno 61] Connection refused
34.26318612508476,,0.222,ConnectionRefusedError:[Errno 61] Connection refused
34.271001083776355,,0.208,ConnectionRefusedError:[Errno 61] Connection refused
34.2844063336961,,0.192,ConnectionRefusedError:[Errno 61] Connection refused
34.29208591673523,,0.21,ConnectionRefusedError:[Errno 61] Connection refused
34.30243574967608,,0.205,ConnectionRefusedError:[Errno 61] Connection refused
34.313486124854535,,0.262,ConnectionRefusedError:[Errno 61] Connection refused
34.32118600001559,,0.225,ConnectionRefusedError:[Errno 61] Connection refused
34.33259212505072,,0.223,ConnectionRefusedError:[Errno 61] Connection refused
34.34359712479636,,0.677,ConnectionRefusedError:[Errno 61] Connection refused
34.35240741679445,,0.238,ConnectionRefusedError:[Errno 61] Connection refused
34.360308500006795,,0.555,ConnectionRefusedError:[Errno 61] Connection refused
34.37410837505013,,0.454,ConnectionRefusedError:[Errno 61] Connection refused
34.382643499877304,,0.363,ConnectionRefusedError:[Errno 61] Connection refused
34.393255416769534,,0.515,ConnectionRefusedError:[Errno 61] Connection refused
34.402605291921645,,0.342,ConnectionRefusedError:[Errno 61] Connection refused
34.41291066678241,,0.378,ConnectionRefusedError:[Errno 61] Connection refused
34.42285008402541,,0.44,ConnectionRefusedError:[Errno 61] Connection refused
34.43330474989489,,0.536,ConnectionRefusedError:[Errno 61] Connection refused
34.44273466710001,,0.378,ConnectionRefusedError:[Errno 61] Connection refused
34.4534609997645,,0.329,ConnectionRefusedError:[Errno 61] Connection refused
34.461873166728765,,0.455,ConnectionRefusedError:[Errno 61] Connection refused
34.47274454170838,,0.35,ConnectionRefusedError:[Errno 61] Connection refused
34.48316533397883,,0.458,ConnectionRefusedError:[Errno 61] Connection refused
34.49026616709307,,0.309,ConnectionRefusedError:[Errno 61] Connection refused
34.50161150004715,,0.337,ConnectionRefusedError:[Errno 61] Connection refused
34.512678375002,,0.347,ConnectionRefusedError:[Errno 61] Connection refused
34.52055320888758,,0.469,ConnectionRefusedError:[Errno 61] Connection refused
34.53347920905799,,0.226,ConnectionRefusedError:[Errno 61] Connection refused
34.54200654197484,,0.251,ConnectionRefusedError:[Errno 61] Connection refused
34.55169799970463,,0.318,ConnectionRefusedError:[Errno 61] Connection refused
34.563336624763906,,0.286,ConnectionRefusedError:[Errno 61] Connection refused
34.573135749902576,,0.245,ConnectionRefusedError:[Errno 61] Connection refused
34.58330179192126,,0.228,ConnectionRefusedError:[Errno 61] Connection refused
34.591170333791524,,0.164,ConnectionRefusedError:[Errno 61] Connection refused
34.6012780838646,,0.19,ConnectionRefusedError:[Errno 61] Connection refused
34.61421866668388,,0.17,ConnectionRefusedError:[Errno 61] Connection refused
34.62041504168883,,0.207,ConnectionRefusedError:[Errno 61] Connection refused
34.6325865839608,,0.223,ConnectionRefusedError:[Errno 61] Connection refused
34.64358783373609,,0.19,ConnectionRefusedError:[Errno 61] Connection refused
34.653093583881855,,0.199,ConnectionRefusedError:[Errno 61] Connection refused
34.66184037504718,,0.189,ConnectionRefusedError:[Errno 61] Connection refused
34.673318083863705,,0.208,ConnectionRefusedError:[Errno 61] Connection refused
34.68078824970871,,0.165,ConnectionRefusedError:[Errno 61] Connection refused
34.69458774989471,,0.331,ConnectionRefusedError:[Errno 61] Connection refused
34.700784042011946,,0.328,ConnectionRefusedError:[Errno 61] Connection refused
34.71428137505427,,0.335,ConnectionRefusedError:[Errno 61] Connection refused
34.72033258387819,,0.281,ConnectionRefusedError:[Errno 61] Connection refused
34.734391749836504,,0.446,ConnectionRefusedError:[Errno 61] Connection refused
34.74095287499949,,0.278,ConnectionRefusedError:[Errno 61] Connection refused
34.76014495873824,,1.406,ConnectionRefusedError:[Errno 61] Connection refused
34.762027834076434,,0.483,ConnectionRefusedError:[Errno 61] Connection refused
34.77071691676974,,0.324,ConnectionRefusedError:[Errno 61] Connection refused
34.7844878337346,,0.596,ConnectionRefusedError:[Errno 61] Connection refused
34.79170812480152,,0.43,ConnectionRefusedError:[Errno 61] Connection refused
34.80224033398554,,0.205,ConnectionRefusedError:[Errno 61] Connection refused
34.813658374827355,,0.217,ConnectionRefusedError:[Errno 61] Connection refused
34.82033795909956,,0.192,ConnectionRefusedError:[Errno 61] Connection refused
34.830233624670655,,0.259,ConnectionRefusedError:[Errno 61] Connection refused
34.84456537477672,,0.273,ConnectionRefusedError:[Errno 61] Connection refused
34.852463624905795,,0.471,ConnectionRefusedError:[Errno 61] Connection refused
34.86266874987632,,0.278,ConnectionRefusedError:[Errno 61] Connection refused
34.873500999994576,,0.268,ConnectionRefusedError:[Errno 61] Connection refused
34.883051624987274,,0.261,ConnectionRefusedError:[Errno 61] Connection refused
34.8932257918641,,0.265,ConnectionRefusedError:[Errno 61] Connection refused
34.90144224977121,,0.199,ConnectionRefusedError:[Errno 61] Connection refused
34.9128536246717,,0.199,ConnectionRefusedError:[Errno 61] Connection refused
34.92345204204321,,0.173,ConnectionRefusedError:[Errno 61] Connection refused
34.93316849973053,,0.294,ConnectionRefusedError:[Errno 61] Connection refused
34.940851874649525,,0.213,ConnectionRefusedError:[Errno 61] Connection refused
34.95446087466553,,0.259,ConnectionRefusedError:[Errno 61] Connection refused
34.96257037483156,,0.227,ConnectionRefusedError:[Errno 61] Connection refused
34.97025045892224,,0.242,ConnectionRefusedError:[Errno 61] Connection refused
34.98352341679856,,0.336,ConnectionRefusedError:[Errno 61] Connection refused
34.99299170868471,,0.294,ConnectionRefusedError:[Errno 61] Connection refused
35.001721458975226,,0.5,ConnectionRefusedError:[Errno 61] Connection refused
35.01122137485072,,0.385,ConnectionRefusedError:[Errno 61] Connection refused
35.02169954171404,,0.735,ConnectionRefusedError:[Errno 61] Connection refused
35.03309995867312,,0.394,ConnectionRefusedError:[Errno 61] Connection refused
35.04005345888436,,0.287,ConnectionRefusedError:[Errno 61] Connection refused
35.050497292075306,,0.284,ConnectionRefusedError:[Errno 61] Connection refused
35.064544084016234,,0.294,ConnectionRefusedError:[Errno 61] Connection refused
35.07251033373177,,0.248,ConnectionRefusedError:[Errno 61] Connection refused
35.08147245878354,,0.21,ConnectionRefusedError:[Errno 61] Connection refused
35.093990166671574,,0.262,ConnectionRefusedError:[Errno 61] Connection refused
35.10092233400792,,0.206,ConnectionRefusedError:[Errno 61] Connection refused
35.113905208650976,,0.238,ConnectionRefusedError:[Errno 61] Connection refused
35.1228314996697,,0.218,ConnectionRefusedError:[Errno 61] Connection refused
35.13185354182497,,0.222,ConnectionRefusedError:[Errno 61] Connection refused
35.143955166917294,,0.181,ConnectionRefusedError:[Errno 61] Connection refused
35.151773208752275,,0.182,ConnectionRefusedError:[Errno 61] Connection refused
35.16347624966875,,0.143,ConnectionRefusedError:[Errno 61] Connection refused
35.17319374997169,,0.153,ConnectionRefusedError:[Errno 61] Connection refused
35.18086266703904,,0.147,ConnectionRefusedError:[Errno 61] Connection refused
35.19013508409262,,0.277,ConnectionRefusedError:[Errno 61] Connection refused
35.20480466680601,,0.247,ConnectionRefusedError:[Errno 61] Connection refused
35.21222950005904,,0.201,ConnectionRefusedError:[Errno 61] Connection refused
35.220240499824286,,0.148,ConnectionRefusedError:[Errno 61] Connection refused
35.23481324966997,,0.243,ConnectionRefusedError:[Errno 61] Connection refused
35.24241445865482,,0.158,ConnectionRefusedError:[Errno 61] Connection refused
35.25196149991825,,0.145,ConnectionRefusedError:[Errno 61] Connection refused
35.26396145904437,,0.145,ConnectionRefusedError:[Errno 61] Connection refused
35.27294791676104,,0.124,ConnectionRefusedError:[Errno 61] Connection refused
35.28347099991515,,0.166,ConnectionRefusedError:[Errno 61] Connection refused
35.29318091692403,,0.134,ConnectionRefusedError:[Errno 61] Connection refused
35.303348999936134,,0.16,ConnectionRefusedError:[Errno 61] Connection refused
35.31174700008705,,0.181,ConnectionRefusedError:[Errno 61] Connection refused
35.32341887475923,,0.231,ConnectionRefusedError:[Errno 61] Connection refused
35.331200750079006,,0.174,ConnectionRefusedError:[Errno 61] Connection refused
35.344028417021036,,0.237,ConnectionRefusedError:[Errno 61] Connection refused
35.351853916887194,,0.209,ConnectionRefusedError:[Errno 61] Connection refused
35.36206395877525,,0.226,ConnectionRefusedError:[Errno 61] Connection refused
35.370288458652794,,0.426,ConnectionRefusedError:[Errno 61] Connection refused
35.38451579166576,,0.314,ConnectionRefusedError:[Errno 61] Connection refused
35.392540167085826,,0.232,ConnectionRefusedError:[Errno 61] Connection refused
35.40353283379227,,0.201,ConnectionRefusedError:[Errno 61] Connection refused
35.41116950009018,,0.146,ConnectionRefusedError:[Errno 61] Connection refused
35.424346124753356,,0.203,ConnectionRefusedError:[Errno 61] Connection refused
35.432250584010035,,0.174,ConnectionRefusedError:[Errno 61] Connection refused
35.44368741707876,,0.169,ConnectionRefusedError:[Errno 61] Connection refused
35.45304133370519,,0.21,ConnectionRefusedError:[Errno 61] Connection refused
35.463082749862224,,0.196,ConnectionRefusedError:[Errno 61] Connection refused
35.47335216682404,,0.199,ConnectionRefusedError:[Errno 61] Connection refused
35.48083083378151,,0.194,ConnectionRefusedError:[Errno 61] Connection refused
35.49448445905,,0.157,ConnectionRefusedError:[Errno 61] Connection refused
35.500832749996334,,0.151,ConnectionRefusedError:[Errno 61] Connection refused
35.51311079179868,,0.275,ConnectionRefusedError:[Errno 61] Connection refused
35.5219464590773,,0.149,ConnectionRefusedError:[Errno 61] Connection refused
35.532785458955914,,0.141,ConnectionRefusedError:[Errno 61] Connection refused
35.543540874961764,,0.226,ConnectionRefusedError:[Errno 61] Connection refused
35.5529596246779,,0.252,ConnectionRefusedError:[Errno 61] Connection refused
35.563074625097215,,0.2,ConnectionRefusedError:[Errno 61] Connection refused
35.5705042919144,,0.209,ConnectionRefusedError:[Errno 61] Connection refused
35.58457870874554,,0.236,ConnectionRefusedError:[Errno 61] Connection refused
35.59464891673997,,0.286,ConnectionRefusedError:[Errno 61] Connection refused
35.602039999794215,,0.289,ConnectionRefusedError:[Errno 61] Connection refused
35.611721416935325,,0.231,ConnectionRefusedError:[Errno 61] Connection refused
35.62042295886204,,0.337,ConnectionRefusedError:[Errno 61] Connection refused
35.63358308374882,,0.3,ConnectionRefusedError:[Errno 61] Connection refused
35.64296670909971,,0.866,ConnectionRefusedError:[Errno 61] Connection refused
35.65159424999729,,0.313,ConnectionRefusedError:[Errno 61] Connection refused
35.66360241686925,,0.364,ConnectionRefusedError:[Errno 61] Connection refused
35.672720584087074,,0.505,ConnectionRefusedError:[Errno 61] Connection refused
35.68185266666114,,0.418,ConnectionRefusedError:[Errno 61] Connection refused
35.690532916691154,,0.321,ConnectionRefusedError:[Errno 61] Connection refused
35.70344774983823,,0.342,ConnectionRefusedError:[Errno 61] Connection refused
35.71236470900476,,0.311,ConnectionRefusedError:[Errno 61] Connection refused
35.72296837484464,,0.41,ConnectionRefusedError:[Errno 61] Connection refused
35.73331212485209,,0.435,ConnectionRefusedError:[Errno 61] Connection refused
35.74304799968377,,0.256,ConnectionRefusedError:[Errno 61] Connection refused
35.752925666980445,,0.807,ConnectionRefusedError:[Errno 61] Connection refused
35.7605285840109,,0.567,ConnectionRefusedError:[Errno 61] Connection refused
35.774438166990876,,0.533,ConnectionRefusedError:[Errno 61] Connection refused
35.78246691683307,,0.298,ConnectionRefusedError:[Errno 61] Connection refused
35.793637291993946,,0.325,ConnectionRefusedError:[Errno 61] Connection refused
35.80219304189086,,0.359,ConnectionRefusedError:[Errno 61] Connection refused
35.81136929197237,,0.339,ConnectionRefusedError:[Errno 61] Connection refused
35.82420812500641,,0.46,ConnectionRefusedError:[Errno 61] Connection refused
35.832322999835014,,0.196,ConnectionRefusedError:[Errno 61] Connection refused
35.84375200001523,,0.53,ConnectionRefusedError:[Errno 61] Connection refused
35.852554416749626,,0.311,ConnectionRefusedError:[Errno 61] Connection refused
35.860509749967605,,0.374,ConnectionRefusedError:[Errno 61] Connection refused
35.8715876666829,,0.443,ConnectionRefusedError:[Errno 61] Connection refused
35.88173258397728,,0.363,ConnectionRefusedError:[Errno 61] Connection refused
35.89759725006297,,0.637,ConnectionRefusedError:[Errno 61] Connection refused
35.900446416810155,,0.365,ConnectionRefusedError:[Errno 61] Connection refused
35.91278833383694,,0.256,ConnectionRefusedError:[Errno 61] Connection refused
35.92806158401072,,0.412,ConnectionRefusedError:[Errno 61] Connection refused
35.930485208984464,,0.388,ConnectionRefusedError:[Errno 61] Connection refused
35.94445112487301,,0.337,ConnectionRefusedError:[Errno 61] Connection refused
35.950948166660964,,0.283,ConnectionRefusedError:[Errno 61] Connection refused
35.9643397917971,,0.235,ConnectionRefusedError:[Errno 61] Connection refused
35.97481416678056,,0.317,ConnectionRefusedError:[Errno 61] Connection refused
35.98178174998611,,0.269,ConnectionRefusedError:[Errno 61] Connection refused
35.99401970906183,,0.508,ConnectionRefusedError:[Errno 61] Connection refused
36.00119529198855,,2.899,ConnectionRefusedError:[Errno 61] Connection refused
36.010491834022105,,0.304,ConnectionRefusedError:[Errno 61] Connection refused
36.02042429195717,,0.518,ConnectionRefusedError:[Errno 61] Connection refused
36.03446758398786,,0.346,ConnectionRefusedError:[Errno 61] Connection refused
36.04059987468645,,0.244,ConnectionRefusedError:[Errno 61] Connection refused
36.05247029196471,,0.454,ConnectionRefusedError:[Errno 61] Connection refused
36.06048579188064,,0.673,ConnectionRefusedError:[Errno 61] Connection refused
36.07177754165605,,0.467,ConnectionRefusedError:[Errno 61] Connection refused
36.08440445875749,,0.736,ConnectionRefusedError:[Errno 61] Connection refused
36.09202374983579,,0.435,ConnectionRefusedError:[Errno 61] Connection refused
36.10375870903954,,0.245,ConnectionRefusedError:[Errno 61] Connection refused
36.11168495891616,,0.297,ConnectionRefusedError:[Errno 61] Connection refused
36.12180887488648,,0.329,ConnectionRefusedError:[Errno 61] Connection refused
36.13365029171109,,0.271,ConnectionRefusedError:[Errno 61] Connection refused
36.145387708675116,,0.291,ConnectionRefusedError:[Errno 61] Connection refused
36.151557500008494,,0.302,ConnectionRefusedError:[Errno 61] Connection refused
36.16211974993348,,0.274,ConnectionRefusedError:[Errno 61] Connection refused
36.17015233403072,,0.292,ConnectionRefusedError:[Errno 61] Connection refused
36.184760000091046,,0.277,ConnectionRefusedError:[Errno 61] Connection refused
36.19188324967399,,0.196,ConnectionRefusedError:[Errno 61] Connection refused
36.203935083933175,,0.271,ConnectionRefusedError:[Errno 61] Connection refused
36.211189708672464,,0.285,ConnectionRefusedError:[Errno 61] Connection refused
36.228286624886096,,0.488,ConnectionRefusedError:[Errno 61] Connection refused
36.231132458895445,,0.145,ConnectionRefusedError:[Errno 61] Connection refused
36.241332083940506,,0.237,ConnectionRefusedError:[Errno 61] Connection refused
36.25412895902991,,0.22,ConnectionRefusedError:[Errno 61] Connection refused
36.26183658372611,,0.304,ConnectionRefusedError:[Errno 61] Connection refused
36.2703218748793,,0.349,ConnectionRefusedError:[Errno 61] Connection refused
36.282078166957945,,0.479,ConnectionRefusedError:[Errno 61] Connection refused
36.293223625048995,,0.307,ConnectionRefusedError:[Errno 61] Connection refused
36.30235645873472,,0.474,ConnectionRefusedError:[Errno 61] Connection refused
36.31007308373228,,0.314,ConnectionRefusedError:[Errno 61] Connection refused
36.323170917108655,,0.298,ConnectionRefusedError:[Errno 61] Connection refused
36.33076116675511,,0.25,ConnectionRefusedError:[Errno 61] Connection refused
36.3444532090798,,0.282,ConnectionRefusedError:[Errno 61] Connection refused
36.35051445895806,,0.301,ConnectionRefusedError:[Errno 61] Connection refused
36.36455683410168,,0.287,ConnectionRefusedError:[Errno 61] Connection refused
36.370364708825946,,0.204,ConnectionRefusedError:[Errno 61] Connection refused
36.38303449982777,,0.409,ConnectionRefusedError:[Errno 61] Connection refused
36.39099312480539,,0.277,ConnectionRefusedError:[Errno 61] Connection refused
36.40400699991733,,0.343,ConnectionRefusedError:[Errno 61] Connection refused
36.412542583886534,,0.262,ConnectionRefusedError:[Errno 61] Connection refused
36.42500108387321,,0.296,ConnectionRefusedError:[Errno 61] Connection refused
36.43212170898914,,0.347,ConnectionRefusedError:[Errno 61] Connection refused
36.44304095907137,,0.359,ConnectionRefusedError:[Errno 61] Connection refused
36.4518458340317,,0.273,ConnectionRefusedError:[Errno 61] Connection refused
36.46031975001097,,0.284,ConnectionRefusedError:[Errno 61] Connection refused
36.4779905420728,,0.294,ConnectionRefusedError:[Errno 61] Connection refused
36.48005524976179,,0.231,ConnectionRefusedError:[Errno 61] Connection refused
36.49277262482792,,0.393,ConnectionRefusedError:[Errno 61] Connection refused
36.50276037491858,,0.418,ConnectionRefusedError:[Errno 61] Connection refused
36.512434917036444,,0.503,ConnectionRefusedError:[Errno 61] Connection refused
36.52033287473023,,0.386,ConnectionRefusedError:[Errno 61] Connection refused
36.53407124988735,,0.502,ConnectionRefusedError:[Errno 61] Connection refused
36.54154779203236,,0.395,ConnectionRefusedError:[Errno 61] Connection refused
36.55030749971047,,0.584,ConnectionRefusedError:[Errno 61] Connection refused
36.56451683398336,,0.333,ConnectionRefusedError:[Errno 61] Connection refused
36.57247524987906,,0.261,ConnectionRefusedError:[Errno 61] Connection refused
36.58342095883563,,0.328,ConnectionRefusedError:[Errno 61] Connection refused
36.59317904198542,,0.395,ConnectionRefusedError:[Errno 61] Connection refused
36.60293237492442,,0.485,ConnectionRefusedError:[Errno 61] Connection refused
36.61305058375001,,0.28,ConnectionRefusedError:[Errno 61] Connection refused
36.620821584016085,,0.414,ConnectionRefusedError:[Errno 61] Connection refused
36.63370045879856,,0.483,ConnectionRefusedError:[Errno 61] Connection refused
36.64251608401537,,0.465,ConnectionRefusedError:[Errno 61] Connection refused
36.652557000052184,,0.748,ConnectionRefusedError:[Errno 61] Connection refused
36.66133920894936,,0.313,ConnectionRefusedError:[Errno 61] Connection refused
36.672427124809474,,0.417,ConnectionRefusedError:[Errno 61] Connection refused
36.688480749726295,,1.471,ConnectionRefusedError:[Errno 61] Connection refused
36.69283520895988,,0.316,ConnectionRefusedError:[Errno 61] Connection refused
36.70075183408335,,0.225,ConnectionRefusedError:[Errno 61] Connection refused
36.71440479205921,,0.323,ConnectionRefusedError:[Errno 61] Connection refused
36.72255079168826,,0.197,ConnectionRefusedError:[Errno 61] Connection refused
36.73063433403149,,0.304,ConnectionRefusedError:[Errno 61] Connection refused
36.74168470874429,,0.344,ConnectionRefusedError:[Errno 61] Connection refused
36.75156604172662,,0.573,ConnectionRefusedError:[Errno 61] Connection refused
36.76141516678035,,0.245,ConnectionRefusedError:[Errno 61] Connection refused
36.77401500009,,0.303,ConnectionRefusedError:[Errno 61] Connection refused
36.781899499706924,,0.21,ConnectionRefusedError:[Errno 61] Connection refused
36.793982333969325,,0.544,ConnectionRefusedError:[Errno 61] Connection refused
36.801615624688566,,0.363,ConnectionRefusedError:[Errno 61] Connection refused
36.81049387482926,,0.383,ConnectionRefusedError:[Errno 61] Connection refused
36.820946166757494,,0.295,ConnectionRefusedError:[Errno 61] Connection refused
36.83203341672197,,0.299,ConnectionRefusedError:[Errno 61] Connection refused
36.84385012509301,,0.374,ConnectionRefusedError:[Errno 61] Connection refused
36.85273233382031,,0.244,ConnectionRefusedError:[Errno 61] Connection refused
36.863796583842486,,0.249,ConnectionRefusedError:[Errno 61] Connection refused
36.87051924970001,,0.306,ConnectionRefusedError:[Errno 61] Connection refused
36.88108437508345,,0.383,ConnectionRefusedError:[Errno 61] Connection refused
36.89027408370748,,0.446,ConnectionRefusedError:[Errno 61] Connection refused
36.90406004199758,,0.432,ConnectionRefusedError:[Errno 61] Connection refused
36.91272508399561,,0.203,ConnectionRefusedError:[Errno 61] Connection refused
36.92352295899764,,0.285,ConnectionRefusedError:[Errno 61] Connection refused
36.93311445880681,,0.336,ConnectionRefusedError:[Errno 61] Connection refused
36.94331929180771,,0.324,ConnectionRefusedError:[Errno 61] Connection refused
36.95205112500116,,0.307,ConnectionRefusedError:[Errno 61] Connection refused
36.962675999850035,,0.201,ConnectionRefusedError:[Errno 61] Connection refused
36.97081774985418,,0.239,ConnectionRefusedError:[Errno 61] Connection refused
36.98443316668272,,0.182,ConnectionRefusedError:[Errno 61] Connection refused
36.99269970878959,,0.168,ConnectionRefusedError:[Errno 61] Connection refused
37.000783666968346,,0.211,ConnectionRefusedError:[Errno 61] Connection refused
37.01449308404699,,0.2,ConnectionRefusedError:[Errno 61] Connection refused
37.02257049968466,,0.12,ConnectionRefusedError:[Errno 61] Connection refused
37.03030591690913,,0.229,ConnectionRefusedError:[Errno 61] Connection refused
37.04136558389291,,0.163,ConnectionRefusedError:[Errno 61] Connection refused
37.05425445875153,,0.913,ConnectionRefusedError:[Errno 61] Connection refused
37.06085216673091,,0.39,ConnectionRefusedError:[Errno 61] Connection refused
37.070981124881655,,0.879,ConnectionRefusedError:[Errno 61] Connection refused
37.08031624974683,,0.266,ConnectionRefusedError:[Errno 61] Connection refused
37.09471366694197,,0.532,ConnectionRefusedError:[Errno 61] Connection refused
37.10154416691512,,0.419,ConnectionRefusedError:[Errno 61] Connection refused
37.11317420890555,,0.34,ConnectionRefusedError:[Errno 61] Connection refused
37.122133125085384,,0.545,ConnectionRefusedError:[Errno 61] Connection refused
37.13238220894709,,0.293,ConnectionRefusedError:[Errno 61] Connection refused
37.14354254165664,,0.246,ConnectionRefusedError:[Errno 61] Connection refused
37.151433624792844,,0.338,ConnectionRefusedError:[Errno 61] Connection refused
37.16407737508416,,0.263,ConnectionRefusedError:[Errno 61] Connection refused
37.1712483339943,,0.289,ConnectionRefusedError:[Errno 61] Connection refused
37.18332908395678,,0.288,ConnectionRefusedError:[Errno 61] Connection refused
37.19322141679004,,0.208,ConnectionRefusedError:[Errno 61] Connection refused
37.20182816684246,,0.268,ConnectionRefusedError:[Errno 61] Connection refused
37.213763291947544,,0.422,ConnectionRefusedError:[Errno 61] Connection refused
37.222733249887824,,0.24,ConnectionRefusedError:[Errno 61] Connection refused
37.23063295893371,,0.249,ConnectionRefusedError:[Errno 61] Connection refused
37.24449645867571,,0.221,ConnectionRefusedError:[Errno 61] Connection refused
37.252451916690916,,0.141,ConnectionRefusedError:[Errno 61] Connection refused
37.260149125009775,,0.201,ConnectionRefusedError:[Errno 61] Connection refused
37.27020004205406,,0.235,ConnectionRefusedError:[Errno 61] Connection refused
37.28443645872176,,0.208,ConnectionRefusedError:[Errno 61] Connection refused
37.29264954198152,,0.197,ConnectionRefusedError:[Errno 61] Connection refused
37.30359904188663,,1.088,ConnectionRefusedError:[Errno 61] Connection refused
37.31160583393648,,0.26,ConnectionRefusedError:[Errno 61] Connection refused
37.32386954175308,,0.265,ConnectionRefusedError:[Errno 61] Connection refused
37.331623499747366,,0.151,ConnectionRefusedError:[Errno 61] Connection refused
37.340870124753565,,0.202,ConnectionRefusedError:[Errno 61] Connection refused
37.35264416690916,,0.381,ConnectionRefusedError:[Errno 61] Connection refused
37.363458584062755,,0.384,ConnectionRefusedError:[Errno 61] Connection refused
37.373109084088355,,0.292,ConnectionRefusedError:[Errno 61] Connection refused
37.3809694587253,,0.496,ConnectionRefusedError:[Errno 61] Connection refused
37.392926333937794,,0.34,ConnectionRefusedError:[Errno 61] Connection refused
37.400915042031556,,0.299,ConnectionRefusedError:[Errno 61] Connection refused
37.412204124964774,,0.251,ConnectionRefusedError:[Errno 61] Connection refused
37.4237391250208,,0.305,ConnectionRefusedError:[Errno 61] Connection refused
37.43246833374724,,0.249,ConnectionRefusedError:[Errno 61] Connection refused
37.44210179196671,,0.226,ConnectionRefusedError:[Errno 61] Connection refused
37.452705584000796,,0.292,ConnectionRefusedError:[Errno 61] Connection refused
37.463456416968256,,0.226,ConnectionRefusedError:[Errno 61] Connection refused
37.47311608400196,,0.196,ConnectionRefusedError:[Errno 61] Connection refused
37.480941083747894,,0.199,ConnectionRefusedError:[Errno 61] Connection refused
37.49439383391291,,0.243,ConnectionRefusedError:[Errno 61] Connection refused
37.50118562486023,,0.206,ConnectionRefusedError:[Errno 61] Connection refused
37.51430733408779,,0.373,ConnectionRefusedError:[Errno 61] Connection refused
37.52233941666782,,0.246,ConnectionRefusedError:[Errno 61] Connection refused
37.53275412507355,,0.392,ConnectionRefusedError:[Errno 61] Connection refused
37.54153654165566,,0.361,ConnectionRefusedError:[Errno 61] Connection refused
37.55078504187986,,0.307,ConnectionRefusedError:[Errno 61] Connection refused
37.5626437086612,,0.336,ConnectionRefusedError:[Errno 61] Connection refused
37.5701263747178,,0.269,ConnectionRefusedError:[Errno 61] Connection refused
37.580787874758244,,0.335,ConnectionRefusedError:[Errno 61] Connection refused
37.59218304185197,,0.252,ConnectionRefusedError:[Errno 61] Connection refused
37.60320479189977,,0.312,ConnectionRefusedError:[Errno 61] Connection refused
37.613074166700244,,0.265,ConnectionRefusedError:[Errno 61] Connection refused
37.62171124992892,,0.287,ConnectionRefusedError:[Errno 61] Connection refused
37.63315129186958,,0.357,ConnectionRefusedError:[Errno 61] Connection refused
37.643219999969006,,0.392,ConnectionRefusedError:[Errno 61] Connection refused
37.65393775003031,,0.346,ConnectionRefusedError:[Errno 61] Connection refused
37.66118899965659,,0.603,ConnectionRefusedError:[Errno 61] Connection refused
37.676465916913,,0.646,ConnectionRefusedError:[Errno 61] Connection refused
37.681454666890204,,0.546,ConnectionRefusedError:[Errno 61] Connection refused
37.69378974987194,,0.488,ConnectionRefusedError:[Errno 61] Connection refused
37.702667667064816,,0.348,ConnectionRefusedError:[Errno 61] Connection refused
37.713212583679706,,0.45,ConnectionRefusedError:[Errno 61] Connection refused
37.72294858377427,,0.462,ConnectionRefusedError:[Errno 61] Connection refused
37.73011062480509,,0.483,ConnectionRefusedError:[Errno 61] Connection refused
37.74142037471756,,0.411,ConnectionRefusedError:[Errno 61] Connection refused
37.75257829204202,,1.759,ConnectionRefusedError:[Errno 61] Connection refused
37.767900249920785,,0.435,ConnectionRefusedError:[Errno 61] Connection refused
37.77059583365917,,0.25,ConnectionRefusedError:[Errno 61] Connection refused
37.78119508409873,,0.268,ConnectionRefusedError:[Errno 61] Connection refused
37.79427970899269,,0.271,ConnectionRefusedError:[Errno 61] Connection refused
37.80263683386147,,0.346,ConnectionRefusedError:[Errno 61] Connection refused
37.81347412476316,,0.436,ConnectionRefusedError:[Errno 61] Connection refused
37.82275599986315,,0.326,ConnectionRefusedError:[Errno 61] Connection refused
37.83249245909974,,0.427,ConnectionRefusedError:[Errno 61] Connection refused
37.840594249777496,,0.517,ConnectionRefusedError:[Errno 61] Connection refused
37.85430758399889,,0.32,ConnectionRefusedError:[Errno 61] Connection refused
37.8604850419797,,0.312,ConnectionRefusedError:[Errno 61] Connection refused
37.87443545879796,,0.308,ConnectionRefusedError:[Errno 61] Connection refused
37.8824619166553,,0.347,ConnectionRefusedError:[Errno 61] Connection refused
37.89542187470943,,0.568,ConnectionRefusedError:[Errno 61] Connection refused
37.90155787486583,,0.339,ConnectionRefusedError:[Errno 61] Connection refused
37.91208437504247,,0.242,ConnectionRefusedError:[Errno 61] Connection refused
37.93326554168016,,1.021,ConnectionRefusedError:[Errno 61] Connection refused
37.934252166654915,,0.625,ConnectionRefusedError:[Errno 61] Connection refused
37.940166499931365,,0.293,ConnectionRefusedError:[Errno 61] Connection refused
37.95366308372468,,0.475,ConnectionRefusedError:[Errno 61] Connection refused
37.96189474966377,,0.335,ConnectionRefusedError:[Errno 61] Connection refused
37.97128041693941,,0.439,ConnectionRefusedError:[Errno 61] Connection refused
37.98410929180682,,0.25,ConnectionRefusedError:[Errno 61] Connection refused
37.992739208973944,,0.204,ConnectionRefusedError:[Errno 61] Connection refused
38.00045308377594,,0.186,ConnectionRefusedError:[Errno 61] Connection refused
38.01014850009233,,0.168,ConnectionRefusedError:[Errno 61] Connection refused
38.02445087488741,,0.246,ConnectionRefusedError:[Errno 61] Connection refused
38.03011858370155,,0.311,ConnectionRefusedError:[Errno 61] Connection refused
38.04008804168552,,0.232,ConnectionRefusedError:[Errno 61] Connection refused
38.0547612500377,,0.248,ConnectionRefusedError:[Errno 61] Connection refused
38.060094833839685,,0.202,ConnectionRefusedError:[Errno 61] Connection refused
38.07124699978158,,0.255,ConnectionRefusedError:[Errno 61] Connection refused
38.08419708395377,,0.218,ConnectionRefusedError:[Errno 61] Connection refused
38.091829292010516,,0.195,ConnectionRefusedError:[Errno 61] Connection refused
38.10030987486243,,0.229,ConnectionRefusedError:[Errno 61] Connection refused
38.11423649964854,,0.319,ConnectionRefusedError:[Errno 61] Connection refused
38.122072791680694,,0.237,ConnectionRefusedError:[Errno 61] Connection refused
38.13380283396691,,0.276,ConnectionRefusedError:[Errno 61] Connection refused
38.142887458670884,,0.216,ConnectionRefusedError:[Errno 61] Connection refused
38.15196862490848,,0.189,ConnectionRefusedError:[Errno 61] Connection refused
38.16209325008094,,0.21,ConnectionRefusedError:[Errno 61] Connection refused
38.172550125047565,,0.227,ConnectionRefusedError:[Errno 61] Connection refused
38.182863916736096,,0.218,ConnectionRefusedError:[Errno 61] Connection refused
38.19084991700947,,0.231,ConnectionRefusedError:[Errno 61] Connection refused
38.20166516676545,,0.201,ConnectionRefusedError:[Errno 61] Connection refused
38.21107487473637,,0.273,ConnectionRefusedError:[Errno 61] Connection refused
38.22080187499523,,0.25,ConnectionRefusedError:[Errno 61] Connection refused
38.23321424983442,,0.233,ConnectionRefusedError:[Errno 61] Connection refused
38.240567416884005,,0.301,ConnectionRefusedError:[Errno 61] Connection refused
38.254340374842286,,0.238,ConnectionRefusedError:[Errno 61] Connection refused
38.261510875076056,,0.241,ConnectionRefusedError:[Errno 61] Connection refused
38.27185345906764,,0.319,ConnectionRefusedError:[Errno 61] Connection refused
38.280892916955054,,0.209,ConnectionRefusedError:[Errno 61] Connection refused
38.294063166715205,,0.208,ConnectionRefusedError:[Errno 61] Connection refused
38.30285954196006,,0.221,ConnectionRefusedError:[Errno 61] Connection refused
38.3127626250498,,0.244,ConnectionRefusedError:[Errno 61] Connection refused
38.32004979206249,,0.234,ConnectionRefusedError:[Errno 61] Connection refused
38.33364258380607,,0.223,ConnectionRefusedError:[Errno 61] Connection refused
38.34237204166129,,0.185,ConnectionRefusedError:[Errno 61] Connection refused
38.3519016248174,,0.178,ConnectionRefusedError:[Errno 61] Connection refused
38.362453874666244,,0.234,ConnectionRefusedError:[Errno 61] Connection refused
38.37080545909703,,0.191,ConnectionRefusedError:[Errno 61] Connection refused
38.38243379211053,,0.187,ConnectionRefusedError:[Errno 61] Connection refused
38.39010670874268,,0.195,ConnectionRefusedError:[Errno 61] Connection refused
38.40037787472829,,0.225,ConnectionRefusedError:[Errno 61] Connection refused
38.41471591684967,,0.216,ConnectionRefusedError:[Errno 61] Connection refused
38.42059845896438,,0.212,ConnectionRefusedError:[Errno 61] Connection refused
38.43432724988088,,0.258,ConnectionRefusedError:[Errno 61] Connection refused
38.442645041737705,,0.215,ConnectionRefusedError:[Errno 61] Connection refused
38.4525381247513,,0.199,ConnectionRefusedError:[Errno 61] Connection refused
38.46023524971679,,0.195,ConnectionRefusedError:[Errno 61] Connection refused
38.47011537477374,,0.243,ConnectionRefusedError:[Errno 61] Connection refused
38.48258616682142,,0.168,ConnectionRefusedError:[Errno 61] Connection refused
38.493633791804314,,0.213,ConnectionRefusedError:[Errno 61] Connection refused
38.50138054182753,,0.133,ConnectionRefusedError:[Errno 61] Connection refused
38.51423420896754,,0.167,ConnectionRefusedError:[Errno 61] Connection refused
38.52197812497616,,0.145,ConnectionRefusedError:[Errno 61] Connection refused
38.533934083767235,,0.128,ConnectionRefusedError:[Errno 61] Connection refused
38.54299566708505,,0.154,ConnectionRefusedError:[Errno 61] Connection refused
38.55098162498325,,0.208,ConnectionRefusedError:[Errno 61] Connection refused
38.56438337499276,,0.2,ConnectionRefusedError:[Errno 61] Connection refused
38.57260329183191,,0.149,ConnectionRefusedError:[Errno 61] Connection refused
38.58023091685027,,0.156,ConnectionRefusedError:[Errno 61] Connection refused
38.59374470869079,,0.197,ConnectionRefusedError:[Errno 61] Connection refused
38.60301312478259,,0.144,ConnectionRefusedError:[Errno 61] Connection refused
38.61343854200095,,0.14,ConnectionRefusedError:[Errno 61] Connection refused
38.62107608374208,,0.15,ConnectionRefusedError:[Errno 61] Connection refused
38.63375904178247,,0.131,ConnectionRefusedError:[Errno 61] Connection refused
38.64305933378637,,0.133,ConnectionRefusedError:[Errno 61] Connection refused
38.65339112468064,,0.166,ConnectionRefusedError:[Errno 61] Connection refused
38.66107670869678,,0.126,ConnectionRefusedError:[Errno 61] Connection refused
38.67416729172692,,0.173,ConnectionRefusedError:[Errno 61] Connection refused
38.6812285836786,,0.241,ConnectionRefusedError:[Errno 61] Connection refused
38.694237833842635,,0.194,ConnectionRefusedError:[Errno 61] Connection refused
38.702782958745956,,0.226,ConnectionRefusedError:[Errno 61] Connection refused
38.71349220909178,,0.177,ConnectionRefusedError:[Errno 61] Connection refused
38.72119208378717,,0.193,ConnectionRefusedError:[Errno 61] Connection refused
38.73244366701692,,0.212,ConnectionRefusedError:[Errno 61] Connection refused
38.74210433382541,,0.183,ConnectionRefusedError:[Errno 61] Connection refused
38.75383891677484,,0.173,ConnectionRefusedError:[Errno 61] Connection refused
38.763000583741814,,0.203,ConnectionRefusedError:[Errno 61] Connection refused
38.773357917089015,,0.26,ConnectionRefusedError:[Errno 61] Connection refused
38.78122066706419,,0.212,ConnectionRefusedError:[Errno 61] Connection refused
38.79325645882636,,0.19,ConnectionRefusedError:[Errno 61] Connection refused
38.803285208996385,,0.192,ConnectionRefusedError:[Errno 61] Connection refused
38.810722374822944,,0.191,ConnectionRefusedError:[Errno 61] Connection refused
38.82344308402389,,0.195,ConnectionRefusedError:[Errno 61] Connection refused
38.833170416764915,,0.277,ConnectionRefusedError:[Errno 61] Connection refused
38.84323733393103,,0.336,ConnectionRefusedError:[Errno 61] Connection refused
38.850502541754395,,0.234,ConnectionRefusedError:[Errno 61] Connection refused
38.860252583865076,,0.398,ConnectionRefusedError:[Errno 61] Connection refused
38.873499874956906,,0.247,ConnectionRefusedError:[Errno 61] Connection refused
38.88304074993357,,0.25,ConnectionRefusedError:[Errno 61] Connection refused
38.89207316702232,,0.234,ConnectionRefusedError:[Errno 61] Connection refused
38.90377112478018,,0.201,ConnectionRefusedError:[Errno 61] Connection refused
38.911579249892384,,0.174,ConnectionRefusedError:[Errno 61] Connection refused
38.92353824991733,,0.17,ConnectionRefusedError:[Errno 61] Connection refused
38.93224616674706,,0.181,ConnectionRefusedError:[Errno 61] Connection refused
38.940685499925166,,0.132,ConnectionRefusedError:[Errno 61] Connection refused
38.95268770866096,,0.233,ConnectionRefusedError:[Errno 61] Connection refused
38.963504834100604,,0.283,ConnectionRefusedError:[Errno 61] Connection refused
38.973136709071696,,0.21,ConnectionRefusedError:[Errno 61] Connection refused
38.980897041969,,0.2,ConnectionRefusedError:[Errno 61] Connection refused
38.994451333768666,,0.133,ConnectionRefusedError:[Errno 61] Connection refused
39.002116959076375,,0.326,ConnectionRefusedError:[Errno 61] Connection refused
39.01379395881668,,0.204,ConnectionRefusedError:[Errno 61] Connection refused
39.023009083699435,,0.218,ConnectionRefusedError:[Errno 61] Connection refused
39.03337287483737,,0.244,ConnectionRefusedError:[Errno 61] Connection refused
39.04209858365357,,0.301,ConnectionRefusedError:[Errno 61] Connection refused
39.05154099967331,,0.211,ConnectionRefusedError:[Errno 61] Connection refused
39.063315874896944,,0.214,ConnectionRefusedError:[Errno 61] Connection refused
39.07324183406308,,0.21,ConnectionRefusedError:[Errno 61] Connection refused
39.08087145909667,,0.135,ConnectionRefusedError:[Errno 61] Connection refused
39.094484333880246,,0.147,ConnectionRefusedError:[Errno 61] Connection refused
39.1008295416832,,0.135,ConnectionRefusedError:[Errno 61] Connection refused
39.11451262468472,,0.155,ConnectionRefusedError:[Errno 61] Connection refused
39.120129541959614,,0.129,ConnectionRefusedError:[Errno 61] Connection refused
39.13254583394155,,0.168,ConnectionRefusedError:[Errno 61] Connection refused
39.14362099999562,,0.131,ConnectionRefusedError:[Errno 61] Connection refused
39.15057070879266,,0.2,ConnectionRefusedError:[Errno 61] Connection refused
39.1634851670824,,0.24,ConnectionRefusedError:[Errno 61] Connection refused
39.172210291959345,,0.195,ConnectionRefusedError:[Errno 61] Connection refused
39.18176033394411,,0.219,ConnectionRefusedError:[Errno 61] Connection refused
39.192926874849945,,0.231,ConnectionRefusedError:[Errno 61] Connection refused
39.20101308403537,,0.174,ConnectionRefusedError:[Errno 61] Connection refused
39.21440670872107,,0.222,ConnectionRefusedError:[Errno 61] Connection refused
39.22268241690472,,0.255,ConnectionRefusedError:[Errno 61] Connection refused
39.233553041704,,0.262,ConnectionRefusedError:[Errno 61] Connection refused
39.241425917018205,,0.247,ConnectionRefusedError:[Errno 61] Connection refused
39.254141124896705,,0.308,ConnectionRefusedError:[Errno 61] Connection refused
39.26200620876625,,0.232,ConnectionRefusedError:[Errno 61] Connection refused
39.273875792045146,,0.23,ConnectionRefusedError:[Errno 61] Connection refused
39.2829205840826,,0.177,ConnectionRefusedError:[Errno 61] Connection refused
39.29025020869449,,0.474,ConnectionRefusedError:[Errno 61] Connection refused
39.301868666894734,,0.367,ConnectionRefusedError:[Errno 61] Connection refused
39.31383666675538,,0.269,ConnectionRefusedError:[Errno 61] Connection refused
39.32158941682428,,0.485,ConnectionRefusedError:[Errno 61] Connection refused
39.33354295883328,,0.238,ConnectionRefusedError:[Errno 61] Connection refused
39.34519570879638,,0.433,ConnectionRefusedError:[Errno 61] Connection refused
39.351454166695476,,0.271,ConnectionRefusedError:[Errno 61] Connection refused
39.361478708684444,,0.285,ConnectionRefusedError:[Errno 61] Connection refused
39.37411662470549,,0.313,ConnectionRefusedError:[Errno 61] Connection refused
39.38277258398011,,0.27,ConnectionRefusedError:[Errno 61] Connection refused
39.39002549974248,,0.292,ConnectionRefusedError:[Errno 61] Connection refused
39.40328449988738,,0.195,ConnectionRefusedError:[Errno 61] Connection refused
39.41237920895219,,0.333,ConnectionRefusedError:[Errno 61] Connection refused
39.420245042070746,,0.58,ConnectionRefusedError:[Errno 61] Connection refused
39.43245966685936,,0.234,ConnectionRefusedError:[Errno 61] Connection refused
39.44044812489301,,0.323,ConnectionRefusedError:[Errno 61] Connection refused
39.453175416681916,,0.397,ConnectionRefusedError:[Errno 61] Connection refused
39.463188499677926,,0.21,ConnectionRefusedError:[Errno 61] Connection refused
39.47317124996334,,0.224,ConnectionRefusedError:[Errno 61] Connection refused
39.480021624825895,,0.222,ConnectionRefusedError:[Errno 61] Connection refused
39.49239983409643,,0.213,ConnectionRefusedError:[Errno 61] Connection refused
39.502009791787714,,0.223,ConnectionRefusedError:[Errno 61] Connection refused
39.51379158394411,,0.26,ConnectionRefusedError:[Errno 61] Connection refused
39.52105670887977,,0.293,ConnectionRefusedError:[Errno 61] Connection refused
39.532478416804224,,0.286,ConnectionRefusedError:[Errno 61] Connection refused
39.54358483385295,,0.227,ConnectionRefusedError:[Errno 61] Connection refused
39.55249208398163,,0.214,ConnectionRefusedError:[Errno 61] Connection refused
39.5630739168264,,0.222,ConnectionRefusedError:[Errno 61] Connection refused
39.57324454188347,,0.202,ConnectionRefusedError:[Errno 61] Connection refused
39.58028091676533,,0.195,ConnectionRefusedError:[Errno 61] Connection refused
39.59231337485835,,0.22,ConnectionRefusedError:[Errno 61] Connection refused
39.60277529200539,,0.238,ConnectionRefusedError:[Errno 61] Connection refused
39.61253891699016,,0.225,ConnectionRefusedError:[Errno 61] Connection refused
39.62287841690704,,0.209,ConnectionRefusedError:[Errno 61] Connection refused
39.63082016678527,,0.215,ConnectionRefusedError:[Errno 61] Connection refused
39.640950167085975,,0.199,ConnectionRefusedError:[Errno 61] Connection refused
39.654344541952014,,0.175,ConnectionRefusedError:[Errno 61] Connection refused
39.66215116670355,,0.179,ConnectionRefusedError:[Errno 61] Connection refused
39.673791291657835,,0.223,ConnectionRefusedError:[Errno 61] Connection refused
39.68293216684833,,0.215,ConnectionRefusedError:[Errno 61] Connection refused
39.69336699973792,,0.201,ConnectionRefusedError:[Errno 61] Connection refused
39.701069708913565,,0.186,ConnectionRefusedError:[Errno 61] Connection refused
39.711004625074565,,0.174,ConnectionRefusedError:[Errno 61] Connection refused
39.723582583945245,,0.168,ConnectionRefusedError:[Errno 61] Connection refused
39.733123833779246,,0.189,ConnectionRefusedError:[Errno 61] Connection refused
39.742589708883315,,0.154,ConnectionRefusedError:[Errno 61] Connection refused
39.753576249815524,,0.173,ConnectionRefusedError:[Errno 61] Connection refused
39.76134595880285,,0.195,ConnectionRefusedError:[Errno 61] Connection refused
39.774191916920245,,0.204,ConnectionRefusedError:[Errno 61] Connection refused
39.782706916797906,,0.178,ConnectionRefusedError:[Errno 61] Connection refused
39.79041170887649,,0.149,ConnectionRefusedError:[Errno 61] Connection refused
39.800991374999285,,0.139,ConnectionRefusedError:[Errno 61] Connection refused
39.810275124851614,,0.125,ConnectionRefusedError:[Errno 61] Connection refused
39.82417304208502,,0.154,ConnectionRefusedError:[Errno 61] Connection refused
39.83225562470034,,0.192,ConnectionRefusedError:[Errno 61] Connection refused
39.84364741668105,,0.15,ConnectionRefusedError:[Errno 61] Connection refused
39.851526458747685,,0.152,ConnectionRefusedError:[Errno 61] Connection refused
39.86418666690588,,0.231,ConnectionRefusedError:[Errno 61] Connection refused
39.87264966685325,,0.147,ConnectionRefusedError:[Errno 61] Connection refused
39.88056795904413,,0.146,ConnectionRefusedError:[Errno 61] Connection refused
39.894625375047326,,0.231,ConnectionRefusedError:[Errno 61] Connection refused
39.90254545910284,,0.18,ConnectionRefusedError:[Errno 61] Connection refused
39.913627333939075,,0.147,ConnectionRefusedError:[Errno 61] Connection refused
39.92106187483296,,0.163,ConnectionRefusedError:[Errno 61] Connection refused
39.93439149996266,,0.483,ConnectionRefusedError:[Errno 61] Connection refused
39.94216724997386,,0.24,ConnectionRefusedError:[Errno 61] Connection refused
39.95317833404988,,0.338,ConnectionRefusedError:[Errno 61] Connection refused
39.9600575841032,,0.232,ConnectionRefusedError:[Errno 61] Connection refused
39.974807833787054,,0.327,ConnectionRefusedError:[Errno 61] Connection refused
39.982367374934256,,0.256,ConnectionRefusedError:[Errno 61] Connection refused
39.99369274964556,,0.293,ConnectionRefusedError:[Errno 61] Connection refused
40.00295224972069,,0.222,ConnectionRefusedError:[Errno 61] Connection refused
40.01068275002763,,0.186,ConnectionRefusedError:[Errno 61] Connection refused
40.02457141689956,,0.264,ConnectionRefusedError:[Errno 61] Connection refused
40.03139387490228,,0.209,ConnectionRefusedError:[Errno 61] Connection refused
40.04313279176131,,0.203,ConnectionRefusedError:[Errno 61] Connection refused
40.051864499691874,,0.267,ConnectionRefusedError:[Errno 61] Connection refused
40.061958875041455,,0.285,ConnectionRefusedError:[Errno 61] Connection refused
40.07087749987841,,0.252,ConnectionRefusedError:[Errno 61] Connection refused
40.08263249974698,,0.286,ConnectionRefusedError:[Errno 61] Connection refused
40.092004999984056,,0.352,ConnectionRefusedError:[Errno 61] Connection refused
40.10381683381274,,0.235,ConnectionRefusedError:[Errno 61] Connection refused
40.111301249824464,,0.207,ConnectionRefusedError:[Errno 61] Connection refused
40.12088983366266,,0.188,ConnectionRefusedError:[Errno 61] Connection refused
40.13448329176754,,0.221,ConnectionRefusedError:[Errno 61] Connection refused
40.14064291678369,,0.213,ConnectionRefusedError:[Errno 61] Connection refused
40.15352024976164,,0.25,ConnectionRefusedError:[Errno 61] Connection refused
40.16127004195005,,0.26,ConnectionRefusedError:[Errno 61] Connection refused
40.17135108401999,,0.216,ConnectionRefusedError:[Errno 61] Connection refused
40.1806792919524,,0.185,ConnectionRefusedError:[Errno 61] Connection refused
40.19455812498927,,0.201,ConnectionRefusedError:[Errno 61] Connection refused
40.201503416989,,0.147,ConnectionRefusedError:[Errno 61] Connection refused
40.214089708868414,,0.198,ConnectionRefusedError:[Errno 61] Connection refused
40.22232699999586,,0.133,ConnectionRefusedError:[Errno 61] Connection refused
40.23003241699189,,0.453,ConnectionRefusedError:[Errno 61] Connection refused
40.244432209059596,,0.404,ConnectionRefusedError:[Errno 61] Connection refused
40.252379124984145,,0.33,ConnectionRefusedError:[Errno 61] Connection refused
40.26263279188424,,0.302,ConnectionRefusedError:[Errno 61] Connection refused
40.27099087508395,,0.364,ConnectionRefusedError:[Errno 61] Connection refused
40.28274470893666,,0.274,ConnectionRefusedError:[Errno 61] Connection refused
40.2905885418877,,0.468,ConnectionRefusedError:[Errno 61] Connection refused
40.30185804190114,,0.471,ConnectionRefusedError:[Errno 61] Connection refused
40.312880999874324,,0.429,ConnectionRefusedError:[Errno 61] Connection refused
40.320474667008966,,0.529,ConnectionRefusedError:[Errno 61] Connection refused
40.33367087505758,,0.472,ConnectionRefusedError:[Errno 61] Connection refused
40.34273970872164,,0.332,ConnectionRefusedError:[Errno 61] Connection refused
40.350951958913356,,0.279,ConnectionRefusedError:[Errno 61] Connection refused
40.364354209043086,,0.242,ConnectionRefusedError:[Errno 61] Connection refused
40.37199562508613,,0.219,ConnectionRefusedError:[Errno 61] Connection refused
40.380394958890975,,0.223,ConnectionRefusedError:[Errno 61] Connection refused
40.39149829186499,,0.311,ConnectionRefusedError:[Errno 61] Connection refused
40.404005833901465,,0.308,ConnectionRefusedError:[Errno 61] Connection refused
40.41129329195246,,0.331,ConnectionRefusedError:[Errno 61] Connection refused
40.423076333943754,,0.337,ConnectionRefusedError:[Errno 61] Connection refused
40.43089516693726,,0.258,ConnectionRefusedError:[Errno 61] Connection refused
40.44445270905271,,0.302,ConnectionRefusedError:[Errno 61] Connection refused
40.452281000092626,,0.24,ConnectionRefusedError:[Errno 61] Connection refused
40.46371945878491,,0.161,ConnectionRefusedError:[Errno 61] Connection refused
40.477965416852385,,0.976,ConnectionRefusedError:[Errno 61] Connection refused
40.48005837481469,,0.338,ConnectionRefusedError:[Errno 61] Connection refused
40.49480574997142,,0.356,ConnectionRefusedError:[Errno 61] Connection refused
40.500913749914616,,0.261,ConnectionRefusedError:[Errno 61] Connection refused
40.51410504197702,,0.325,ConnectionRefusedError:[Errno 61] Connection refused
40.52851149998605,,0.449,ConnectionRefusedError:[Errno 61] Connection refused
40.53035354195163,,0.279,ConnectionRefusedError:[Errno 61] Connection refused
40.54239537473768,,0.881,ConnectionRefusedError:[Errno 61] Connection refused
40.551543208770454,,0.408,ConnectionRefusedError:[Errno 61] Connection refused
40.56380824977532,,0.382,ConnectionRefusedError:[Errno 61] Connection refused
40.57287441706285,,0.468,ConnectionRefusedError:[Errno 61] Connection refused
40.58334529167041,,0.289,ConnectionRefusedError:[Errno 61] Connection refused
40.591300083789974,,0.406,ConnectionRefusedError:[Errno 61] Connection refused
40.60186033369973,,0.261,ConnectionRefusedError:[Errno 61] Connection refused
40.61392250005156,,0.471,ConnectionRefusedError:[Errno 61] Connection refused
40.62225920893252,,0.221,ConnectionRefusedError:[Errno 61] Connection refused
40.630054666660726,,0.213,ConnectionRefusedError:[Errno 61] Connection refused
40.642406709026545,,0.166,ConnectionRefusedError:[Errno 61] Connection refused
40.6501354589127,,0.223,ConnectionRefusedError:[Errno 61] Connection refused
40.66057837475091,,0.168,ConnectionRefusedError:[Errno 61] Connection refused
40.67373687494546,,0.179,ConnectionRefusedError:[Errno 61] Connection refused
40.683014458976686,,0.178,ConnectionRefusedError:[Errno 61] Connection refused
40.69340766686946,,0.15,ConnectionRefusedError:[Errno 61] Connection refused
40.70166237466037,,0.148,ConnectionRefusedError:[Errno 61] Connection refused
40.71266087470576,,0.155,ConnectionRefusedError:[Errno 61] Connection refused
40.72239979170263,,0.21,ConnectionRefusedError:[Errno 61] Connection refused
40.732286541722715,,0.201,ConnectionRefusedError:[Errno 61] Connection refused
40.74368533398956,,0.215,ConnectionRefusedError:[Errno 61] Connection refused
40.75273008365184,,0.161,ConnectionRefusedError:[Errno 61] Connection refused
40.76130845909938,,0.187,ConnectionRefusedError:[Errno 61] Connection refused
40.77235541678965,,0.232,ConnectionRefusedError:[Errno 61] Connection refused
40.782051333691925,,0.18,ConnectionRefusedError:[Errno 61] Connection refused
40.79155341675505,,0.194,ConnectionRefusedError:[Errno 61] Connection refused
40.80406366707757,,0.216,ConnectionRefusedError:[Errno 61] Connection refused
40.812866458669305,,0.228,ConnectionRefusedError:[Errno 61] Connection refused
40.822724791709334,,0.19,ConnectionRefusedError:[Errno 61] Connection refused
40.833427417092025,,0.274,ConnectionRefusedError:[Errno 61] Connection refused
40.84229366667569,,0.217,ConnectionRefusedError:[Errno 61] Connection refused
40.853050749748945,,0.212,ConnectionRefusedError:[Errno 61] Connection refused
40.86392779182643,,0.503,ConnectionRefusedError:[Errno 61] Connection refused
40.87149416701868,,0.272,ConnectionRefusedError:[Errno 61] Connection refused
40.88409841665998,,0.479,ConnectionRefusedError:[Errno 61] Connection refused
40.892706541810185,,0.204,ConnectionRefusedError:[Errno 61] Connection refused
40.90351904183626,,0.293,ConnectionRefusedError:[Errno 61] Connection refused
40.911996542010456,,0.277,ConnectionRefusedError:[Errno 61] Connection refused
40.923716166988015,,0.259,ConnectionRefusedError:[Errno 61] Connection refused
40.93014195887372,,0.211,ConnectionRefusedError:[Errno 61] Connection refused
40.94476412469521,,0.199,ConnectionRefusedError:[Errno 61] Connection refused
40.95119274966419,,0.218,ConnectionRefusedError:[Errno 61] Connection refused
40.96425120905042,,0.266,ConnectionRefusedError:[Errno 61] Connection refused
40.97252608370036,,0.21,ConnectionRefusedError:[Errno 61] Connection refused
40.9818104589358,,0.193,ConnectionRefusedError:[Errno 61] Connection refused
40.9920967919752,,0.187,ConnectionRefusedError:[Errno 61] Connection refused
41.00200608372688,,0.124,ConnectionRefusedError:[Errno 61] Connection refused
41.010845416691154,,0.203,ConnectionRefusedError:[Errno 61] Connection refused
41.02028641710058,,0.133,ConnectionRefusedError:[Errno 61] Connection refused
41.03435133397579,,0.246,ConnectionRefusedError:[Errno 61] Connection refused
41.04052433371544,,0.237,ConnectionRefusedError:[Errno 61] Connection refused
41.0536875417456,,0.289,ConnectionRefusedError:[Errno 61] Connection refused
41.06282745907083,,0.529,ConnectionRefusedError:[Errno 61] Connection refused
41.070332458708435,,0.262,ConnectionRefusedError:[Errno 61] Connection refused
41.08470516698435,,0.524,ConnectionRefusedError:[Errno 61] Connection refused
41.090459499973804,,0.255,ConnectionRefusedError:[Errno 61] Connection refused
41.10245095891878,,0.347,ConnectionRefusedError:[Errno 61] Connection refused
41.11146212508902,,2.238,ConnectionRefusedError:[Errno 61] Connection refused
41.122324499767274,,0.434,ConnectionRefusedError:[Errno 61] Connection refused
41.13204237492755,,0.375,ConnectionRefusedError:[Errno 61] Connection refused
41.14408354181796,,0.522,ConnectionRefusedError:[Errno 61] Connection refused
41.15179975004867,,0.375,ConnectionRefusedError:[Errno 61] Connection refused
41.162945749703795,,0.353,ConnectionRefusedError:[Errno 61] Connection refused
41.172171500045806,,0.468,ConnectionRefusedError:[Errno 61] Connection refused
41.183578041847795,,0.317,ConnectionRefusedError:[Errno 61] Connection refused
41.19100833404809,,0.46,ConnectionRefusedError:[Errno 61] Connection refused
41.20366229210049,,0.458,ConnectionRefusedError:[Errno 61] Connection refused
41.21291720867157,,0.245,ConnectionRefusedError:[Errno 61] Connection refused
41.22646608389914,,0.415,ConnectionRefusedError:[Errno 61] Connection refused
41.23007137468085,,0.346,ConnectionRefusedError:[Errno 61] Connection refused
41.24221524968743,,0.342,ConnectionRefusedError:[Errno 61] Connection refused
41.252635709010065,,0.352,ConnectionRefusedError:[Errno 61] Connection refused
41.26111854193732,,0.254,ConnectionRefusedError:[Errno 61] Connection refused
41.27427216665819,,0.315,ConnectionRefusedError:[Errno 61] Connection refused
41.28223216673359,,0.457,ConnectionRefusedError:[Errno 61] Connection refused
41.29320116667077,,0.291,ConnectionRefusedError:[Errno 61] Connection refused
41.301583458669484,,0.288,ConnectionRefusedError:[Errno 61] Connection refused
41.312531291972846,,1.401,ConnectionRefusedError:[Errno 61] Connection refused
41.32273770868778,,0.401,ConnectionRefusedError:[Errno 61] Connection refused
41.3332547089085,,0.474,ConnectionRefusedError:[Errno 61] Connection refused
41.34123054193333,,0.28,ConnectionRefusedError:[Errno 61] Connection refused
41.353362834081054,,0.491,ConnectionRefusedError:[Errno 61] Connection refused
41.36206074990332,,0.302,ConnectionRefusedError:[Errno 61] Connection refused
41.37261812482029,,0.292,ConnectionRefusedError:[Errno 61] Connection refused
41.38218870898709,,0.291,ConnectionRefusedError:[Errno 61] Connection refused
41.39363512489945,,0.216,ConnectionRefusedError:[Errno 61] Connection refused
41.402986959088594,,0.279,ConnectionRefusedError:[Errno 61] Connection refused
41.4133328339085,,0.199,ConnectionRefusedError:[Errno 61] Connection refused
41.42180445883423,,0.247,ConnectionRefusedError:[Errno 61] Connection refused
41.43387412466109,,0.23,ConnectionRefusedError:[Errno 61] Connection refused
41.440866749733686,,0.19,ConnectionRefusedError:[Errno 61] Connection refused
41.45006166677922,,0.242,ConnectionRefusedError:[Errno 61] Connection refused
41.46479345904663,,0.185,ConnectionRefusedError:[Errno 61] Connection refused
41.47137899976224,,0.21,ConnectionRefusedError:[Errno 61] Connection refused
41.4841904588975,,0.202,ConnectionRefusedError:[Errno 61] Connection refused
41.49197483388707,,0.174,ConnectionRefusedError:[Errno 61] Connection refused
41.50254658376798,,0.171,ConnectionRefusedError:[Errno 61] Connection refused
41.51361283380538,,0.136,ConnectionRefusedError:[Errno 61] Connection refused
41.520834791939706,,0.151,ConnectionRefusedError:[Errno 61] Connection refused
41.534515416715294,,0.199,ConnectionRefusedError:[Errno 61] Connection refused
41.542377959005535,,0.182,ConnectionRefusedError:[Errno 61] Connection refused
41.553676208946854,,0.216,ConnectionRefusedError:[Errno 61] Connection refused
41.56291170883924,,0.245,ConnectionRefusedError:[Errno 61] Connection refused
41.57294724974781,,0.231,ConnectionRefusedError:[Errno 61] Connection refused
41.58075112476945,,0.252,ConnectionRefusedError:[Errno 61] Connection refused
41.59029016690329,,0.201,ConnectionRefusedError:[Errno 61] Connection refused
41.60463724983856,,0.268,ConnectionRefusedError:[Errno 61] Connection refused
41.61105266679078,,0.237,ConnectionRefusedError:[Errno 61] Connection refused
41.62187108397484,,0.203,ConnectionRefusedError:[Errno 61] Connection refused
41.633696999866515,,0.233,ConnectionRefusedError:[Errno 61] Connection refused
41.64298649970442,,0.175,ConnectionRefusedError:[Errno 61] Connection refused
41.65319187473506,,0.183,ConnectionRefusedError:[Errno 61] Connection refused
41.663248208817095,,0.239,ConnectionRefusedError:[Errno 61] Connection refused
41.67098004184663,,0.234,ConnectionRefusedError:[Errno 61] Connection refused
41.682550083845854,,0.204,ConnectionRefusedError:[Errno 61] Connection refused
41.69111845875159,,0.197,ConnectionRefusedError:[Errno 61] Connection refused
41.704281916841865,,0.222,ConnectionRefusedError:[Errno 61] Connection refused
41.71107083372772,,0.243,ConnectionRefusedError:[Errno 61] Connection refused
41.724081499967724,,0.227,ConnectionRefusedError:[Errno 61] Connection refused
41.73199424985796,,0.253,ConnectionRefusedError:[Errno 61] Connection refused
41.743623916991055,,0.284,ConnectionRefusedError:[Errno 61] Connection refused
41.75106233404949,,0.209,ConnectionRefusedError:[Errno 61] Connection refused
41.763984750024974,,0.241,ConnectionRefusedError:[Errno 61] Connection refused
41.772824875079095,,0.227,ConnectionRefusedError:[Errno 61] Connection refused
41.78062062477693,,0.296,ConnectionRefusedError:[Errno 61] Connection refused
41.792547000106424,,0.216,ConnectionRefusedError:[Errno 61] Connection refused
41.80338904168457,,0.172,ConnectionRefusedError:[Errno 61] Connection refused
41.813207749743015,,0.134,ConnectionRefusedError:[Errno 61] Connection refused
41.82191283395514,,0.143,ConnectionRefusedError:[Errno 61] Connection refused
41.83050554199144,,0.134,ConnectionRefusedError:[Errno 61] Connection refused
41.84075087495148,,0.161,ConnectionRefusedError:[Errno 61] Connection refused
41.85147991683334,,0.194,ConnectionRefusedError:[Errno 61] Connection refused
41.86222091689706,,0.149,ConnectionRefusedError:[Errno 61] Connection refused
41.87366516701877,,0.167,ConnectionRefusedError:[Errno 61] Connection refused
41.880964959040284,,0.135,ConnectionRefusedError:[Errno 61] Connection refused
41.89443354168907,,0.211,ConnectionRefusedError:[Errno 61] Connection refused
41.90271012485027,,0.174,ConnectionRefusedError:[Errno 61] Connection refused
41.91005179192871,,0.134,ConnectionRefusedError:[Errno 61] Connection refused
41.9206322086975,,0.215,ConnectionRefusedError:[Errno 61] Connection refused
41.9326704996638,,0.19,ConnectionRefusedError:[Errno 61] Connection refused
41.94349179184064,,0.227,ConnectionRefusedError:[Errno 61] Connection refused
41.95194287505001,,0.165,ConnectionRefusedError:[Errno 61] Connection refused
41.96150579210371,,0.281,ConnectionRefusedError:[Errno 61] Connection refused
41.97409799974412,,0.373,ConnectionRefusedError:[Errno 61] Connection refused
41.982689042109996,,0.218,ConnectionRefusedError:[Errno 61] Connection refused
41.990590958856046,,0.709,ConnectionRefusedError:[Errno 61] Connection refused
42.00050299987197,,0.283,ConnectionRefusedError:[Errno 61] Connection refused
42.01456041680649,,0.185,ConnectionRefusedError:[Errno 61] Connection refused
42.020285666920245,,0.188,ConnectionRefusedError:[Errno 61] Connection refused
42.0313262087293,,0.263,ConnectionRefusedError:[Errno 61] Connection refused
42.04414804186672,,0.263,ConnectionRefusedError:[Errno 61] Connection refused
42.051121999975294,,0.223,ConnectionRefusedError:[Errno 61] Connection refused
42.06421949993819,,0.264,ConnectionRefusedError:[Errno 61] Connection refused
42.0726922089234,,0.226,ConnectionRefusedError:[Errno 61] Connection refused
42.08351737493649,,0.223,ConnectionRefusedError:[Errno 61] Connection refused
42.09178850008175,,0.14,ConnectionRefusedError:[Errno 61] Connection refused
42.10153350001201,,0.166,ConnectionRefusedError:[Errno 61] Connection refused
42.11414354201406,,0.186,ConnectionRefusedError:[Errno 61] Connection refused
42.12283637467772,,0.157,ConnectionRefusedError:[Errno 61] Connection refused
42.13183587510139,,0.167,ConnectionRefusedError:[Errno 61] Connection refused
42.143984958995134,,0.168,ConnectionRefusedError:[Errno 61] Connection refused
42.15291833365336,,0.143,ConnectionRefusedError:[Errno 61] Connection refused
42.16344058373943,,0.225,ConnectionRefusedError:[Errno 61] Connection refused
42.17311887489632,,0.169,ConnectionRefusedError:[Errno 61] Connection refused
42.180857999715954,,0.181,ConnectionRefusedError:[Errno 61] Connection refused
42.194448709022254,,0.521,ConnectionRefusedError:[Errno 61] Connection refused
42.2015324998647,,0.271,ConnectionRefusedError:[Errno 61] Connection refused
42.214082167018205,,0.273,ConnectionRefusedError:[Errno 61] Connection refused
42.2207749588415,,0.388,ConnectionRefusedError:[Errno 61] Connection refused
42.23129929183051,,0.53,ConnectionRefusedError:[Errno 61] Connection refused
42.242572833783925,,0.321,ConnectionRefusedError:[Errno 61] Connection refused
42.252861708868295,,0.393,ConnectionRefusedError:[Errno 61] Connection refused
42.26326766703278,,0.265,ConnectionRefusedError:[Errno 61] Connection refused
42.280993666965514,,1.092,ConnectionRefusedError:[Errno 61] Connection refused
42.28347199968994,,0.551,ConnectionRefusedError:[Errno 61] Connection refused
42.29301191680133,,0.306,ConnectionRefusedError:[Errno 61] Connection refused
42.30334012489766,,0.402,ConnectionRefusedError:[Errno 61] Connection refused
42.3114477917552,,0.294,ConnectionRefusedError:[Errno 61] Connection refused
42.3223241250962,,0.495,ConnectionRefusedError:[Errno 61] Connection refused
42.33325595874339,,0.362,ConnectionRefusedError:[Errno 61] Connection refused
42.342320959083736,,0.557,ConnectionRefusedError:[Errno 61] Connection refused
42.354757624678314,,0.33,ConnectionRefusedError:[Errno 61] Connection refused
42.361255583819,,0.316,ConnectionRefusedError:[Errno 61] Connection refused
42.371812666766346,,0.316,ConnectionRefusedError:[Errno 61] Connection refused
42.38298587501049,,0.573,ConnectionRefusedError:[Errno 61] Connection refused
42.39143995894119,,0.319,ConnectionRefusedError:[Errno 61] Connection refused
42.40568787464872,,0.257,ConnectionRefusedError:[Errno 61] Connection refused
42.411790874786675,,0.29,ConnectionRefusedError:[Errno 61] Connection refused
42.42344616679475,,0.664,ConnectionRefusedError:[Errno 61] Connection refused
42.43192945886403,,0.266,ConnectionRefusedError:[Errno 61] Connection refused
42.443818166852,,0.304,ConnectionRefusedError:[Errno 61] Connection refused
42.45156616671011,,0.235,ConnectionRefusedError:[Errno 61] Connection refused
42.46407162491232,,0.164,ConnectionRefusedError:[Errno 61] Connection refused
42.47208979167044,,0.715,ConnectionRefusedError:[Errno 61] Connection refused
42.481181459035724,,0.274,ConnectionRefusedError:[Errno 61] Connection refused
42.49425895884633,,0.221,ConnectionRefusedError:[Errno 61] Connection refused
42.50064900005236,,0.207,ConnectionRefusedError:[Errno 61] Connection refused
42.51303420867771,,0.456,ConnectionRefusedError:[Errno 61] Connection refused
42.52814462501556,,3.779,ConnectionRefusedError:[Errno 61] Connection refused
42.532995499670506,,0.319,ConnectionRefusedError:[Errno 61] Connection refused
42.54328891681507,,0.529,ConnectionRefusedError:[Errno 61] Connection refused
42.55127591686323,,0.421,ConnectionRefusedError:[Errno 61] Connection refused
42.564014333765954,,0.256,ConnectionRefusedError:[Errno 61] Connection refused
42.57277279207483,,0.123,ConnectionRefusedError:[Errno 61] Connection refused
42.580132833682,,0.219,ConnectionRefusedError:[Errno 61] Connection refused
42.59480766672641,,0.209,ConnectionRefusedError:[Errno 61] Connection refused
42.600202791858464,,0.293,ConnectionRefusedError:[Errno 61] Connection refused
42.614621666725725,,0.338,ConnectionRefusedError:[Errno 61] Connection refused
42.62116254167631,,0.3,ConnectionRefusedError:[Errno 61] Connection refused
42.63377308379859,,0.328,ConnectionRefusedError:[Errno 61] Connection refused
42.64197687478736,,0.241,ConnectionRefusedError:[Errno 61] Connection refused
42.650819124653935,,0.248,ConnectionRefusedError:[Errno 61] Connection refused
42.66049229167402,,0.236,ConnectionRefusedError:[Errno 61] Connection refused
42.67382179200649,,0.281,ConnectionRefusedError:[Errno 61] Connection refused
42.680721666663885,,0.243,ConnectionRefusedError:[Errno 61] Connection refused
42.691843084059656,,0.213,ConnectionRefusedError:[Errno 61] Connection refused
42.70031020883471,,0.2,ConnectionRefusedError:[Errno 61] Connection refused
42.71117970906198,,0.223,ConnectionRefusedError:[Errno 61] Connection refused
42.72422737488523,,0.222,ConnectionRefusedError:[Errno 61] Connection refused
42.73268608376384,,0.206,ConnectionRefusedError:[Errno 61] Connection refused
42.7425250839442,,0.2,ConnectionRefusedError:[Errno 61] Connection refused
42.750337624922395,,0.171,ConnectionRefusedError:[Errno 61] Connection refused
42.76261870888993,,0.186,ConnectionRefusedError:[Errno 61] Connection refused
42.77133133402094,,0.219,ConnectionRefusedError:[Errno 61] Connection refused
42.780030499678105,,0.397,ConnectionRefusedError:[Errno 61] Connection refused
42.79132829187438,,0.302,ConnectionRefusedError:[Errno 61] Connection refused
42.80206920905039,,0.27,ConnectionRefusedError:[Errno 61] Connection refused
42.81004295870662,,0.216,ConnectionRefusedError:[Errno 61] Connection refused
42.82003524992615,,0.226,ConnectionRefusedError:[Errno 61] Connection refused
42.834726667031646,,0.21,ConnectionRefusedError:[Errno 61] Connection refused
42.84243804169819,,0.203,ConnectionRefusedError:[Errno 61] Connection refused
42.850236875005066,,0.27,ConnectionRefusedError:[Errno 61] Connection refused
42.86462562484667,,0.272,ConnectionRefusedError:[Errno 61] Connection refused
42.8703230000101,,0.232,ConnectionRefusedError:[Errno 61] Connection refused
42.883596708998084,,0.223,ConnectionRefusedError:[Errno 61] Connection refused
42.89305145898834,,0.218,ConnectionRefusedError:[Errno 61] Connection refused
42.900710166897625,,0.255,ConnectionRefusedError:[Errno 61] Connection refused
42.91275895899162,,0.233,ConnectionRefusedError:[Errno 61] Connection refused
42.92316654184833,,0.217,ConnectionRefusedError:[Errno 61] Connection refused
42.932890417054296,,0.259,ConnectionRefusedError:[Errno 61] Connection refused
42.94342229189351,,0.247,ConnectionRefusedError:[Errno 61] Connection refused
42.95051037473604,,0.374,ConnectionRefusedError:[Errno 61] Connection refused
42.960451416671276,,0.218,ConnectionRefusedError:[Errno 61] Connection refused
42.97043887479231,,0.245,ConnectionRefusedError:[Errno 61] Connection refused
42.98030333407223,,0.235,ConnectionRefusedError:[Errno 61] Connection refused
42.994015499949455,,0.232,ConnectionRefusedError:[Errno 61] Connection refused
43.00074933376163,,0.218,ConnectionRefusedError:[Errno 61] Connection refused
43.011910874862224,,0.18,ConnectionRefusedError:[Errno 61] Connection refused
43.023926249705255,,0.155,ConnectionRefusedError:[Errno 61] Connection refused
43.030521125067025,,0.181,ConnectionRefusedError:[Errno 61] Connection refused
43.0435842089355,,0.207,ConnectionRefusedError:[Errno 61] Connection refused
43.05026745889336,,0.201,ConnectionRefusedError:[Errno 61] Connection refused
43.06046058377251,,0.285,ConnectionRefusedError:[Errno 61] Connection refused
43.074489624705166,,0.328,ConnectionRefusedError:[Errno 61] Connection refused
43.080155916977674,,0.242,ConnectionRefusedError:[Errno 61] Connection refused
43.09117679204792,,0.238,ConnectionRefusedError:[Errno 61] Connection refused
43.10019137477502,,0.228,ConnectionRefusedError:[Errno 61] Connection refused
43.111262999940664,,0.211,ConnectionRefusedError:[Errno 61] Connection refused
43.12043799972162,,0.263,ConnectionRefusedError:[Errno 61] Connection refused
43.134612374939024,,0.267,ConnectionRefusedError:[Errno 61] Connection refused
43.140032624825835,,0.192,ConnectionRefusedError:[Errno 61] Connection refused
43.150066666770726,,0.272,ConnectionRefusedError:[Errno 61] Connection refused
43.16013633366674,,0.204,ConnectionRefusedError:[Errno 61] Connection refused
43.17243475001305,,0.265,ConnectionRefusedError:[Errno 61] Connection refused
43.18183116707951,,0.219,ConnectionRefusedError:[Errno 61] Connection refused
43.19389570876956,,0.226,ConnectionRefusedError:[Errno 61] Connection refused
43.20283724972978,,0.227,ConnectionRefusedError:[Errno 61] Connection refused
43.210875833872706,,0.242,ConnectionRefusedError:[Errno 61] Connection refused
43.224372250027955,,0.372,ConnectionRefusedError:[Errno 61] Connection refused
43.23252195864916,,0.208,ConnectionRefusedError:[Errno 61] Connection refused
43.24092249991372,,0.273,ConnectionRefusedError:[Errno 61] Connection refused
43.25343379192054,,0.243,ConnectionRefusedError:[Errno 61] Connection refused
43.26268666703254,,0.233,ConnectionRefusedError:[Errno 61] Connection refused
43.27343687508255,,0.231,ConnectionRefusedError:[Errno 61] Connection refused
43.2814892497845,,0.233,ConnectionRefusedError:[Errno 61] Connection refused
43.29408304207027,,0.158,ConnectionRefusedError:[Errno 61] Connection refused
43.302873000036925,,0.167,ConnectionRefusedError:[Errno 61] Connection refused
43.31042637489736,,0.2,ConnectionRefusedError:[Errno 61] Connection refused
43.320939916651696,,0.206,ConnectionRefusedError:[Errno 61] Connection refused
43.33223966695368,,0.247,ConnectionRefusedError:[Errno 61] Connection refused
43.34058979200199,,0.221,ConnectionRefusedError:[Errno 61] Connection refused
43.35196404205635,,0.222,ConnectionRefusedError:[Errno 61] Connection refused
43.36004820885137,,0.159,ConnectionRefusedError:[Errno 61] Connection refused
43.37383858393878,,0.167,ConnectionRefusedError:[Errno 61] Connection refused
43.38176929205656,,0.158,ConnectionRefusedError:[Errno 61] Connection refused
43.391582041978836,,0.15,ConnectionRefusedError:[Errno 61] Connection refused
43.40267995884642,,0.211,ConnectionRefusedError:[Errno 61] Connection refused
43.41084162471816,,0.198,ConnectionRefusedError:[Errno 61] Connection refused
43.42439204175025,,0.192,ConnectionRefusedError:[Errno 61] Connection refused
43.432313750032336,,0.162,ConnectionRefusedError:[Errno 61] Connection refused
43.44374395906925,,0.144,ConnectionRefusedError:[Errno 61] Connection refused
43.45137016708031,,0.139,ConnectionRefusedError:[Errno 61] Connection refused
43.4642428336665,,0.136,ConnectionRefusedError:[Errno 61] Connection refused
43.47279820870608,,0.116,ConnectionRefusedError:[Errno 61] Connection refused
43.48352933395654,,0.216,ConnectionRefusedError:[Errno 61] Connection refused
43.49051404185593,,0.21,ConnectionRefusedError:[Errno 61] Connection refused
43.504651833791286,,0.182,ConnectionRefusedError:[Errno 61] Connection refused
43.51231954200193,,0.204,ConnectionRefusedError:[Errno 61] Connection refused
43.522471374832094,,0.188,ConnectionRefusedError:[Errno 61] Connection refused
43.531905374955386,,0.262,ConnectionRefusedError:[Errno 61] Connection refused
43.54369125002995,,0.215,ConnectionRefusedError:[Errno 61] Connection refused
43.55303237494081,,0.197,ConnectionRefusedError:[Errno 61] Connection refused
43.56171708367765,,0.156,ConnectionRefusedError:[Errno 61] Connection refused
43.57027570903301,,0.118,ConnectionRefusedError:[Errno 61] Connection refused
43.58283504191786,,0.144,ConnectionRefusedError:[Errno 61] Connection refused
43.59228241676465,,0.167,ConnectionRefusedError:[Errno 61] Connection refused
43.60309333400801,,0.208,ConnectionRefusedError:[Errno 61] Connection refused
43.610170791856945,,0.162,ConnectionRefusedError:[Errno 61] Connection refused
43.622043166775256,,0.205,ConnectionRefusedError:[Errno 61] Connection refused
43.63383700000122,,0.217,ConnectionRefusedError:[Errno 61] Connection refused
43.640065874904394,,0.232,ConnectionRefusedError:[Errno 61] Connection refused
43.65486862510443,,0.233,ConnectionRefusedError:[Errno 61] Connection refused
43.66023483406752,,0.189,ConnectionRefusedError:[Errno 61] Connection refused
43.6747643747367,,0.239,ConnectionRefusedError:[Errno 61] Connection refused
43.68027037475258,,0.342,ConnectionRefusedError:[Errno 61] Connection refused
43.693888917099684,,0.364,ConnectionRefusedError:[Errno 61] Connection refused
43.70184004167095,,0.288,ConnectionRefusedError:[Errno 61] Connection refused
43.71386770904064,,0.437,ConnectionRefusedError:[Errno 61] Connection refused
43.722616584040225,,0.343,ConnectionRefusedError:[Errno 61] Connection refused
43.73333187494427,,0.264,ConnectionRefusedError:[Errno 61] Connection refused
43.74020391702652,,0.197,ConnectionRefusedError:[Errno 61] Connection refused
43.75187420891598,,0.227,ConnectionRefusedError:[Errno 61] Connection refused
43.76198899978772,,1.76,ConnectionRefusedError:[Errno 61] Connection refused
43.77286008372903,,0.229,ConnectionRefusedError:[Errno 61] Connection refused
43.78250137483701,,0.219,ConnectionRefusedError:[Errno 61] Connection refused
43.79240541672334,,0.258,ConnectionRefusedError:[Errno 61] Connection refused
43.80131404194981,,0.218,ConnectionRefusedError:[Errno 61] Connection refused
43.810030166991055,,0.231,ConnectionRefusedError:[Errno 61] Connection refused
43.82191749988124,,0.237,ConnectionRefusedError:[Errno 61] Connection refused
43.83002533391118,,0.186,ConnectionRefusedError:[Errno 61] Connection refused
43.841679874807596,,0.271,ConnectionRefusedError:[Errno 61] Connection refused
43.85072391666472,,0.293,ConnectionRefusedError:[Errno 61] Connection refused
43.86326908366755,,0.177,ConnectionRefusedError:[Errno 61] Connection refused
43.87029370898381,,0.25,ConnectionRefusedError:[Errno 61] Connection refused
43.8845012919046,,0.227,ConnectionRefusedError:[Errno 61] Connection refused
43.89001891668886,,0.276,ConnectionRefusedError:[Errno 61] Connection refused
43.900328249670565,,0.263,ConnectionRefusedError:[Errno 61] Connection refused
43.913705917075276,,0.263,ConnectionRefusedError:[Errno 61] Connection refused
43.92163370875642,,0.243,ConnectionRefusedError:[Errno 61] Connection refused
43.93168545886874,,0.239,ConnectionRefusedError:[Errno 61] Connection refused
43.944015624932945,,0.219,ConnectionRefusedError:[Errno 61] Connection refused
43.95094666676596,,0.221,ConnectionRefusedError:[Errno 61] Connection refused
43.96440233383328,,0.247,ConnectionRefusedError:[Errno 61] Connection refused
43.97264037467539,,0.159,ConnectionRefusedError:[Errno 61] Connection refused
43.98352854186669,,0.189,ConnectionRefusedError:[Errno 61] Connection refused
43.99091750010848,,0.15,ConnectionRefusedError:[Errno 61] Connection refused
44.001248084008694,,0.194,ConnectionRefusedError:[Errno 61] Connection refused
44.01424074964598,,0.18,ConnectionRefusedError:[Errno 61] Connection refused
44.02020787494257,,0.156,ConnectionRefusedError:[Errno 61] Connection refused
44.034800708759576,,0.21,ConnectionRefusedError:[Errno 61] Connection refused
44.04243416665122,,0.209,ConnectionRefusedError:[Errno 61] Connection refused
44.05362749984488,,0.203,ConnectionRefusedError:[Errno 61] Connection refused
44.06270583393052,,0.144,ConnectionRefusedError:[Errno 61] Connection refused
44.07346541667357,,0.228,ConnectionRefusedError:[Errno 61] Connection refused
44.08312074979767,,0.165,ConnectionRefusedError:[Errno 61] Connection refused
44.093381291721016,,0.149,ConnectionRefusedError:[Errno 61] Connection refused
44.10325862467289,,0.15,ConnectionRefusedError:[Errno 61] Connection refused
44.11139358393848,,0.177,ConnectionRefusedError:[Errno 61] Connection refused
44.12411137484014,,0.248,ConnectionRefusedError:[Errno 61] Connection refused
44.131851125042886,,0.186,ConnectionRefusedError:[Errno 61] Connection refused
44.14066958380863,,0.24,ConnectionRefusedError:[Errno 61] Connection refused
44.15536233410239,,2.878,ConnectionRefusedError:[Errno 61] Connection refused
44.1611862918362,,0.214,ConnectionRefusedError:[Errno 61] Connection refused
44.170275167096406,,0.228,ConnectionRefusedError:[Errno 61] Connection refused
44.180924041662365,,0.212,ConnectionRefusedError:[Errno 61] Connection refused
44.19378341687843,,0.238,ConnectionRefusedError:[Errno 61] Connection refused
44.202922333963215,,0.22,ConnectionRefusedError:[Errno 61] Connection refused
44.21030958369374,,0.215,ConnectionRefusedError:[Errno 61] Connection refused
44.22465749969706,,0.191,ConnectionRefusedError:[Errno 61] Connection refused
44.23249379172921,,0.247,ConnectionRefusedError:[Errno 61] Connection refused
44.242260499857366,,0.179,ConnectionRefusedError:[Errno 61] Connection refused
44.252008750103414,,0.145,ConnectionRefusedError:[Errno 61] Connection refused
44.26317183393985,,0.203,ConnectionRefusedError:[Errno 61] Connection refused
44.27011812478304,,0.247,ConnectionRefusedError:[Errno 61] Connection refused
44.284788167104125,,0.204,ConnectionRefusedError:[Errno 61] Connection refused
44.2924079997465,,0.156,ConnectionRefusedError:[Errno 61] Connection refused
44.303713583853096,,0.182,ConnectionRefusedError:[Errno 61] Connection refused
44.313014917075634,,0.217,ConnectionRefusedError:[Errno 61] Connection refused
44.32056083390489,,0.221,ConnectionRefusedError:[Errno 61] Connection refused
44.334566459059715,,0.228,ConnectionRefusedError:[Errno 61] Connection refused
44.34243612503633,,0.156,ConnectionRefusedError:[Errno 61] Connection refused
44.353696499951184,,0.229,ConnectionRefusedError:[Errno 61] Connection refused
44.36294366698712,,0.249,ConnectionRefusedError:[Errno 61] Connection refused
44.37075679190457,,0.205,ConnectionRefusedError:[Errno 61] Connection refused
44.384499249979854,,0.259,ConnectionRefusedError:[Errno 61] Connection refused
44.39230225002393,,0.208,ConnectionRefusedError:[Errno 61] Connection refused
44.40085604181513,,0.284,ConnectionRefusedError:[Errno 61] Connection refused
44.41069641709328,,0.246,ConnectionRefusedError:[Errno 61] Connection refused
44.42181933391839,,0.264,ConnectionRefusedError:[Errno 61] Connection refused
44.43136795889586,,0.205,ConnectionRefusedError:[Errno 61] Connection refused
44.444206666667014,,0.204,ConnectionRefusedError:[Errno 61] Connection refused
44.45269374968484,,0.2,ConnectionRefusedError:[Errno 61] Connection refused
44.46020420873538,,0.241,ConnectionRefusedError:[Errno 61] Connection refused
44.47604070883244,,0.406,ConnectionRefusedError:[Errno 61] Connection refused
44.480469916947186,,0.19,ConnectionRefusedError:[Errno 61] Connection refused
44.49399650003761,,0.312,ConnectionRefusedError:[Errno 61] Connection refused
44.50271312473342,,0.739,ConnectionRefusedError:[Errno 61] Connection refused
44.513029291760176,,0.375,ConnectionRefusedError:[Errno 61] Connection refused
44.52644883375615,,0.587,ConnectionRefusedError:[Errno 61] Connection refused
44.530129791703075,,0.347,ConnectionRefusedError:[Errno 61] Connection refused
44.5426212917082,,0.291,ConnectionRefusedError:[Errno 61] Connection refused
44.553415833972394,,0.31,ConnectionRefusedError:[Errno 61] Connection refused
44.56051987502724,,0.297,ConnectionRefusedError:[Errno 61] Connection refused
44.57228945894167,,0.255,ConnectionRefusedError:[Errno 61] Connection refused
44.58114333404228,,0.256,ConnectionRefusedError:[Errno 61] Connection refused
44.59429016709328,,0.152,ConnectionRefusedError:[Errno 61] Connection refused
44.60267262486741,,0.214,ConnectionRefusedError:[Errno 61] Connection refused
44.61165570886806,,0.201,ConnectionRefusedError:[Errno 61] Connection refused
44.62136408407241,,0.202,ConnectionRefusedError:[Errno 61] Connection refused
44.630158291663975,,0.3,ConnectionRefusedError:[Errno 61] Connection refused
44.644252750091255,,0.32,ConnectionRefusedError:[Errno 61] Connection refused
44.6514946250245,,0.256,ConnectionRefusedError:[Errno 61] Connection refused
44.66334716696292,,0.397,ConnectionRefusedError:[Errno 61] Connection refused
44.67561079189181,,1.442,ConnectionRefusedError:[Errno 61] Connection refused
44.68703070888296,,0.205,ConnectionRefusedError:[Errno 61] Connection refused
44.69125512475148,,0.194,ConnectionRefusedError:[Errno 61] Connection refused
44.7039078339003,,0.249,ConnectionRefusedError:[Errno 61] Connection refused
44.711840209085494,,0.299,ConnectionRefusedError:[Errno 61] Connection refused
44.724918708670884,,0.295,ConnectionRefusedError:[Errno 61] Connection refused
44.732037958689034,,0.314,ConnectionRefusedError:[Errno 61] Connection refused
44.743683374952525,,0.21,ConnectionRefusedError:[Errno 61] Connection refused
44.75300308410078,,0.201,ConnectionRefusedError:[Errno 61] Connection refused
44.76018900005147,,0.142,ConnectionRefusedError:[Errno 61] Connection refused
44.77480112481862,,0.254,ConnectionRefusedError:[Errno 61] Connection refused
44.78232358396053,,0.186,ConnectionRefusedError:[Errno 61] Connection refused
44.79352604178712,,0.209,ConnectionRefusedError:[Errno 61] Connection refused
44.803129917010665,,0.216,ConnectionRefusedError:[Errno 61] Connection refused
44.81055466691032,,0.234,ConnectionRefusedError:[Errno 61] Connection refused
44.8220890420489,,0.387,ConnectionRefusedError:[Errno 61] Connection refused
44.83268562471494,,0.359,ConnectionRefusedError:[Errno 61] Connection refused
44.840439666993916,,0.231,ConnectionRefusedError:[Errno 61] Connection refused
44.85019204206765,,0.232,ConnectionRefusedError:[Errno 61] Connection refused
44.86373475007713,,0.284,ConnectionRefusedError:[Errno 61] Connection refused
44.87283054180443,,0.284,ConnectionRefusedError:[Errno 61] Connection refused
44.88345387484878,,0.23,ConnectionRefusedError:[Errno 61] Connection refused
44.893029334023595,,0.241,ConnectionRefusedError:[Errno 61] Connection refused
44.90095283370465,,0.242,ConnectionRefusedError:[Errno 61] Connection refused
44.91434558387846,,0.453,ConnectionRefusedError:[Errno 61] Connection refused
44.921154459007084,,0.743,ConnectionRefusedError:[Errno 61] Connection refused
44.93819891707972,,0.288,ConnectionRefusedError:[Errno 61] Connection refused
44.94051316706464,,0.201,ConnectionRefusedError:[Errno 61] Connection refused
44.95107070868835,,0.375,ConnectionRefusedError:[Errno 61] Connection refused
44.96044233394787,,0.293,ConnectionRefusedError:[Errno 61] Connection refused
44.97373912483454,,0.366,ConnectionRefusedError:[Errno 61] Connection refused
44.982878708746284,,0.274,ConnectionRefusedError:[Errno 61] Connection refused
44.993305209092796,,0.269,ConnectionRefusedError:[Errno 61] Connection refused
45.00312704173848,,0.253,ConnectionRefusedError:[Errno 61] Connection refused
45.01320204185322,,0.209,ConnectionRefusedError:[Errno 61] Connection refused
45.02324791671708,,0.151,ConnectionRefusedError:[Errno 61] Connection refused
45.030985834077,,0.19,ConnectionRefusedError:[Errno 61] Connection refused
45.044473291840404,,0.34,ConnectionRefusedError:[Errno 61] Connection refused
45.050232166890055,,0.199,ConnectionRefusedError:[Errno 61] Connection refused
45.064766083844006,,0.221,ConnectionRefusedError:[Errno 61] Connection refused
45.0713579589501,,0.274,ConnectionRefusedError:[Errno 61] Connection refused
45.08328483393416,,0.238,ConnectionRefusedError:[Errno 61] Connection refused
45.09194525005296,,0.229,ConnectionRefusedError:[Errno 61] Connection refused
45.10370479198173,,1.084,ConnectionRefusedError:[Errno 61] Connection refused
45.112278166692704,,0.535,ConnectionRefusedError:[Errno 61] Connection refused
45.12006966676563,,0.339,ConnectionRefusedError:[Errno 61] Connection refused
45.13364566676319,,0.22,ConnectionRefusedError:[Errno 61] Connection refused
45.14303370891139,,0.242,ConnectionRefusedError:[Errno 61] Connection refused
45.153318542055786,,0.263,ConnectionRefusedError:[Errno 61] Connection refused
45.16202904190868,,0.27,ConnectionRefusedError:[Errno 61] Connection refused
45.17084558401257,,0.216,ConnectionRefusedError:[Errno 61] Connection refused
45.18082608375698,,0.199,ConnectionRefusedError:[Errno 61] Connection refused
45.19442854169756,,0.224,ConnectionRefusedError:[Errno 61] Connection refused
45.20067624980584,,0.239,ConnectionRefusedError:[Errno 61] Connection refused
45.214384084101766,,0.246,ConnectionRefusedError:[Errno 61] Connection refused
45.22615600004792,,0.562,ConnectionRefusedError:[Errno 61] Connection refused
45.23080737469718,,0.302,ConnectionRefusedError:[Errno 61] Connection refused
45.243781541939825,,0.343,ConnectionRefusedError:[Errno 61] Connection refused
45.25151254190132,,0.339,ConnectionRefusedError:[Errno 61] Connection refused
45.26096024969593,,0.327,ConnectionRefusedError:[Errno 61] Connection refused
45.27559099998325,,0.333,ConnectionRefusedError:[Errno 61] Connection refused
45.280865541659296,,0.593,ConnectionRefusedError:[Errno 61] Connection refused
45.29233295889571,,5.493,ConnectionRefusedError:[Errno 61] Connection refused
45.302401249762625,,0.274,ConnectionRefusedError:[Errno 61] Connection refused
45.31364833377302,,0.221,ConnectionRefusedError:[Errno 61] Connection refused
45.32225570874289,,0.497,ConnectionRefusedError:[Errno 61] Connection refused
45.330390667077154,,0.265,ConnectionRefusedError:[Errno 61] Connection refused
45.34075945895165,,0.306,ConnectionRefusedError:[Errno 61] Connection refused
45.354453291743994,,0.403,ConnectionRefusedError:[Errno 61] Connection refused
45.36254683369771,,0.239,ConnectionRefusedError:[Errno 61] Connection refused
45.3736084587872,,0.232,ConnectionRefusedError:[Errno 61] Connection refused
45.38308245874941,,0.251,ConnectionRefusedError:[Errno 61] Connection refused
45.39334800001234,,0.216,ConnectionRefusedError:[Errno 61] Connection refused
45.40008124988526,,0.292,ConnectionRefusedError:[Errno 61] Connection refused
45.41468250006437,,0.254,ConnectionRefusedError:[Errno 61] Connection refused
45.42242224980146,,0.39,ConnectionRefusedError:[Errno 61] Connection refused
45.43355079181492,,0.404,ConnectionRefusedError:[Errno 61] Connection refused
45.442871749866754,,0.188,ConnectionRefusedError:[Errno 61] Connection refused
45.453460291959345,,0.158,ConnectionRefusedError:[Errno 61] Connection refused
45.46090137492865,,0.138,ConnectionRefusedError:[Errno 61] Connection refused
45.47446241695434,,0.17,ConnectionRefusedError:[Errno 61] Connection refused
45.48166679171845,,0.205,ConnectionRefusedError:[Errno 61] Connection refused
45.49307904206216,,0.171,ConnectionRefusedError:[Errno 61] Connection refused
45.50038529187441,,0.168,ConnectionRefusedError:[Errno 61] Connection refused
45.51465737493709,,0.228,ConnectionRefusedError:[Errno 61] Connection refused
45.52007258404046,,0.184,ConnectionRefusedError:[Errno 61] Connection refused
45.534836874809116,,0.201,ConnectionRefusedError:[Errno 61] Connection refused
45.540272833779454,,0.179,ConnectionRefusedError:[Errno 61] Connection refused
45.551374124828726,,0.437,ConnectionRefusedError:[Errno 61] Connection refused
45.563903708942235,,0.291,ConnectionRefusedError:[Errno 61] Connection refused
45.57276204181835,,0.279,ConnectionRefusedError:[Errno 61] Connection refused
45.58338633365929,,0.203,ConnectionRefusedError:[Errno 61] Connection refused
45.59113449975848,,0.168,ConnectionRefusedError:[Errno 61] Connection refused
45.60209070891142,,0.15,ConnectionRefusedError:[Errno 61] Connection refused
45.61240508407354,,0.222,ConnectionRefusedError:[Errno 61] Connection refused
45.62016687495634,,0.179,ConnectionRefusedError:[Errno 61] Connection refused
45.6347990417853,,0.195,ConnectionRefusedError:[Errno 61] Connection refused
45.64182145893574,,0.194,ConnectionRefusedError:[Errno 61] Connection refused
45.650988958776,,0.216,ConnectionRefusedError:[Errno 61] Connection refused
45.6643677088432,,0.211,ConnectionRefusedError:[Errno 61] Connection refused
45.67261949973181,,0.185,ConnectionRefusedError:[Errno 61] Connection refused
45.68356045894325,,0.155,ConnectionRefusedError:[Errno 61] Connection refused
45.69046845892444,,0.162,ConnectionRefusedError:[Errno 61] Connection refused
45.70008883392438,,0.237,ConnectionRefusedError:[Errno 61] Connection refused
45.71293795900419,,0.209,ConnectionRefusedError:[Errno 61] Connection refused
45.72075733402744,,0.197,ConnectionRefusedError:[Errno 61] Connection refused
45.73004574980587,,0.277,ConnectionRefusedError:[Errno 61] Connection refused
45.74292654171586,,0.219,ConnectionRefusedError:[Errno 61] Connection refused
45.75173758389428,,0.23,ConnectionRefusedError:[Errno 61] Connection refused
45.76397999981418,,0.272,ConnectionRefusedError:[Errno 61] Connection refused
45.77164754178375,,0.253,ConnectionRefusedError:[Errno 61] Connection refused
45.7840702496469,,0.233,ConnectionRefusedError:[Errno 61] Connection refused
45.79273562505841,,0.205,ConnectionRefusedError:[Errno 61] Connection refused
45.803537708707154,,0.271,ConnectionRefusedError:[Errno 61] Connection refused
45.81309095909819,,0.225,ConnectionRefusedError:[Errno 61] Connection refused
45.822629834059626,,0.228,ConnectionRefusedError:[Errno 61] Connection refused
45.831309834029526,,0.172,ConnectionRefusedError:[Errno 61] Connection refused
45.841544958762825,,0.213,ConnectionRefusedError:[Errno 61] Connection refused
45.85294987494126,,0.202,ConnectionRefusedError:[Errno 61] Connection refused
45.86293354164809,,0.245,ConnectionRefusedError:[Errno 61] Connection refused
45.87336766673252,,0.22,ConnectionRefusedError:[Errno 61] Connection refused
45.880277124699205,,0.22,ConnectionRefusedError:[Errno 61] Connection refused
45.893903166987,,0.337,ConnectionRefusedError:[Errno 61] Connection refused
45.902802291791886,,0.265,ConnectionRefusedError:[Errno 61] Connection refused
45.91156191704795,,0.277,ConnectionRefusedError:[Errno 61] Connection refused
45.924016458913684,,0.308,ConnectionRefusedError:[Errno 61] Connection refused
45.931834042072296,,0.237,ConnectionRefusedError:[Errno 61] Connection refused
45.94041491672397,,0.177,ConnectionRefusedError:[Errno 61] Connection refused
45.95010587479919,,0.292,ConnectionRefusedError:[Errno 61] Connection refused
45.96055016666651,,0.312,ConnectionRefusedError:[Errno 61] Connection refused
45.97446216689423,,0.247,ConnectionRefusedError:[Errno 61] Connection refused
45.98013662500307,,0.226,ConnectionRefusedError:[Errno 61] Connection refused
45.99268112471327,,0.188,ConnectionRefusedError:[Errno 61] Connection refused
46.003484749700874,,0.196,ConnectionRefusedError:[Errno 61] Connection refused
46.01122137485072,,0.146,ConnectionRefusedError:[Errno 61] Connection refused
46.020858250092715,,0.171,ConnectionRefusedError:[Errno 61] Connection refused
46.03444858407602,,0.167,ConnectionRefusedError:[Errno 61] Connection refused
46.04226279165596,,0.61,ConnectionRefusedError:[Errno 61] Connection refused
46.0529014589265,,0.209,ConnectionRefusedError:[Errno 61] Connection refused
46.060315208975226,,9.267,ConnectionRefusedError:[Errno 61] Connection refused
46.0800348338671,,1.027,ConnectionRefusedError:[Errno 61] Connection refused
46.08199145877734,,0.279,ConnectionRefusedError:[Errno 61] Connection refused
46.093639167025685,,0.23,ConnectionRefusedError:[Errno 61] Connection refused
46.10016579180956,,0.268,ConnectionRefusedError:[Errno 61] Connection refused
46.11475874995813,,0.955,ConnectionRefusedError:[Errno 61] Connection refused
46.122421874664724,,0.266,ConnectionRefusedError:[Errno 61] Connection refused
46.13047495903447,,0.169,ConnectionRefusedError:[Errno 61] Connection refused
46.144652833696455,,0.555,ConnectionRefusedError:[Errno 61] Connection refused
46.15148520888761,,0.318,ConnectionRefusedError:[Errno 61] Connection refused
46.16042887466028,,0.237,ConnectionRefusedError:[Errno 61] Connection refused
46.17079299967736,,0.261,ConnectionRefusedError:[Errno 61] Connection refused
46.18280345899984,,0.184,ConnectionRefusedError:[Errno 61] Connection refused
46.191707791760564,,0.2,ConnectionRefusedError:[Errno 61] Connection refused
46.20241745887324,,0.209,ConnectionRefusedError:[Errno 61] Connection refused
46.21357141667977,,0.204,ConnectionRefusedError:[Errno 61] Connection refused
46.22164487466216,,0.197,ConnectionRefusedError:[Errno 61] Connection refused
46.233629249967635,,0.177,ConnectionRefusedError:[Errno 61] Connection refused
46.24307949980721,,0.196,ConnectionRefusedError:[Errno 61] Connection refused
46.250329916831106,,0.232,ConnectionRefusedError:[Errno 61] Connection refused
46.261205167043954,,0.24,ConnectionRefusedError:[Errno 61] Connection refused
46.27407620893791,,0.23,ConnectionRefusedError:[Errno 61] Connection refused
46.282711166888475,,0.225,ConnectionRefusedError:[Errno 61] Connection refused
46.29047291679308,,0.182,ConnectionRefusedError:[Errno 61] Connection refused
46.30095820873976,,0.21,ConnectionRefusedError:[Errno 61] Connection refused
46.31435079174116,,0.253,ConnectionRefusedError:[Errno 61] Connection refused
46.32260920898989,,0.292,ConnectionRefusedError:[Errno 61] Connection refused
46.3335067499429,,0.235,ConnectionRefusedError:[Errno 61] Connection refused
46.34148079203442,,0.196,ConnectionRefusedError:[Errno 61] Connection refused
46.354091541841626,,0.204,ConnectionRefusedError:[Errno 61] Connection refused
46.36098562506959,,0.163,ConnectionRefusedError:[Errno 61] Connection refused
46.37260574987158,,0.713,ConnectionRefusedError:[Errno 61] Connection refused
46.38079429185018,,0.244,ConnectionRefusedError:[Errno 61] Connection refused
46.391670166980475,,0.226,ConnectionRefusedError:[Errno 61] Connection refused
46.40245612477884,,0.207,ConnectionRefusedError:[Errno 61] Connection refused
46.41012016683817,,0.202,ConnectionRefusedError:[Errno 61] Connection refused
46.42288195900619,,0.218,ConnectionRefusedError:[Errno 61] Connection refused
46.430934458971024,,0.231,ConnectionRefusedError:[Errno 61] Connection refused
46.444374084006995,,0.239,ConnectionRefusedError:[Errno 61] Connection refused
46.450091667007655,,0.26,ConnectionRefusedError:[Errno 61] Connection refused
46.460741333663464,,0.282,ConnectionRefusedError:[Errno 61] Connection refused
46.470591249875724,,0.229,ConnectionRefusedError:[Errno 61] Connection refused
46.48077483382076,,0.32,ConnectionRefusedError:[Errno 61] Connection refused
46.49296404188499,,0.23,ConnectionRefusedError:[Errno 61] Connection refused
46.5028742919676,,0.225,ConnectionRefusedError:[Errno 61] Connection refused
46.510506874881685,,0.248,ConnectionRefusedError:[Errno 61] Connection refused
46.524366084020585,,0.223,ConnectionRefusedError:[Errno 61] Connection refused
46.53004058403894,,0.205,ConnectionRefusedError:[Errno 61] Connection refused
46.54001950006932,,0.216,ConnectionRefusedError:[Errno 61] Connection refused
46.55061783408746,,0.235,ConnectionRefusedError:[Errno 61] Connection refused
46.56003620894626,,0.19,ConnectionRefusedError:[Errno 61] Connection refused
46.57456274982542,,0.323,ConnectionRefusedError:[Errno 61] Connection refused
46.58092270884663,,0.36,ConnectionRefusedError:[Errno 61] Connection refused
46.594228624831885,,0.195,ConnectionRefusedError:[Errno 61] Connection refused
46.60219291690737,,0.215,ConnectionRefusedError:[Errno 61] Connection refused
46.61076145898551,,0.346,ConnectionRefusedError:[Errno 61] Connection refused
46.620177041739225,,0.193,ConnectionRefusedError:[Errno 61] Connection refused
46.63002791674808,,0.219,ConnectionRefusedError:[Errno 61] Connection refused
46.64486199989915,,0.22,ConnectionRefusedError:[Errno 61] Connection refused
46.65237274998799,,0.189,ConnectionRefusedError:[Errno 61] Connection refused
46.66007879190147,,0.161,ConnectionRefusedError:[Errno 61] Connection refused
46.673502791672945,,0.251,ConnectionRefusedError:[Errno 61] Connection refused
46.682277749758214,,0.21,ConnectionRefusedError:[Errno 61] Connection refused
46.69372183410451,,0.15,ConnectionRefusedError:[Errno 61] Connection refused
46.703037874773145,,0.161,ConnectionRefusedError:[Errno 61] Connection refused
46.712539749685675,,0.234,ConnectionRefusedError:[Errno 61] Connection refused
46.72353420872241,,0.173,ConnectionRefusedError:[Errno 61] Connection refused
46.731482584029436,,0.181,ConnectionRefusedError:[Errno 61] Connection refused
46.742255583871156,,0.178,ConnectionRefusedError:[Errno 61] Connection refused
46.753739499952644,,0.216,ConnectionRefusedError:[Errno 61] Connection refused
46.76291999965906,,0.223,ConnectionRefusedError:[Errno 61] Connection refused
46.77317929174751,,0.238,ConnectionRefusedError:[Errno 61] Connection refused
46.78221791703254,,0.19,ConnectionRefusedError:[Errno 61] Connection refused
46.79373624967411,,0.187,ConnectionRefusedError:[Errno 61] Connection refused
46.80252483393997,,0.212,ConnectionRefusedError:[Errno 61] Connection refused
46.81038762489334,,0.23,ConnectionRefusedError:[Errno 61] Connection refused
46.82469795877114,,0.188,ConnectionRefusedError:[Errno 61] Connection refused
46.83245391678065,,0.168,ConnectionRefusedError:[Errno 61] Connection refused
46.84366983408108,,0.147,ConnectionRefusedError:[Errno 61] Connection refused
46.85308195883408,,0.19,ConnectionRefusedError:[Errno 61] Connection refused
46.860878999810666,,0.148,ConnectionRefusedError:[Errno 61] Connection refused
46.87293224968016,,0.17,ConnectionRefusedError:[Errno 61] Connection refused
46.882471750024706,,0.199,ConnectionRefusedError:[Errno 61] Connection refused
46.89170999964699,,0.192,ConnectionRefusedError:[Errno 61] Connection refused
46.90369195910171,,0.258,ConnectionRefusedError:[Errno 61] Connection refused
46.91146649979055,,0.163,ConnectionRefusedError:[Errno 61] Connection refused
46.92378866672516,,0.139,ConnectionRefusedError:[Errno 61] Connection refused
46.933007458690554,,0.214,ConnectionRefusedError:[Errno 61] Connection refused
46.94338829210028,,0.163,ConnectionRefusedError:[Errno 61] Connection refused
46.95321570895612,,0.311,ConnectionRefusedError:[Errno 61] Connection refused
46.963158749975264,,0.303,ConnectionRefusedError:[Errno 61] Connection refused
46.970632624812424,,0.391,ConnectionRefusedError:[Errno 61] Connection refused
46.98004449997097,,0.413,ConnectionRefusedError:[Errno 61] Connection refused
46.99434570875019,,0.243,ConnectionRefusedError:[Errno 61] Connection refused
47.002668084111065,,0.203,ConnectionRefusedError:[Errno 61] Connection refused
47.01354783400893,,0.212,ConnectionRefusedError:[Errno 61] Connection refused
47.02135537471622,,0.2,ConnectionRefusedError:[Errno 61] Connection refused
47.03418399998918,,0.23,ConnectionRefusedError:[Errno 61] Connection refused
47.0420888341032,,0.112,ConnectionRefusedError:[Errno 61] Connection refused
47.05387404188514,,0.193,ConnectionRefusedError:[Errno 61] Connection refused
47.062959666829556,,0.206,ConnectionRefusedError:[Errno 61] Connection refused
47.07339412486181,,0.25,ConnectionRefusedError:[Errno 61] Connection refused
47.08124158391729,,0.211,ConnectionRefusedError:[Errno 61] Connection refused
47.09203379182145,,0.203,ConnectionRefusedError:[Errno 61] Connection refused
47.10127825010568,,0.216,ConnectionRefusedError:[Errno 61] Connection refused
47.11415816703811,,0.223,ConnectionRefusedError:[Errno 61] Connection refused
47.12273391708732,,0.196,ConnectionRefusedError:[Errno 61] Connection refused
47.130129124969244,,0.494,ConnectionRefusedError:[Errno 61] Connection refused
47.142329333815724,,0.228,ConnectionRefusedError:[Errno 61] Connection refused
47.150287333875895,,0.267,ConnectionRefusedError:[Errno 61] Connection refused
47.16039758408442,,0.468,ConnectionRefusedError:[Errno 61] Connection refused
47.17010979168117,,0.344,ConnectionRefusedError:[Errno 61] Connection refused
47.18404974974692,,0.547,ConnectionRefusedError:[Errno 61] Connection refused
47.190226916689426,,0.276,ConnectionRefusedError:[Errno 61] Connection refused
47.20381100010127,,0.263,ConnectionRefusedError:[Errno 61] Connection refused
47.21237108390778,,0.227,ConnectionRefusedError:[Errno 61] Connection refused
47.220266833901405,,0.216,ConnectionRefusedError:[Errno 61] Connection refused
47.2346634590067,,0.214,ConnectionRefusedError:[Errno 61] Connection refused
47.24242829205468,,0.185,ConnectionRefusedError:[Errno 61] Connection refused
47.25226916698739,,0.249,ConnectionRefusedError:[Errno 61] Connection refused
47.26082949992269,,0.197,ConnectionRefusedError:[Errno 61] Connection refused
47.27439166698605,,0.201,ConnectionRefusedError:[Errno 61] Connection refused
47.2826226670295,,0.173,ConnectionRefusedError:[Errno 61] Connection refused
47.291125166695565,,0.175,ConnectionRefusedError:[Errno 61] Connection refused
47.30064645875245,,0.176,ConnectionRefusedError:[Errno 61] Connection refused
47.31363633368164,,0.185,ConnectionRefusedError:[Errno 61] Connection refused
47.320788541808724,,0.165,ConnectionRefusedError:[Errno 61] Connection refused
47.332710791844875,,0.218,ConnectionRefusedError:[Errno 61] Connection refused
47.34055562503636,,0.468,ConnectionRefusedError:[Errno 61] Connection refused
47.35043933382258,,0.235,ConnectionRefusedError:[Errno 61] Connection refused
47.36177858384326,,0.248,ConnectionRefusedError:[Errno 61] Connection refused
47.371964083984494,,0.284,ConnectionRefusedError:[Errno 61] Connection refused
47.381303374655545,,0.278,ConnectionRefusedError:[Errno 61] Connection refused
47.39288912480697,,0.227,ConnectionRefusedError:[Errno 61] Connection refused
47.40002887509763,,0.245,ConnectionRefusedError:[Errno 61] Connection refused
47.410646833945066,,0.224,ConnectionRefusedError:[Errno 61] Connection refused
47.42296399967745,,0.188,ConnectionRefusedError:[Errno 61] Connection refused
47.43285116693005,,0.202,ConnectionRefusedError:[Errno 61] Connection refused
47.44033483369276,,0.324,ConnectionRefusedError:[Errno 61] Connection refused
47.45002920879051,,0.313,ConnectionRefusedError:[Errno 61] Connection refused
47.461634959094226,,0.264,ConnectionRefusedError:[Errno 61] Connection refused
47.47405454190448,,0.222,ConnectionRefusedError:[Errno 61] Connection refused
47.48285337490961,,0.21,ConnectionRefusedError:[Errno 61] Connection refused
47.49330291710794,,0.285,ConnectionRefusedError:[Errno 61] Connection refused
47.50008412497118,,0.344,ConnectionRefusedError:[Errno 61] Connection refused
47.51067266706377,,0.23,ConnectionRefusedError:[Errno 61] Connection refused
47.52051012497395,,0.222,ConnectionRefusedError:[Errno 61] Connection refused
47.53005391685292,,0.232,ConnectionRefusedError:[Errno 61] Connection refused
47.54473320906982,,0.255,ConnectionRefusedError:[Errno 61] Connection refused
47.551253667101264,,0.247,ConnectionRefusedError:[Errno 61] Connection refused
47.56333004171029,,0.23,ConnectionRefusedError:[Errno 61] Connection refused
47.5731082088314,,0.165,ConnectionRefusedError:[Errno 61] Connection refused
47.583288124762475,,0.183,ConnectionRefusedError:[Errno 61] Connection refused
47.59327262500301,,0.213,ConnectionRefusedError:[Errno 61] Connection refused
47.60097262496129,,0.182,ConnectionRefusedError:[Errno 61] Connection refused
47.61184945888817,,0.146,ConnectionRefusedError:[Errno 61] Connection refused
47.62157158367336,,0.158,ConnectionRefusedError:[Errno 61] Connection refused
47.63192733377218,,0.226,ConnectionRefusedError:[Errno 61] Connection refused
47.64103245874867,,0.149,ConnectionRefusedError:[Errno 61] Connection refused
47.65386574994773,,0.16,ConnectionRefusedError:[Errno 61] Connection refused
47.66128037497401,,0.184,ConnectionRefusedError:[Errno 61] Connection refused
47.67425912478939,,0.166,ConnectionRefusedError:[Errno 61] Connection refused
47.682760749943554,,0.179,ConnectionRefusedError:[Errno 61] Connection refused
47.69007695885375,,0.134,ConnectionRefusedError:[Errno 61] Connection refused
47.70490945875645,,0.286,ConnectionRefusedError:[Errno 61] Connection refused
47.71134616667405,,0.218,ConnectionRefusedError:[Errno 61] Connection refused
47.7241895836778,,0.275,ConnectionRefusedError:[Errno 61] Connection refused
47.730933459009975,,0.236,ConnectionRefusedError:[Errno 61] Connection refused
47.74442287487909,,0.238,ConnectionRefusedError:[Errno 61] Connection refused
47.75253262510523,,0.222,ConnectionRefusedError:[Errno 61] Connection refused
47.76030845893547,,0.179,ConnectionRefusedError:[Errno 61] Connection refused
47.77473770873621,,0.21,ConnectionRefusedError:[Errno 61] Connection refused
47.782476083841175,,0.199,ConnectionRefusedError:[Errno 61] Connection refused
47.79111883370206,,0.188,ConnectionRefusedError:[Errno 61] Connection refused
47.804320625029504,,0.169,ConnectionRefusedError:[Errno 61] Connection refused
47.81002383399755,,0.288,ConnectionRefusedError:[Errno 61] Connection refused
47.82442379184067,,0.201,ConnectionRefusedError:[Errno 61] Connection refused
47.83228858374059,,0.196,ConnectionRefusedError:[Errno 61] Connection refused
47.843710416927934,,0.441,ConnectionRefusedError:[Errno 61] Connection refused
47.85290875006467,,0.361,ConnectionRefusedError:[Errno 61] Connection refused
47.86178820906207,,0.431,ConnectionRefusedError:[Errno 61] Connection refused
47.8734594588168,,0.285,ConnectionRefusedError:[Errno 61] Connection refused
47.88123437482864,,0.278,ConnectionRefusedError:[Errno 61] Connection refused
47.89179949974641,,0.253,ConnectionRefusedError:[Errno 61] Connection refused
47.90388445882127,,0.207,ConnectionRefusedError:[Errno 61] Connection refused
47.91287395870313,,0.24,ConnectionRefusedError:[Errno 61] Connection refused
47.92340174969286,,0.285,ConnectionRefusedError:[Errno 61] Connection refused
47.933085708878934,,0.23,ConnectionRefusedError:[Errno 61] Connection refused
47.94069924997166,,0.217,ConnectionRefusedError:[Errno 61] Connection refused
47.95092199975625,,0.228,ConnectionRefusedError:[Errno 61] Connection refused
47.96349637489766,,0.272,ConnectionRefusedError:[Errno 61] Connection refused
47.97025820892304,,0.22,ConnectionRefusedError:[Errno 61] Connection refused
47.98480895906687,,0.215,ConnectionRefusedError:[Errno 61] Connection refused
47.99002016708255,,0.184,ConnectionRefusedError:[Errno 61] Connection refused
48.004829458892345,,0.177,ConnectionRefusedError:[Errno 61] Connection refused
48.01078645884991,,0.158,ConnectionRefusedError:[Errno 61] Connection refused
48.024512874893844,,0.25,ConnectionRefusedError:[Errno 61] Connection refused
48.031276874709874,,0.196,ConnectionRefusedError:[Errno 61] Connection refused
48.04425529204309,,0.346,ConnectionRefusedError:[Errno 61] Connection refused
48.052042374853045,,0.538,ConnectionRefusedError:[Errno 61] Connection refused
48.0624872087501,,0.254,ConnectionRefusedError:[Errno 61] Connection refused
48.07364400010556,,3.796,ConnectionRefusedError:[Errno 61] Connection refused
48.08052699966356,,0.142,ConnectionRefusedError:[Errno 61] Connection refused
48.0900969998911,,0.33,ConnectionRefusedError:[Errno 61] Connection refused
48.104018708691,,0.27,ConnectionRefusedError:[Errno 61] Connection refused
48.11123941699043,,0.216,ConnectionRefusedError:[Errno 61] Connection refused
48.120594792068005,,0.282,ConnectionRefusedError:[Errno 61] Connection refused
48.13366524968296,,0.225,ConnectionRefusedError:[Errno 61] Connection refused
48.140045541804284,,0.222,ConnectionRefusedError:[Errno 61] Connection refused
48.154807541985065,,0.299,ConnectionRefusedError:[Errno 61] Connection refused
48.1622994588688,,0.245,ConnectionRefusedError:[Errno 61] Connection refused
48.17025308404118,,0.239,ConnectionRefusedError:[Errno 61] Connection refused
48.18039320874959,,0.649,ConnectionRefusedError:[Errno 61] Connection refused
48.19006491685286,,0.226,ConnectionRefusedError:[Errno 61] Connection refused
48.20125399995595,,0.208,ConnectionRefusedError:[Errno 61] Connection refused
48.214314334094524,,0.206,ConnectionRefusedError:[Errno 61] Connection refused
48.22261824971065,,0.206,ConnectionRefusedError:[Errno 61] Connection refused
48.23113187495619,,0.179,ConnectionRefusedError:[Errno 61] Connection refused
48.24252462480217,,0.213,ConnectionRefusedError:[Errno 61] Connection refused
48.250968833919615,,0.259,ConnectionRefusedError:[Errno 61] Connection refused
48.26120933378115,,0.233,ConnectionRefusedError:[Errno 61] Connection refused
48.27089483384043,,0.202,ConnectionRefusedError:[Errno 61] Connection refused
48.28026924980804,,0.255,ConnectionRefusedError:[Errno 61] Connection refused
48.29071416705847,,0.247,ConnectionRefusedError:[Errno 61] Connection refused
48.30050341691822,,0.243,ConnectionRefusedError:[Errno 61] Connection refused
48.3104699999094,,0.248,ConnectionRefusedError:[Errno 61] Connection refused
48.32258695876226,,0.24,ConnectionRefusedError:[Errno 61] Connection refused
48.33349729189649,,0.309,ConnectionRefusedError:[Errno 61] Connection refused
48.34101733379066,,0.226,ConnectionRefusedError:[Errno 61] Connection refused
48.35357237467542,,0.179,ConnectionRefusedError:[Errno 61] Connection refused
48.361943250056356,,0.23,ConnectionRefusedError:[Errno 61] Connection refused
48.372869041748345,,0.28,ConnectionRefusedError:[Errno 61] Connection refused
48.38109316676855,,0.245,ConnectionRefusedError:[Errno 61] Connection refused
48.394281041808426,,0.157,ConnectionRefusedError:[Errno 61] Connection refused
48.402652374934405,,0.203,ConnectionRefusedError:[Errno 61] Connection refused
48.410074417013675,,0.242,ConnectionRefusedError:[Errno 61] Connection refused
48.42471408378333,,0.209,ConnectionRefusedError:[Errno 61] Connection refused
48.43250437499955,,0.241,ConnectionRefusedError:[Errno 61] Connection refused
48.4436675417237,,0.148,ConnectionRefusedError:[Errno 61] Connection refused
48.451337709091604,,0.189,ConnectionRefusedError:[Errno 61] Connection refused
48.46039987495169,,0.122,ConnectionRefusedError:[Errno 61] Connection refused
48.47276879195124,,0.174,ConnectionRefusedError:[Errno 61] Connection refused
48.483477958943695,,0.198,ConnectionRefusedError:[Errno 61] Connection refused
48.49303462496027,,0.222,ConnectionRefusedError:[Errno 61] Connection refused
48.50298124970868,,0.206,ConnectionRefusedError:[Errno 61] Connection refused
48.51330337487161,,0.187,ConnectionRefusedError:[Errno 61] Connection refused
48.523142375051975,,0.234,ConnectionRefusedError:[Errno 61] Connection refused
48.530682833865285,,0.238,ConnectionRefusedError:[Errno 61] Connection refused
48.54445133404806,,0.201,ConnectionRefusedError:[Errno 61] Connection refused
48.550794624723494,,0.213,ConnectionRefusedError:[Errno 61] Connection refused
48.56054595904425,,0.207,ConnectionRefusedError:[Errno 61] Connection refused
48.57298525003716,,0.222,ConnectionRefusedError:[Errno 61] Connection refused
48.58341974997893,,0.21,ConnectionRefusedError:[Errno 61] Connection refused
48.59041399974376,,0.215,ConnectionRefusedError:[Errno 61] Connection refused
48.60057787504047,,0.246,ConnectionRefusedError:[Errno 61] Connection refused
48.61088595865294,,0.229,ConnectionRefusedError:[Errno 61] Connection refused
48.62438766704872,,0.205,ConnectionRefusedError:[Errno 61] Connection refused
48.63058404205367,,0.198,ConnectionRefusedError:[Errno 61] Connection refused
48.644556041806936,,0.191,ConnectionRefusedError:[Errno 61] Connection refused
48.65217962488532,,0.235,ConnectionRefusedError:[Errno 61] Connection refused
48.66026729205623,,0.31,ConnectionRefusedError:[Errno 61] Connection refused
48.67298845900223,,0.229,ConnectionRefusedError:[Errno 61] Connection refused
48.68025141675025,,0.152,ConnectionRefusedError:[Errno 61] Connection refused
48.694228834006935,,0.241,ConnectionRefusedError:[Errno 61] Connection refused
48.70264137489721,,0.132,ConnectionRefusedError:[Errno 61] Connection refused
48.71361129172146,,0.195,ConnectionRefusedError:[Errno 61] Connection refused
48.72134649986401,,0.172,ConnectionRefusedError:[Errno 61] Connection refused
48.734231458976865,,0.222,ConnectionRefusedError:[Errno 61] Connection refused
48.742746375035495,,0.178,ConnectionRefusedError:[Errno 61] Connection refused
48.75352462474257,,0.174,ConnectionRefusedError:[Errno 61] Connection refused
48.761357416864485,,0.189,ConnectionRefusedError:[Errno 61] Connection refused
48.77422612486407,,0.204,ConnectionRefusedError:[Errno 61] Connection refused
48.78272179188207,,0.183,ConnectionRefusedError:[Errno 61] Connection refused
48.7905057920143,,0.155,ConnectionRefusedError:[Errno 61] Connection refused
48.80133020877838,,0.198,ConnectionRefusedError:[Errno 61] Connection refused
48.813504583667964,,0.159,ConnectionRefusedError:[Errno 61] Connection refused
48.82314274972305,,0.196,ConnectionRefusedError:[Errno 61] Connection refused
48.83285008370876,,0.181,ConnectionRefusedError:[Errno 61] Connection refused
48.843376209028065,,0.203,ConnectionRefusedError:[Errno 61] Connection refused
48.852995791938156,,0.17,ConnectionRefusedError:[Errno 61] Connection refused
48.863360750023276,,0.259,ConnectionRefusedError:[Errno 61] Connection refused
48.87135262507945,,0.133,ConnectionRefusedError:[Errno 61] Connection refused
48.88422370888293,,0.221,ConnectionRefusedError:[Errno 61] Connection refused
48.890510791912675,,0.225,ConnectionRefusedError:[Errno 61] Connection refused
48.90385008370504,,0.202,ConnectionRefusedError:[Errno 61] Connection refused
48.91155245900154,,0.233,ConnectionRefusedError:[Errno 61] Connection refused
48.92221708409488,,0.172,ConnectionRefusedError:[Errno 61] Connection refused
48.932897166814655,,0.154,ConnectionRefusedError:[Errno 61] Connection refused
48.94346154201776,,0.227,ConnectionRefusedError:[Errno 61] Connection refused
48.953103417064995,,0.232,ConnectionRefusedError:[Errno 61] Connection refused
48.96211549965665,,0.216,ConnectionRefusedError:[Errno 61] Connection refused
48.97008483391255,,0.239,ConnectionRefusedError:[Errno 61] Connection refused
48.9847692088224,,0.253,ConnectionRefusedError:[Errno 61] Connection refused
48.99238487472758,,0.211,ConnectionRefusedError:[Errno 61] Connection refused
49.00362066691741,,0.187,ConnectionRefusedError:[Errno 61] Connection refused
49.010412791743875,,0.164,ConnectionRefusedError:[Errno 61] Connection refused
49.02374816685915,,0.274,ConnectionRefusedError:[Errno 61] Connection refused
49.032920917030424,,0.232,ConnectionRefusedError:[Errno 61] Connection refused
49.04333316674456,,0.258,ConnectionRefusedError:[Errno 61] Connection refused
49.050441291648895,,0.237,ConnectionRefusedError:[Errno 61] Connection refused
49.060669417027384,,0.199,ConnectionRefusedError:[Errno 61] Connection refused
49.07453399989754,,0.205,ConnectionRefusedError:[Errno 61] Connection refused
49.082317291758955,,0.197,ConnectionRefusedError:[Errno 61] Connection refused
49.09007729170844,,0.294,ConnectionRefusedError:[Errno 61] Connection refused
49.10469058388844,,0.283,ConnectionRefusedError:[Errno 61] Connection refused
49.112437708768994,,0.284,ConnectionRefusedError:[Errno 61] Connection refused
49.12356570875272,,0.293,ConnectionRefusedError:[Errno 61] Connection refused
49.13299987465143,,0.193,ConnectionRefusedError:[Errno 61] Connection refused
49.14335204195231,,0.198,ConnectionRefusedError:[Errno 61] Connection refused
49.151105999946594,,0.191,ConnectionRefusedError:[Errno 61] Connection refused
49.16547895874828,,0.467,ConnectionRefusedError:[Errno 61] Connection refused
49.17198062501848,,0.289,ConnectionRefusedError:[Errno 61] Connection refused
49.18294758396223,,0.495,ConnectionRefusedError:[Errno 61] Connection refused
49.19023087481037,,0.389,ConnectionRefusedError:[Errno 61] Connection refused
49.203602749854326,,0.237,ConnectionRefusedError:[Errno 61] Connection refused
49.2128672497347,,0.22,ConnectionRefusedError:[Errno 61] Connection refused
49.22074479190633,,0.153,ConnectionRefusedError:[Errno 61] Connection refused
49.2345513748005,,0.185,ConnectionRefusedError:[Errno 61] Connection refused
49.24049474997446,,0.327,ConnectionRefusedError:[Errno 61] Connection refused
49.25176554173231,,0.187,ConnectionRefusedError:[Errno 61] Connection refused
49.26397191686556,,0.18,ConnectionRefusedError:[Errno 61] Connection refused
49.272892833687365,,0.146,ConnectionRefusedError:[Errno 61] Connection refused
49.28062029182911,,0.152,ConnectionRefusedError:[Errno 61] Connection refused
49.29459112510085,,0.146,ConnectionRefusedError:[Errno 61] Connection refused
49.302609791979194,,0.138,ConnectionRefusedError:[Errno 61] Connection refused
49.310246124863625,,0.118,ConnectionRefusedError:[Errno 61] Connection refused
49.32479600002989,,0.129,ConnectionRefusedError:[Errno 61] Connection refused
49.332506416831166,,0.184,ConnectionRefusedError:[Errno 61] Connection refused
49.34038324980065,,0.167,ConnectionRefusedError:[Errno 61] Connection refused
49.35058508394286,,0.171,ConnectionRefusedError:[Errno 61] Connection refused
49.36408374970779,,0.244,ConnectionRefusedError:[Errno 61] Connection refused
49.3718485836871,,0.147,ConnectionRefusedError:[Errno 61] Connection refused
49.38083654176444,,0.191,ConnectionRefusedError:[Errno 61] Connection refused
49.39094595890492,,0.219,ConnectionRefusedError:[Errno 61] Connection refused
49.40429133409634,,0.19,ConnectionRefusedError:[Errno 61] Connection refused
49.41274066688493,,0.228,ConnectionRefusedError:[Errno 61] Connection refused
49.420640541706234,,0.262,ConnectionRefusedError:[Errno 61] Connection refused
49.433109916746616,,0.284,ConnectionRefusedError:[Errno 61] Connection refused
49.44321074988693,,0.2,ConnectionRefusedError:[Errno 61] Connection refused
49.45318549964577,,0.187,ConnectionRefusedError:[Errno 61] Connection refused
49.46330995904282,,0.16,ConnectionRefusedError:[Errno 61] Connection refused
49.47079708380625,,0.214,ConnectionRefusedError:[Errno 61] Connection refused
49.48447679169476,,0.234,ConnectionRefusedError:[Errno 61] Connection refused
49.492542708758265,,0.197,ConnectionRefusedError:[Errno 61] Connection refused
49.50160379195586,,0.176,ConnectionRefusedError:[Errno 61] Connection refused
49.51265912503004,,0.137,ConnectionRefusedError:[Errno 61] Connection refused
49.523570749908686,,0.197,ConnectionRefusedError:[Errno 61] Connection refused
49.531415208708495,,0.196,ConnectionRefusedError:[Errno 61] Connection refused
49.5421008747071,,0.191,ConnectionRefusedError:[Errno 61] Connection refused
49.55129687488079,,0.187,ConnectionRefusedError:[Errno 61] Connection refused
49.564250624738634,,0.185,ConnectionRefusedError:[Errno 61] Connection refused
49.57205674983561,,0.145,ConnectionRefusedError:[Errno 61] Connection refused
49.58389304205775,,0.145,ConnectionRefusedError:[Errno 61] Connection refused
49.59070808393881,,0.129,ConnectionRefusedError:[Errno 61] Connection refused
49.603484249673784,,0.163,ConnectionRefusedError:[Errno 61] Connection refused
49.61081429198384,,0.157,ConnectionRefusedError:[Errno 61] Connection refused
49.62448854185641,,0.156,ConnectionRefusedError:[Errno 61] Connection refused
49.63266383390874,,0.149,ConnectionRefusedError:[Errno 61] Connection refused
49.64250812493265,,0.187,ConnectionRefusedError:[Errno 61] Connection refused
49.65109779173508,,0.142,ConnectionRefusedError:[Errno 61] Connection refused
49.66052770894021,,0.176,ConnectionRefusedError:[Errno 61] Connection refused
49.67117670876905,,0.156,ConnectionRefusedError:[Errno 61] Connection refused
49.68431337503716,,0.237,ConnectionRefusedError:[Errno 61] Connection refused
49.69272887473926,,0.19,ConnectionRefusedError:[Errno 61] Connection refused
49.700453999917954,,0.188,ConnectionRefusedError:[Errno 61] Connection refused
49.71462591690943,,0.241,ConnectionRefusedError:[Errno 61] Connection refused
49.72250399971381,,0.199,ConnectionRefusedError:[Errno 61] Connection refused
49.73125920910388,,0.44,ConnectionRefusedError:[Errno 61] Connection refused
49.742099166847765,,0.442,ConnectionRefusedError:[Errno 61] Connection refused
49.75188554171473,,0.333,ConnectionRefusedError:[Errno 61] Connection refused
49.76384870894253,,0.244,ConnectionRefusedError:[Errno 61] Connection refused
49.772897500079125,,0.277,ConnectionRefusedError:[Errno 61] Connection refused
49.783437541686,,0.412,ConnectionRefusedError:[Errno 61] Connection refused
49.791618291754276,,0.354,ConnectionRefusedError:[Errno 61] Connection refused
49.80392508395016,,0.201,ConnectionRefusedError:[Errno 61] Connection refused
49.81289350008592,,0.138,ConnectionRefusedError:[Errno 61] Connection refused
49.82057270873338,,0.12,ConnectionRefusedError:[Errno 61] Connection refused
49.83229958405718,,0.168,ConnectionRefusedError:[Errno 61] Connection refused
49.84001441672444,,0.131,ConnectionRefusedError:[Errno 61] Connection refused
49.85355837503448,,0.137,ConnectionRefusedError:[Errno 61] Connection refused
49.86218220880255,,0.246,ConnectionRefusedError:[Errno 61] Connection refused
49.873707458842546,,0.419,ConnectionRefusedError:[Errno 61] Connection refused
49.88286262471229,,0.365,ConnectionRefusedError:[Errno 61] Connection refused
49.890197209082544,,0.247,ConnectionRefusedError:[Errno 61] Connection refused
49.90392191708088,,0.277,ConnectionRefusedError:[Errno 61] Connection refused
49.91186595894396,,0.511,ConnectionRefusedError:[Errno 61] Connection refused
49.9221376250498,,0.424,ConnectionRefusedError:[Errno 61] Connection refused
49.93085754197091,,0.198,ConnectionRefusedError:[Errno 61] Connection refused
49.9470949168317,,0.705,ConnectionRefusedError:[Errno 61] Connection refused
49.950768624898046,,0.28,ConnectionRefusedError:[Errno 61] Connection refused
49.97151929186657,,0.668,ConnectionRefusedError:[Errno 61] Connection refused
49.971858999691904,,0.438,ConnectionRefusedError:[Errno 61] Connection refused
49.98381087509915,,0.296,ConnectionRefusedError:[Errno 61] Connection refused
49.992854999843985,,0.267,ConnectionRefusedError:[Errno 61] Connection refused
50.00080620869994,,0.307,ConnectionRefusedError:[Errno 61] Connection refused
50.01436779182404,,0.197,ConnectionRefusedError:[Errno 61] Connection refused
50.02015291666612,,0.502,ConnectionRefusedError:[Errno 61] Connection refused
50.03484229184687,,0.381,ConnectionRefusedError:[Errno 61] Connection refused
50.040831041987985,,0.218,ConnectionRefusedError:[Errno 61] Connection refused
50.05444791680202,,0.516,ConnectionRefusedError:[Errno 61] Connection refused
50.06198462471366,,0.341,ConnectionRefusedError:[Errno 61] Connection refused
50.07150499988347,,1.481,ConnectionRefusedError:[Errno 61] Connection refused
50.082267958670855,,0.474,ConnectionRefusedError:[Errno 61] Connection refused
50.090430167037994,,0.355,ConnectionRefusedError:[Errno 61] Connection refused
50.10959425009787,,0.828,ConnectionRefusedError:[Errno 61] Connection refused
50.11096554202959,,0.458,ConnectionRefusedError:[Errno 61] Connection refused
50.12320224987343,,0.453,ConnectionRefusedError:[Errno 61] Connection refused
50.13011670904234,,0.266,ConnectionRefusedError:[Errno 61] Connection refused
50.14478183398023,,0.362,ConnectionRefusedError:[Errno 61] Connection refused
50.15106941666454,,0.5,ConnectionRefusedError:[Errno 61] Connection refused
50.16420870879665,,0.556,ConnectionRefusedError:[Errno 61] Connection refused
50.171156791970134,,0.404,ConnectionRefusedError:[Errno 61] Connection refused
50.18332062475383,,8.222,ConnectionRefusedError:[Errno 61] Connection refused
50.191871624905616,,0.515,ConnectionRefusedError:[Errno 61] Connection refused
50.20118079194799,,0.201,ConnectionRefusedError:[Errno 61] Connection refused
50.213689958676696,,0.205,ConnectionRefusedError:[Errno 61] Connection refused
50.220175333786756,,0.458,ConnectionRefusedError:[Errno 61] Connection refused
50.23392387479544,,0.74,ConnectionRefusedError:[Errno 61] Connection refused
50.24204112496227,,0.4,ConnectionRefusedError:[Errno 61] Connection refused
50.251450459007174,,0.31,ConnectionRefusedError:[Errno 61] Connection refused
50.260774708818644,,0.395,ConnectionRefusedError:[Errno 61] Connection refused
50.270156499929726,,0.45,ConnectionRefusedError:[Errno 61] Connection refused
50.28084591683,,0.203,ConnectionRefusedError:[Errno 61] Connection refused
50.294414958916605,,0.373,ConnectionRefusedError:[Errno 61] Connection refused
50.300607916899025,,0.194,ConnectionRefusedError:[Errno 61] Connection refused
50.310769625008106,,0.224,ConnectionRefusedError:[Errno 61] Connection refused
50.32015729183331,,0.224,ConnectionRefusedError:[Errno 61] Connection refused
50.3347931667231,,0.257,ConnectionRefusedError:[Errno 61] Connection refused
50.342354292050004,,0.17,ConnectionRefusedError:[Errno 61] Connection refused
50.3518524589017,,0.146,ConnectionRefusedError:[Errno 61] Connection refused
50.3639735840261,,0.23,ConnectionRefusedError:[Errno 61] Connection refused
50.37290324969217,,0.186,ConnectionRefusedError:[Errno 61] Connection refused
50.38254908379167,,0.153,ConnectionRefusedError:[Errno 61] Connection refused
50.39022883400321,,0.12,ConnectionRefusedError:[Errno 61] Connection refused
50.40021666698158,,0.139,ConnectionRefusedError:[Errno 61] Connection refused
50.411596833728254,,0.185,ConnectionRefusedError:[Errno 61] Connection refused
50.42276012478396,,0.204,ConnectionRefusedError:[Errno 61] Connection refused
50.43345941696316,,0.219,ConnectionRefusedError:[Errno 61] Connection refused
50.44305462483317,,0.166,ConnectionRefusedError:[Errno 61] Connection refused
50.45079433405772,,0.169,ConnectionRefusedError:[Errno 61] Connection refused
50.46445720875636,,0.246,ConnectionRefusedError:[Errno 61] Connection refused
50.47255733376369,,0.276,ConnectionRefusedError:[Errno 61] Connection refused
50.480519958771765,,0.205,ConnectionRefusedError:[Errno 61] Connection refused
50.49130487488583,,0.211,ConnectionRefusedError:[Errno 61] Connection refused
50.50088637508452,,0.215,ConnectionRefusedError:[Errno 61] Connection refused
50.51314429193735,,0.168,ConnectionRefusedError:[Errno 61] Connection refused
50.52022899966687,,0.153,ConnectionRefusedError:[Errno 61] Connection refused
50.534787541721016,,0.188,ConnectionRefusedError:[Errno 61] Connection refused
50.542486124671996,,0.143,ConnectionRefusedError:[Errno 61] Connection refused
50.55021724989638,,0.177,ConnectionRefusedError:[Errno 61] Connection refused
50.56178933382034,,0.191,ConnectionRefusedError:[Errno 61] Connection refused
50.57048474997282,,0.186,ConnectionRefusedError:[Errno 61] Connection refused
50.58135245880112,,0.169,ConnectionRefusedError:[Errno 61] Connection refused
50.590531416703016,,0.183,ConnectionRefusedError:[Errno 61] Connection refused
50.6024850839749,,0.257,ConnectionRefusedError:[Errno 61] Connection refused
50.61361391702667,,0.293,ConnectionRefusedError:[Errno 61] Connection refused
50.623041041661054,,0.178,ConnectionRefusedError:[Errno 61] Connection refused
50.63082933379337,,0.143,ConnectionRefusedError:[Errno 61] Connection refused
50.6425442090258,,0.193,ConnectionRefusedError:[Errno 61] Connection refused
50.65358674991876,,0.202,ConnectionRefusedError:[Errno 61] Connection refused
50.662151749711484,,0.18,ConnectionRefusedError:[Errno 61] Connection refused
50.670596125070006,,0.201,ConnectionRefusedError:[Errno 61] Connection refused
50.68457554187626,,0.21,ConnectionRefusedError:[Errno 61] Connection refused
50.692526458762586,,0.171,ConnectionRefusedError:[Errno 61] Connection refused
50.70139116700739,,0.194,ConnectionRefusedError:[Errno 61] Connection refused
50.714184584096074,,0.179,ConnectionRefusedError:[Errno 61] Connection refused
50.72278595902026,,0.225,ConnectionRefusedError:[Errno 61] Connection refused
50.73345054173842,,0.156,ConnectionRefusedError:[Errno 61] Connection refused
50.74312158394605,,0.213,ConnectionRefusedError:[Errno 61] Connection refused
50.751470792107284,,0.231,ConnectionRefusedError:[Errno 61] Connection refused
50.763752500060946,,0.218,ConnectionRefusedError:[Errno 61] Connection refused
50.77035495871678,,0.225,ConnectionRefusedError:[Errno 61] Connection refused
50.78364087501541,,0.318,ConnectionRefusedError:[Errno 61] Connection refused
50.79284845897928,,0.204,ConnectionRefusedError:[Errno 61] Connection refused
50.80280179204419,,0.158,ConnectionRefusedError:[Errno 61] Connection refused
50.81349429208785,,0.155,ConnectionRefusedError:[Errno 61] Connection refused
50.82313245907426,,0.157,ConnectionRefusedError:[Errno 61] Connection refused
50.832184749655426,,0.161,ConnectionRefusedError:[Errno 61] Connection refused
50.843628499656916,,0.141,ConnectionRefusedError:[Errno 61] Connection refused
50.85164891695604,,0.232,ConnectionRefusedError:[Errno 61] Connection refused
50.863061166834086,,0.241,ConnectionRefusedError:[Errno 61] Connection refused
50.87126124976203,,0.212,ConnectionRefusedError:[Errno 61] Connection refused
50.88201824994758,,0.181,ConnectionRefusedError:[Errno 61] Connection refused
50.8937201667577,,0.266,ConnectionRefusedError:[Errno 61] Connection refused
50.90001362469047,,0.224,ConnectionRefusedError:[Errno 61] Connection refused
50.91039170883596,,0.209,ConnectionRefusedError:[Errno 61] Connection refused
50.92174204206094,,0.2,ConnectionRefusedError:[Errno 61] Connection refused
50.93275787495077,,0.208,ConnectionRefusedError:[Errno 61] Connection refused
50.94336650008336,,0.197,ConnectionRefusedError:[Errno 61] Connection refused
50.95224983384833,,0.22,ConnectionRefusedError:[Errno 61] Connection refused
50.96113037504256,,0.226,ConnectionRefusedError:[Errno 61] Connection refused
50.97424616664648,,0.228,ConnectionRefusedError:[Errno 61] Connection refused
50.98267316678539,,0.17,ConnectionRefusedError:[Errno 61] Connection refused
50.993575416971,,0.198,ConnectionRefusedError:[Errno 61] Connection refused
51.002190792001784,,0.146,ConnectionRefusedError:[Errno 61] Connection refused
51.01096708374098,,0.198,ConnectionRefusedError:[Errno 61] Connection refused
51.024424749892205,,0.212,ConnectionRefusedError:[Errno 61] Connection refused
51.03259629197419,,0.235,ConnectionRefusedError:[Errno 61] Connection refused
51.040382999926805,,0.172,ConnectionRefusedError:[Errno 61] Connection refused
51.053223916795105,,0.175,ConnectionRefusedError:[Errno 61] Connection refused
51.060902083758265,,0.146,ConnectionRefusedError:[Errno 61] Connection refused
51.074261041823775,,0.119,ConnectionRefusedError:[Errno 61] Connection refused
51.08279312495142,,0.186,ConnectionRefusedError:[Errno 61] Connection refused
51.092272041831166,,0.21,ConnectionRefusedError:[Errno 61] Connection refused
51.102191749960184,,0.152,ConnectionRefusedError:[Errno 61] Connection refused
51.11378900008276,,0.156,ConnectionRefusedError:[Errno 61] Connection refused
51.122942791786045,,0.186,ConnectionRefusedError:[Errno 61] Connection refused
51.130542791914195,,0.148,ConnectionRefusedError:[Errno 61] Connection refused
51.14465720904991,,0.26,ConnectionRefusedError:[Errno 61] Connection refused
51.15246391668916,,0.169,ConnectionRefusedError:[Errno 61] Connection refused
51.1601879587397,,0.194,ConnectionRefusedError:[Errno 61] Connection refused
51.17473999969661,,0.234,ConnectionRefusedError:[Errno 61] Connection refused
51.182047416921705,,0.157,ConnectionRefusedError:[Errno 61] Connection refused
51.191659749951214,,0.184,ConnectionRefusedError:[Errno 61] Connection refused
51.20397854177281,,0.171,ConnectionRefusedError:[Errno 61] Connection refused
51.21289745904505,,0.175,ConnectionRefusedError:[Errno 61] Connection refused
51.22071262495592,,0.307,ConnectionRefusedError:[Errno 61] Connection refused
51.23052245890722,,0.202,ConnectionRefusedError:[Errno 61] Connection refused
51.24091462465003,,0.211,ConnectionRefusedError:[Errno 61] Connection refused
51.25422733370215,,0.213,ConnectionRefusedError:[Errno 61] Connection refused
51.262292166706175,,0.279,ConnectionRefusedError:[Errno 61] Connection refused
51.273677666671574,,0.224,ConnectionRefusedError:[Errno 61] Connection refused
51.28186754183844,,0.189,ConnectionRefusedError:[Errno 61] Connection refused
51.29372208379209,,0.206,ConnectionRefusedError:[Errno 61] Connection refused
51.30152929201722,,0.18,ConnectionRefusedError:[Errno 61] Connection refused
51.31411070888862,,0.159,ConnectionRefusedError:[Errno 61] Connection refused
51.32182804169133,,0.19,ConnectionRefusedError:[Errno 61] Connection refused
51.333245624788105,,0.276,ConnectionRefusedError:[Errno 61] Connection refused
51.343135624658316,,0.181,ConnectionRefusedError:[Errno 61] Connection refused
51.35184987494722,,0.292,ConnectionRefusedError:[Errno 61] Connection refused
51.360034791752696,,0.231,ConnectionRefusedError:[Errno 61] Connection refused
51.3709692498669,,0.299,ConnectionRefusedError:[Errno 61] Connection refused
51.383596959058195,,0.363,ConnectionRefusedError:[Errno 61] Connection refused
51.39218099974096,,0.29,ConnectionRefusedError:[Errno 61] Connection refused
51.403665374964476,,0.315,ConnectionRefusedError:[Errno 61] Connection refused
51.41295999987051,,0.289,ConnectionRefusedError:[Errno 61] Connection refused
51.423156041651964,,0.208,ConnectionRefusedError:[Errno 61] Connection refused
51.43078983388841,,0.181,ConnectionRefusedError:[Errno 61] Connection refused
51.44235891709104,,0.221,ConnectionRefusedError:[Errno 61] Connection refused
51.45014954172075,,0.254,ConnectionRefusedError:[Errno 61] Connection refused
51.461387041956186,,0.229,ConnectionRefusedError:[Errno 61] Connection refused
51.47406237479299,,0.257,ConnectionRefusedError:[Errno 61] Connection refused
51.480936124920845,,0.203,ConnectionRefusedError:[Errno 61] Connection refused
51.49013879196718,,0.2,ConnectionRefusedError:[Errno 61] Connection refused
51.50024070870131,,0.22,ConnectionRefusedError:[Errno 61] Connection refused
51.511926291976124,,0.203,ConnectionRefusedError:[Errno 61] Connection refused
51.523902209009975,,0.224,ConnectionRefusedError:[Errno 61] Connection refused
51.53287854185328,,0.189,ConnectionRefusedError:[Errno 61] Connection refused
51.54002616694197,,0.24,ConnectionRefusedError:[Errno 61] Connection refused
51.55003829207271,,0.171,ConnectionRefusedError:[Errno 61] Connection refused
51.56484370864928,,0.251,ConnectionRefusedError:[Errno 61] Connection refused
51.571181249804795,,0.259,ConnectionRefusedError:[Errno 61] Connection refused
51.582085833884776,,0.192,ConnectionRefusedError:[Errno 61] Connection refused
51.593756542075425,,0.209,ConnectionRefusedError:[Errno 61] Connection refused
51.60002804175019,,0.167,ConnectionRefusedError:[Errno 61] Connection refused
51.61330124968663,,0.278,ConnectionRefusedError:[Errno 61] Connection refused
51.62193954177201,,0.219,ConnectionRefusedError:[Errno 61] Connection refused
51.630120624788105,,0.247,ConnectionRefusedError:[Errno 61] Connection refused
51.64372166665271,,0.223,ConnectionRefusedError:[Errno 61] Connection refused
51.65005687484518,,0.199,ConnectionRefusedError:[Errno 61] Connection refused
51.66119704209268,,0.215,ConnectionRefusedError:[Errno 61] Connection refused
51.67419783398509,,0.211,ConnectionRefusedError:[Errno 61] Connection refused
51.68097499990836,,0.206,ConnectionRefusedError:[Errno 61] Connection refused
51.69439645903185,,0.174,ConnectionRefusedError:[Errno 61] Connection refused
51.702301791869104,,0.216,ConnectionRefusedError:[Errno 61] Connection refused
51.713764667045325,,0.273,ConnectionRefusedError:[Errno 61] Connection refused
51.72298979200423,,0.231,ConnectionRefusedError:[Errno 61] Connection refused
51.730763792060316,,0.223,ConnectionRefusedError:[Errno 61] Connection refused
51.74211987480521,,0.173,ConnectionRefusedError:[Errno 61] Connection refused
51.75380620872602,,0.19,ConnectionRefusedError:[Errno 61] Connection refused
51.76144641684368,,0.189,ConnectionRefusedError:[Errno 61] Connection refused
51.77218458382413,,0.195,ConnectionRefusedError:[Errno 61] Connection refused
51.78373954165727,,0.202,ConnectionRefusedError:[Errno 61] Connection refused
51.79012962477282,,0.24,ConnectionRefusedError:[Errno 61] Connection refused
51.80111275007948,,0.201,ConnectionRefusedError:[Errno 61] Connection refused
51.813142084050924,,0.25,ConnectionRefusedError:[Errno 61] Connection refused
51.8232373339124,,0.219,ConnectionRefusedError:[Errno 61] Connection refused
51.83089324971661,,0.125,ConnectionRefusedError:[Errno 61] Connection refused
51.84450954198837,,0.187,ConnectionRefusedError:[Errno 61] Connection refused
51.85264270892367,,0.191,ConnectionRefusedError:[Errno 61] Connection refused
51.86353983404115,,0.144,ConnectionRefusedError:[Errno 61] Connection refused
51.87141966680065,,0.179,ConnectionRefusedError:[Errno 61] Connection refused
51.88156612496823,,0.17,ConnectionRefusedError:[Errno 61] Connection refused
51.894131666980684,,0.171,ConnectionRefusedError:[Errno 61] Connection refused
51.901768083684146,,0.144,ConnectionRefusedError:[Errno 61] Connection refused
51.9140578340739,,0.165,ConnectionRefusedError:[Errno 61] Connection refused
51.922524749767035,,0.166,ConnectionRefusedError:[Errno 61] Connection refused
51.93110491707921,,0.123,ConnectionRefusedError:[Errno 61] Connection refused
51.94176004175097,,0.21,ConnectionRefusedError:[Errno 61] Connection refused
51.95397729193792,,0.165,ConnectionRefusedError:[Errno 61] Connection refused
51.9618202499114,,0.116,ConnectionRefusedError:[Errno 61] Connection refused
51.97172545874491,,0.183,ConnectionRefusedError:[Errno 61] Connection refused
51.98393612494692,,0.178,ConnectionRefusedError:[Errno 61] Connection refused
51.99294274998829,,0.181,ConnectionRefusedError:[Errno 61] Connection refused
52.000798291992396,,0.104,ConnectionRefusedError:[Errno 61] Connection refused
52.01407354185358,,0.177,ConnectionRefusedError:[Errno 61] Connection refused
52.022841792088,,0.22,ConnectionRefusedError:[Errno 61] Connection refused
52.03313162503764,,0.247,ConnectionRefusedError:[Errno 61] Connection refused
52.04038333380595,,0.255,ConnectionRefusedError:[Errno 61] Connection refused
52.05397679191083,,0.238,ConnectionRefusedError:[Errno 61] Connection refused
52.062815041746944,,0.225,ConnectionRefusedError:[Errno 61] Connection refused
52.07265245867893,,0.185,ConnectionRefusedError:[Errno 61] Connection refused
52.083480834029615,,0.148,ConnectionRefusedError:[Errno 61] Connection refused
52.09315395867452,,0.176,ConnectionRefusedError:[Errno 61] Connection refused
52.10324329184368,,0.251,ConnectionRefusedError:[Errno 61] Connection refused
52.113190333824605,,0.205,ConnectionRefusedError:[Errno 61] Connection refused
52.12326687481254,,0.236,ConnectionRefusedError:[Errno 61] Connection refused
52.13098316686228,,0.189,ConnectionRefusedError:[Errno 61] Connection refused
52.144408208783716,,0.188,ConnectionRefusedError:[Errno 61] Connection refused
52.152252125088125,,0.47,ConnectionRefusedError:[Errno 61] Connection refused
52.163116292096674,,0.362,ConnectionRefusedError:[Errno 61] Connection refused
52.173149624839425,,0.227,ConnectionRefusedError:[Errno 61] Connection refused
52.18327558366582,,0.436,ConnectionRefusedError:[Errno 61] Connection refused
52.19423249969259,,0.321,ConnectionRefusedError:[Errno 61] Connection refused
52.2014453751035,,0.257,ConnectionRefusedError:[Errno 61] Connection refused
52.214097124990076,,0.359,ConnectionRefusedError:[Errno 61] Connection refused
52.22004587482661,,0.292,ConnectionRefusedError:[Errno 61] Connection refused
52.23091895878315,,0.322,ConnectionRefusedError:[Errno 61] Connection refused
52.24446091707796,,2.223,ConnectionRefusedError:[Errno 61] Connection refused
52.25083445897326,,0.222,ConnectionRefusedError:[Errno 61] Connection refused
52.262745374813676,,0.288,ConnectionRefusedError:[Errno 61] Connection refused
52.27329908404499,,0.311,ConnectionRefusedError:[Errno 61] Connection refused
52.283131749834865,,0.24,ConnectionRefusedError:[Errno 61] Connection refused
52.29039412504062,,0.258,ConnectionRefusedError:[Errno 61] Connection refused
52.30404237471521,,0.229,ConnectionRefusedError:[Errno 61] Connection refused
52.312852416653186,,0.306,ConnectionRefusedError:[Errno 61] Connection refused
52.32114783395082,,0.458,ConnectionRefusedError:[Errno 61] Connection refused
52.33238987484947,,0.448,ConnectionRefusedError:[Errno 61] Connection refused
52.343645459041,,0.301,ConnectionRefusedError:[Errno 61] Connection refused
52.352921708952636,,0.219,ConnectionRefusedError:[Errno 61] Connection refused
52.36341379210353,,0.437,ConnectionRefusedError:[Errno 61] Connection refused
52.37269899994135,,0.232,ConnectionRefusedError:[Errno 61] Connection refused
52.383520708885044,,0.561,ConnectionRefusedError:[Errno 61] Connection refused
52.39229566697031,,0.407,ConnectionRefusedError:[Errno 61] Connection refused
52.402471374720335,,0.35,ConnectionRefusedError:[Errno 61] Connection refused
52.41038579167798,,0.355,ConnectionRefusedError:[Errno 61] Connection refused
52.420463166665286,,0.337,ConnectionRefusedError:[Errno 61] Connection refused
52.43099008407444,,0.452,ConnectionRefusedError:[Errno 61] Connection refused
52.44419700000435,,0.399,ConnectionRefusedError:[Errno 61] Connection refused
52.45244708377868,,0.239,ConnectionRefusedError:[Errno 61] Connection refused
52.460216249804944,,0.184,ConnectionRefusedError:[Errno 61] Connection refused
52.47480170894414,,0.171,ConnectionRefusedError:[Errno 61] Connection refused
52.48248341679573,,0.133,ConnectionRefusedError:[Errno 61] Connection refused
52.49092445895076,,0.162,ConnectionRefusedError:[Errno 61] Connection refused
52.5014491667971,,0.31,ConnectionRefusedError:[Errno 61] Connection refused
52.51405487488955,,0.204,ConnectionRefusedError:[Errno 61] Connection refused
52.52282820874825,,0.397,ConnectionRefusedError:[Errno 61] Connection refused
52.533430041745305,,0.251,ConnectionRefusedError:[Errno 61] Connection refused
52.543157999869436,,0.189,ConnectionRefusedError:[Errno 61] Connection refused
52.550889666657895,,0.198,ConnectionRefusedError:[Errno 61] Connection refused
52.56155045889318,,0.161,ConnectionRefusedError:[Errno 61] Connection refused
52.573068500030786,,0.161,ConnectionRefusedError:[Errno 61] Connection refused
52.58036912465468,,0.221,ConnectionRefusedError:[Errno 61] Connection refused
52.59265279211104,,0.268,ConnectionRefusedError:[Errno 61] Connection refused
52.60051766689867,,0.368,ConnectionRefusedError:[Errno 61] Connection refused
52.61145920865238,,0.293,ConnectionRefusedError:[Errno 61] Connection refused
52.62082724971697,,0.797,ConnectionRefusedError:[Errno 61] Connection refused
52.63371125003323,,0.303,ConnectionRefusedError:[Errno 61] Connection refused
52.642113166861236,,0.551,ConnectionRefusedError:[Errno 61] Connection refused
52.651115166954696,,0.413,ConnectionRefusedError:[Errno 61] Connection refused
52.661257958970964,,0.594,ConnectionRefusedError:[Errno 61] Connection refused
52.67232787469402,,0.337,ConnectionRefusedError:[Errno 61] Connection refused
52.683603750076145,,0.246,ConnectionRefusedError:[Errno 61] Connection refused
52.69092299975455,,0.5,ConnectionRefusedError:[Errno 61] Connection refused
52.703269499819726,,0.404,ConnectionRefusedError:[Errno 61] Connection refused
52.71071979170665,,0.462,ConnectionRefusedError:[Errno 61] Connection refused
52.720122708939016,,0.447,ConnectionRefusedError:[Errno 61] Connection refused
52.7312365421094,,0.332,ConnectionRefusedError:[Errno 61] Connection refused
52.74246320873499,,0.392,ConnectionRefusedError:[Errno 61] Connection refused
52.75307295890525,,0.361,ConnectionRefusedError:[Errno 61] Connection refused
52.76042470894754,,0.345,ConnectionRefusedError:[Errno 61] Connection refused
52.772556374780834,,0.431,ConnectionRefusedError:[Errno 61] Connection refused
52.78080070903525,,0.279,ConnectionRefusedError:[Errno 61] Connection refused
52.79430837510154,,0.228,ConnectionRefusedError:[Errno 61] Connection refused
52.80266079166904,,0.213,ConnectionRefusedError:[Errno 61] Connection refused
52.81349912472069,,0.269,ConnectionRefusedError:[Errno 61] Connection refused
52.821908792015165,,0.384,ConnectionRefusedError:[Errno 61] Connection refused
52.83190000010654,,0.41,ConnectionRefusedError:[Errno 61] Connection refused
52.84074233379215,,0.311,ConnectionRefusedError:[Errno 61] Connection refused
52.8566416669637,,0.354,ConnectionRefusedError:[Errno 61] Connection refused
52.861312333960086,,0.447,ConnectionRefusedError:[Errno 61] Connection refused
52.87206133408472,,0.334,ConnectionRefusedError:[Errno 61] Connection refused
52.88295445870608,,0.353,ConnectionRefusedError:[Errno 61] Connection refused
52.89151241676882,,0.293,ConnectionRefusedError:[Errno 61] Connection refused
52.90332908369601,,0.638,ConnectionRefusedError:[Errno 61] Connection refused
52.91177725000307,,0.532,ConnectionRefusedError:[Errno 61] Connection refused
52.920281124766916,,0.332,ConnectionRefusedError:[Errno 61] Connection refused
52.93450674973428,,0.361,ConnectionRefusedError:[Errno 61] Connection refused
52.94237558403984,,0.348,ConnectionRefusedError:[Errno 61] Connection refused
52.95347483409569,,0.301,ConnectionRefusedError:[Errno 61] Connection refused
52.963117625098675,,0.183,ConnectionRefusedError:[Errno 61] Connection refused
52.97332774987444,,0.337,ConnectionRefusedError:[Errno 61] Connection refused
52.98126812465489,,0.259,ConnectionRefusedError:[Errno 61] Connection refused
52.99139562482014,,0.404,ConnectionRefusedError:[Errno 61] Connection refused
53.00393187487498,,0.399,ConnectionRefusedError:[Errno 61] Connection refused
53.01215320872143,,0.251,ConnectionRefusedError:[Errno 61] Connection refused
53.02376366686076,,0.189,ConnectionRefusedError:[Errno 61] Connection refused
53.0329724997282,,0.198,ConnectionRefusedError:[Errno 61] Connection refused
53.04336891695857,,0.213,ConnectionRefusedError:[Errno 61] Connection refused
53.05114399967715,,0.144,ConnectionRefusedError:[Errno 61] Connection refused
53.063263083808124,,0.317,ConnectionRefusedError:[Errno 61] Connection refused
53.07023812504485,,0.26,ConnectionRefusedError:[Errno 61] Connection refused
53.081290708854795,,0.221,ConnectionRefusedError:[Errno 61] Connection refused
53.09231974976137,,0.218,ConnectionRefusedError:[Errno 61] Connection refused
53.100028291810304,,0.184,ConnectionRefusedError:[Errno 61] Connection refused
53.113803499843925,,0.232,ConnectionRefusedError:[Errno 61] Connection refused
53.12022295873612,,0.126,ConnectionRefusedError:[Errno 61] Connection refused
53.133001958951354,,0.229,ConnectionRefusedError:[Errno 61] Connection refused
53.14072837494314,,0.185,ConnectionRefusedError:[Errno 61] Connection refused
53.153017750009894,,0.196,ConnectionRefusedError:[Errno 61] Connection refused
53.16022654203698,,0.201,ConnectionRefusedError:[Errno 61] Connection refused
53.172203375026584,,0.199,ConnectionRefusedError:[Errno 61] Connection refused
53.18379441695288,,0.493,ConnectionRefusedError:[Errno 61] Connection refused
53.193037958815694,,0.532,ConnectionRefusedError:[Errno 61] Connection refused
53.20178720867261,,0.237,ConnectionRefusedError:[Errno 61] Connection refused
53.211470500100404,,0.186,ConnectionRefusedError:[Errno 61] Connection refused
53.224144166801125,,0.412,ConnectionRefusedError:[Errno 61] Connection refused
53.23020758386701,,0.289,ConnectionRefusedError:[Errno 61] Connection refused
53.243080333806574,,0.47,ConnectionRefusedError:[Errno 61] Connection refused
53.25075566675514,,0.353,ConnectionRefusedError:[Errno 61] Connection refused
53.262668875046074,,0.251,ConnectionRefusedError:[Errno 61] Connection refused
53.27120633376762,,0.446,ConnectionRefusedError:[Errno 61] Connection refused
53.28129675006494,,0.223,ConnectionRefusedError:[Errno 61] Connection refused
53.294176584109664,,0.194,ConnectionRefusedError:[Errno 61] Connection refused
53.302812749985605,,0.183,ConnectionRefusedError:[Errno 61] Connection refused
53.31220654165372,,0.2,ConnectionRefusedError:[Errno 61] Connection refused
53.323782667052,,0.223,ConnectionRefusedError:[Errno 61] Connection refused
53.33022954175249,,0.202,ConnectionRefusedError:[Errno 61] Connection refused
53.34239124972373,,0.28,ConnectionRefusedError:[Errno 61] Connection refused
53.35018804203719,,0.196,ConnectionRefusedError:[Errno 61] Connection refused
53.36041579209268,,0.178,ConnectionRefusedError:[Errno 61] Connection refused
53.374684708658606,,0.24,ConnectionRefusedError:[Errno 61] Connection refused
53.38215216668323,,0.191,ConnectionRefusedError:[Errno 61] Connection refused
53.391078792046756,,0.197,ConnectionRefusedError:[Errno 61] Connection refused
53.402365166693926,,0.153,ConnectionRefusedError:[Errno 61] Connection refused
53.41213404200971,,0.22,ConnectionRefusedError:[Errno 61] Connection refused
53.42382491705939,,0.499,ConnectionRefusedError:[Errno 61] Connection refused
53.43224195903167,,0.278,ConnectionRefusedError:[Errno 61] Connection refused
53.4436464169994,,0.208,ConnectionRefusedError:[Errno 61] Connection refused
53.45049074990675,,0.248,ConnectionRefusedError:[Errno 61] Connection refused
53.46461333381012,,0.245,ConnectionRefusedError:[Errno 61] Connection refused
53.472276833839715,,0.171,ConnectionRefusedError:[Errno 61] Connection refused
53.48105287505314,,0.299,ConnectionRefusedError:[Errno 61] Connection refused
53.49434991693124,,0.238,ConnectionRefusedError:[Errno 61] Connection refused
53.50215583387762,,0.498,ConnectionRefusedError:[Errno 61] Connection refused
53.510819708928466,,0.21,ConnectionRefusedError:[Errno 61] Connection refused
53.52690137503669,,0.603,ConnectionRefusedError:[Errno 61] Connection refused
53.53065066691488,,0.237,ConnectionRefusedError:[Errno 61] Connection refused
53.54105766676366,,0.475,ConnectionRefusedError:[Errno 61] Connection refused
53.55265458393842,,1.865,ConnectionRefusedError:[Errno 61] Connection refused
53.56148691708222,,0.324,ConnectionRefusedError:[Errno 61] Connection refused
53.577858958859,,0.508,ConnectionRefusedError:[Errno 61] Connection refused
53.580516959074885,,0.234,ConnectionRefusedError:[Errno 61] Connection refused
53.593724249862134,,0.265,ConnectionRefusedError:[Errno 61] Connection refused
53.60059425001964,,0.24,ConnectionRefusedError:[Errno 61] Connection refused
53.614563333801925,,0.2,ConnectionRefusedError:[Errno 61] Connection refused
53.62233033403754,,0.546,ConnectionRefusedError:[Errno 61] Connection refused
53.63282841676846,,0.299,ConnectionRefusedError:[Errno 61] Connection refused
53.640474166721106,,0.361,ConnectionRefusedError:[Errno 61] Connection refused
53.658806583844125,,1.327,ConnectionRefusedError:[Errno 61] Connection refused
53.6601702501066,,0.322,ConnectionRefusedError:[Errno 61] Connection refused
53.67129825009033,,0.286,ConnectionRefusedError:[Errno 61] Connection refused
53.68203974980861,,0.206,ConnectionRefusedError:[Errno 61] Connection refused
53.69381641689688,,0.253,ConnectionRefusedError:[Errno 61] Connection refused
53.70019404171035,,0.375,ConnectionRefusedError:[Errno 61] Connection refused
53.71282074972987,,0.167,ConnectionRefusedError:[Errno 61] Connection refused
53.72106816666201,,0.224,ConnectionRefusedError:[Errno 61] Connection refused
53.730847584083676,,0.228,ConnectionRefusedError:[Errno 61] Connection refused
53.744449249934405,,0.541,ConnectionRefusedError:[Errno 61] Connection refused
53.75145966699347,,0.308,ConnectionRefusedError:[Errno 61] Connection refused
53.76211191667244,,0.256,ConnectionRefusedError:[Errno 61] Connection refused
53.77326958393678,,0.334,ConnectionRefusedError:[Errno 61] Connection refused
53.78313708398491,,0.542,ConnectionRefusedError:[Errno 61] Connection refused
53.79317862493917,,0.355,ConnectionRefusedError:[Errno 61] Connection refused
53.80124470870942,,0.207,ConnectionRefusedError:[Errno 61] Connection refused
53.812405166681856,,0.199,ConnectionRefusedError:[Errno 61] Connection refused
53.820199749898165,,0.218,ConnectionRefusedError:[Errno 61] Connection refused
53.83002491667867,,0.263,ConnectionRefusedError:[Errno 61] Connection refused
53.84292762493715,,0.452,ConnectionRefusedError:[Errno 61] Connection refused
53.850610041990876,,0.333,ConnectionRefusedError:[Errno 61] Connection refused
53.862968833651394,,0.264,ConnectionRefusedError:[Errno 61] Connection refused
53.871118375100195,,0.468,ConnectionRefusedError:[Errno 61] Connection refused
53.88319266680628,,0.307,ConnectionRefusedError:[Errno 61] Connection refused
53.8902299166657,,0.287,ConnectionRefusedError:[Errno 61] Connection refused
53.902915166690946,,0.241,ConnectionRefusedError:[Errno 61] Connection refused
53.91075954167172,,0.264,ConnectionRefusedError:[Errno 61] Connection refused
53.92447695881128,,0.248,ConnectionRefusedError:[Errno 61] Connection refused
53.932418749667704,,0.205,ConnectionRefusedError:[Errno 61] Connection refused
53.94204808399081,,0.238,ConnectionRefusedError:[Errno 61] Connection refused
53.95382812479511,,1.906,ConnectionRefusedError:[Errno 61] Connection refused
53.96071574976668,,0.202,ConnectionRefusedError:[Errno 61] Connection refused
53.973141042049974,,0.521,ConnectionRefusedError:[Errno 61] Connection refused
53.98175183404237,,0.25,ConnectionRefusedError:[Errno 61] Connection refused
53.990276333875954,,0.25,ConnectionRefusedError:[Errno 61] Connection refused
54.00322912493721,,0.194,ConnectionRefusedError:[Errno 61] Connection refused
54.0126982498914,,0.235,ConnectionRefusedError:[Errno 61] Connection refused
54.02071441709995,,0.228,ConnectionRefusedError:[Errno 61] Connection refused
54.03049229178578,,0.247,ConnectionRefusedError:[Errno 61] Connection refused
54.044548499863595,,0.213,ConnectionRefusedError:[Errno 61] Connection refused
54.050855999812484,,0.179,ConnectionRefusedError:[Errno 61] Connection refused
54.064472042024136,,0.197,ConnectionRefusedError:[Errno 61] Connection refused
54.07150029204786,,0.157,ConnectionRefusedError:[Errno 61] Connection refused
54.08415083400905,,0.208,ConnectionRefusedError:[Errno 61] Connection refused
54.09190758410841,,0.24,ConnectionRefusedError:[Errno 61] Connection refused
54.10333037469536,,0.19,ConnectionRefusedError:[Errno 61] Connection refused
54.11107095889747,,0.175,ConnectionRefusedError:[Errno 61] Connection refused
54.12302437471226,,0.19,ConnectionRefusedError:[Errno 61] Connection refused
54.13337808381766,,0.223,ConnectionRefusedError:[Errno 61] Connection refused
54.14314958406612,,0.214,ConnectionRefusedError:[Errno 61] Connection refused
54.15331137506291,,0.202,ConnectionRefusedError:[Errno 61] Connection refused
54.16315958369523,,0.209,ConnectionRefusedError:[Errno 61] Connection refused
54.17332208389416,,0.15,ConnectionRefusedError:[Errno 61] Connection refused
54.18324608402327,,0.175,ConnectionRefusedError:[Errno 61] Connection refused
54.19092712504789,,0.164,ConnectionRefusedError:[Errno 61] Connection refused
54.20446695899591,,0.2,ConnectionRefusedError:[Errno 61] Connection refused
54.21259150002152,,0.154,ConnectionRefusedError:[Errno 61] Connection refused
54.22020062478259,,0.18,ConnectionRefusedError:[Errno 61] Connection refused
54.23477804195136,,0.178,ConnectionRefusedError:[Errno 61] Connection refused
54.24241929175332,,0.203,ConnectionRefusedError:[Errno 61] Connection refused
54.25327162491158,,0.219,ConnectionRefusedError:[Errno 61] Connection refused
54.26115016685799,,0.217,ConnectionRefusedError:[Errno 61] Connection refused
54.27066891686991,,0.198,ConnectionRefusedError:[Errno 61] Connection refused
54.28366887476295,,0.173,ConnectionRefusedError:[Errno 61] Connection refused
54.291321584023535,,0.135,ConnectionRefusedError:[Errno 61] Connection refused
54.30168979195878,,0.123,ConnectionRefusedError:[Errno 61] Connection refused
54.31115062488243,,0.114,ConnectionRefusedError:[Errno 61] Connection refused
54.322627583984286,,0.155,ConnectionRefusedError:[Errno 61] Connection refused
54.333557083737105,,0.146,ConnectionRefusedError:[Errno 61] Connection refused
54.34206391684711,,0.181,ConnectionRefusedError:[Errno 61] Connection refused
54.35303762508556,,0.126,ConnectionRefusedError:[Errno 61] Connection refused
54.363412249833345,,0.163,ConnectionRefusedError:[Errno 61] Connection refused
54.37320208409801,,0.13,ConnectionRefusedError:[Errno 61] Connection refused
54.380892334040254,,0.14,ConnectionRefusedError:[Errno 61] Connection refused
54.39126929175109,,0.128,ConnectionRefusedError:[Errno 61] Connection refused
54.40427437471226,,0.155,ConnectionRefusedError:[Errno 61] Connection refused
54.410268041770905,,0.144,ConnectionRefusedError:[Errno 61] Connection refused
54.42451041704044,,0.115,ConnectionRefusedError:[Errno 61] Connection refused
54.432596874888986,,0.114,ConnectionRefusedError:[Errno 61] Connection refused
54.44362624967471,,0.175,ConnectionRefusedError:[Errno 61] Connection refused
54.45138549990952,,0.151,ConnectionRefusedError:[Errno 61] Connection refused
54.46204512473196,,0.143,ConnectionRefusedError:[Errno 61] Connection refused
54.47387391701341,,0.167,ConnectionRefusedError:[Errno 61] Connection refused
54.48294337466359,,0.136,ConnectionRefusedError:[Errno 61] Connection refused
54.4906593747437,,0.204,ConnectionRefusedError:[Errno 61] Connection refused
54.50454233400524,,0.237,ConnectionRefusedError:[Errno 61] Connection refused
54.512550749816,,0.174,ConnectionRefusedError:[Errno 61] Connection refused
54.52030058391392,,0.19,ConnectionRefusedError:[Errno 61] Connection refused
54.53068095864728,,0.271,ConnectionRefusedError:[Errno 61] Connection refused
54.54334287485108,,0.195,ConnectionRefusedError:[Errno 61] Connection refused
54.55320191709325,,0.475,ConnectionRefusedError:[Errno 61] Connection refused
54.562107333913445,,0.211,ConnectionRefusedError:[Errno 61] Connection refused
54.57364262500778,,0.618,ConnectionRefusedError:[Errno 61] Connection refused
54.58185249986127,,0.548,ConnectionRefusedError:[Errno 61] Connection refused
54.592246166896075,,0.261,ConnectionRefusedError:[Errno 61] Connection refused
54.60353637486696,,0.228,ConnectionRefusedError:[Errno 61] Connection refused
54.61295774998143,,0.218,ConnectionRefusedError:[Errno 61] Connection refused
54.62100387504324,,0.213,ConnectionRefusedError:[Errno 61] Connection refused
54.634316958952695,,0.18,ConnectionRefusedError:[Errno 61] Connection refused
54.64198587508872,,0.162,ConnectionRefusedError:[Errno 61] Connection refused
54.65187350008637,,0.203,ConnectionRefusedError:[Errno 61] Connection refused
54.66265141684562,,0.173,ConnectionRefusedError:[Errno 61] Connection refused
54.67036933405325,,0.163,ConnectionRefusedError:[Errno 61] Connection refused
54.68474308401346,,0.211,ConnectionRefusedError:[Errno 61] Connection refused
54.69238245906308,,0.186,ConnectionRefusedError:[Errno 61] Connection refused
54.700092166662216,,0.142,ConnectionRefusedError:[Errno 61] Connection refused
54.71113704191521,,0.181,ConnectionRefusedError:[Errno 61] Connection refused
54.724343500100076,,0.155,ConnectionRefusedError:[Errno 61] Connection refused
54.73089174972847,,0.123,ConnectionRefusedError:[Errno 61] Connection refused
54.740934709087014,,0.199,ConnectionRefusedError:[Errno 61] Connection refused
54.75439229188487,,0.248,ConnectionRefusedError:[Errno 61] Connection refused
54.760728624649346,,0.187,ConnectionRefusedError:[Errno 61] Connection refused
54.77178124990314,,0.395,ConnectionRefusedError:[Errno 61] Connection refused
54.78225495899096,,0.238,ConnectionRefusedError:[Errno 61] Connection refused
54.792150292079896,,0.206,ConnectionRefusedError:[Errno 61] Connection refused
54.80379758402705,,0.185,ConnectionRefusedError:[Errno 61] Connection refused
54.81298966705799,,0.233,ConnectionRefusedError:[Errno 61] Connection refused
54.82325879205018,,0.291,ConnectionRefusedError:[Errno 61] Connection refused
54.831025917083025,,0.279,ConnectionRefusedError:[Errno 61] Connection refused
54.84137849975377,,0.174,ConnectionRefusedError:[Errno 61] Connection refused
54.85291799996048,,0.169,ConnectionRefusedError:[Errno 61] Connection refused
54.862665958702564,,0.272,ConnectionRefusedError:[Errno 61] Connection refused
54.87093508383259,,0.164,ConnectionRefusedError:[Errno 61] Connection refused
54.88253345899284,,0.185,ConnectionRefusedError:[Errno 61] Connection refused
54.8933469587937,,0.294,ConnectionRefusedError:[Errno 61] Connection refused
54.90036458382383,,0.31,ConnectionRefusedError:[Errno 61] Connection refused
54.9141082088463,,0.247,ConnectionRefusedError:[Errno 61] Connection refused
54.922703749965876,,0.185,ConnectionRefusedError:[Errno 61] Connection refused
54.930887499824166,,0.216,ConnectionRefusedError:[Errno 61] Connection refused
54.940554833970964,,0.271,ConnectionRefusedError:[Errno 61] Connection refused
54.954486291855574,,0.246,ConnectionRefusedError:[Errno 61] Connection refused
54.96251425007358,,0.221,ConnectionRefusedError:[Errno 61] Connection refused
54.97267495887354,,0.193,ConnectionRefusedError:[Errno 61] Connection refused
54.98348820907995,,0.225,ConnectionRefusedError:[Errno 61] Connection refused
54.99128133384511,,0.225,ConnectionRefusedError:[Errno 61] Connection refused
55.002465792000294,,0.218,ConnectionRefusedError:[Errno 61] Connection refused
55.013302583713084,,0.229,ConnectionRefusedError:[Errno 61] Connection refused
55.023213458713144,,0.167,ConnectionRefusedError:[Errno 61] Connection refused
55.03330095903948,,0.241,ConnectionRefusedError:[Errno 61] Connection refused
55.04046920873225,,0.306,ConnectionRefusedError:[Errno 61] Connection refused
55.05278274975717,,0.375,ConnectionRefusedError:[Errno 61] Connection refused
55.060049042105675,,0.376,ConnectionRefusedError:[Errno 61] Connection refused
55.074467333965,,0.293,ConnectionRefusedError:[Errno 61] Connection refused
55.08201020909473,,0.239,ConnectionRefusedError:[Errno 61] Connection refused
55.09233924979344,,0.321,ConnectionRefusedError:[Errno 61] Connection refused
55.101356625091285,,0.298,ConnectionRefusedError:[Errno 61] Connection refused
55.11223883368075,,0.372,ConnectionRefusedError:[Errno 61] Connection refused
55.12183883367106,,0.241,ConnectionRefusedError:[Errno 61] Connection refused
55.1317711668089,,0.263,ConnectionRefusedError:[Errno 61] Connection refused
55.14283441705629,,0.473,ConnectionRefusedError:[Errno 61] Connection refused
55.151416916865855,,0.29,ConnectionRefusedError:[Errno 61] Connection refused
55.16193516692147,,0.393,ConnectionRefusedError:[Errno 61] Connection refused
55.17273649992421,,0.42,ConnectionRefusedError:[Errno 61] Connection refused
55.1812258339487,,0.636,ConnectionRefusedError:[Errno 61] Connection refused
55.19350124988705,,0.314,ConnectionRefusedError:[Errno 61] Connection refused
55.20293974969536,,0.337,ConnectionRefusedError:[Errno 61] Connection refused
55.213208958972245,,0.24,ConnectionRefusedError:[Errno 61] Connection refused
55.22258512489498,,0.33,ConnectionRefusedError:[Errno 61] Connection refused
55.23133466672152,,0.177,ConnectionRefusedError:[Errno 61] Connection refused
55.24369570892304,,0.254,ConnectionRefusedError:[Errno 61] Connection refused
55.25235141674057,,2.079,ConnectionRefusedError:[Errno 61] Connection refused
55.261573624797165,,0.318,ConnectionRefusedError:[Errno 61] Connection refused
55.27232204191387,,0.277,ConnectionRefusedError:[Errno 61] Connection refused
55.28351691691205,,0.204,ConnectionRefusedError:[Errno 61] Connection refused
55.29303087480366,,0.229,ConnectionRefusedError:[Errno 61] Connection refused
55.30222187470645,,0.227,ConnectionRefusedError:[Errno 61] Connection refused
55.31328737502918,,0.368,ConnectionRefusedError:[Errno 61] Connection refused
55.3200728748925,,0.28,ConnectionRefusedError:[Errno 61] Connection refused
55.33002791693434,,0.256,ConnectionRefusedError:[Errno 61] Connection refused
55.34328691707924,,0.229,ConnectionRefusedError:[Errno 61] Connection refused
55.35310891689733,,0.237,ConnectionRefusedError:[Errno 61] Connection refused
55.360066750086844,,0.36,ConnectionRefusedError:[Errno 61] Connection refused
55.370883374940604,,0.388,ConnectionRefusedError:[Errno 61] Connection refused
55.384011833928525,,0.294,ConnectionRefusedError:[Errno 61] Connection refused
55.39014379167929,,0.232,ConnectionRefusedError:[Errno 61] Connection refused
55.4045150000602,,0.407,ConnectionRefusedError:[Errno 61] Connection refused
55.41239633364603,,0.276,ConnectionRefusedError:[Errno 61] Connection refused
55.42121145874262,,0.224,ConnectionRefusedError:[Errno 61] Connection refused
55.43278625002131,,0.193,ConnectionRefusedError:[Errno 61] Connection refused
55.44341224990785,,0.226,ConnectionRefusedError:[Errno 61] Connection refused
55.451813333667815,,0.242,ConnectionRefusedError:[Errno 61] Connection refused
55.4607931249775,,0.259,ConnectionRefusedError:[Errno 61] Connection refused
55.47057320876047,,0.244,ConnectionRefusedError:[Errno 61] Connection refused
55.48042833385989,,0.212,ConnectionRefusedError:[Errno 61] Connection refused
55.490212958771735,,0.217,ConnectionRefusedError:[Errno 61] Connection refused
55.50030270870775,,0.223,ConnectionRefusedError:[Errno 61] Connection refused
55.51458262465894,,0.214,ConnectionRefusedError:[Errno 61] Connection refused
55.52233370905742,,0.207,ConnectionRefusedError:[Errno 61] Connection refused
55.53363654203713,,0.24,ConnectionRefusedError:[Errno 61] Connection refused
55.540564249735326,,0.183,ConnectionRefusedError:[Errno 61] Connection refused
55.55341408401728,,0.19,ConnectionRefusedError:[Errno 61] Connection refused
55.56051604170352,,0.189,ConnectionRefusedError:[Errno 61] Connection refused
55.57006183406338,,0.236,ConnectionRefusedError:[Errno 61] Connection refused
55.58475795900449,,0.207,ConnectionRefusedError:[Errno 61] Connection refused
55.59242424974218,,0.149,ConnectionRefusedError:[Errno 61] Connection refused
55.60307070892304,,0.2,ConnectionRefusedError:[Errno 61] Connection refused
55.61267974972725,,0.262,ConnectionRefusedError:[Errno 61] Connection refused
55.6209554169327,,0.198,ConnectionRefusedError:[Errno 61] Connection refused
55.6337257088162,,0.247,ConnectionRefusedError:[Errno 61] Connection refused
55.64292220911011,,0.243,ConnectionRefusedError:[Errno 61] Connection refused
55.65093037486076,,0.195,ConnectionRefusedError:[Errno 61] Connection refused
55.66393187502399,,0.246,ConnectionRefusedError:[Errno 61] Connection refused
55.67282637488097,,0.224,ConnectionRefusedError:[Errno 61] Connection refused
55.682830959092826,,0.239,ConnectionRefusedError:[Errno 61] Connection refused
55.690788791980594,,0.31,ConnectionRefusedError:[Errno 61] Connection refused
55.70449091680348,,0.235,ConnectionRefusedError:[Errno 61] Connection refused
55.71030845865607,,0.259,ConnectionRefusedError:[Errno 61] Connection refused
55.724759167060256,,0.26,ConnectionRefusedError:[Errno 61] Connection refused
55.73241308378056,,0.187,ConnectionRefusedError:[Errno 61] Connection refused
55.743686916772276,,0.183,ConnectionRefusedError:[Errno 61] Connection refused
55.75186491711065,,0.141,ConnectionRefusedError:[Errno 61] Connection refused
55.76399862486869,,0.195,ConnectionRefusedError:[Errno 61] Connection refused
55.772881916724145,,0.166,ConnectionRefusedError:[Errno 61] Connection refused
55.78345587477088,,0.234,ConnectionRefusedError:[Errno 61] Connection refused
55.7908267499879,,0.171,ConnectionRefusedError:[Errno 61] Connection refused
55.80448204185814,,0.141,ConnectionRefusedError:[Errno 61] Connection refused
55.81234374968335,,0.14,ConnectionRefusedError:[Errno 61] Connection refused
55.82373399985954,,0.303,ConnectionRefusedError:[Errno 61] Connection refused
55.83298904169351,,0.214,ConnectionRefusedError:[Errno 61] Connection refused
55.84005070896819,,0.2,ConnectionRefusedError:[Errno 61] Connection refused
55.85385587485507,,0.244,ConnectionRefusedError:[Errno 61] Connection refused
55.86271649971604,,0.22,ConnectionRefusedError:[Errno 61] Connection refused
55.87099620886147,,0.203,ConnectionRefusedError:[Errno 61] Connection refused
55.88075716700405,,0.193,ConnectionRefusedError:[Errno 61] Connection refused
55.89447912480682,,0.191,ConnectionRefusedError:[Errno 61] Connection refused
55.90226475009695,,0.203,ConnectionRefusedError:[Errno 61] Connection refused
55.913763124961406,,0.186,ConnectionRefusedError:[Errno 61] Connection refused
55.92146087484434,,0.136,ConnectionRefusedError:[Errno 61] Connection refused
55.931478291749954,,0.173,ConnectionRefusedError:[Errno 61] Connection refused
55.944171667099,,0.203,ConnectionRefusedError:[Errno 61] Connection refused
55.95277112489566,,0.193,ConnectionRefusedError:[Errno 61] Connection refused
55.963510958943516,,0.228,ConnectionRefusedError:[Errno 61] Connection refused
55.97298833401874,,0.302,ConnectionRefusedError:[Errno 61] Connection refused
55.983168167062104,,0.286,ConnectionRefusedError:[Errno 61] Connection refused
55.99314595898613,,0.241,ConnectionRefusedError:[Errno 61] Connection refused
56.00106424978003,,0.159,ConnectionRefusedError:[Errno 61] Connection refused
56.0100232497789,,0.158,ConnectionRefusedError:[Errno 61] Connection refused
56.02484029205516,,0.151,ConnectionRefusedError:[Errno 61] Connection refused
56.032485083676875,,0.146,ConnectionRefusedError:[Errno 61] Connection refused
56.04356245882809,,0.127,ConnectionRefusedError:[Errno 61] Connection refused
56.051258083898574,,0.196,ConnectionRefusedError:[Errno 61] Connection refused
56.06111945910379,,0.19,ConnectionRefusedError:[Errno 61] Connection refused
56.074350624810904,,0.186,ConnectionRefusedError:[Errno 61] Connection refused
56.08270370867103,,0.199,ConnectionRefusedError:[Errno 61] Connection refused
56.09083945909515,,0.205,ConnectionRefusedError:[Errno 61] Connection refused
56.10201337467879,,0.193,ConnectionRefusedError:[Errno 61] Connection refused
56.11358066694811,,0.192,ConnectionRefusedError:[Errno 61] Connection refused
56.123096792027354,,0.145,ConnectionRefusedError:[Errno 61] Connection refused
56.131602624896914,,0.183,ConnectionRefusedError:[Errno 61] Connection refused
56.14406599989161,,0.203,ConnectionRefusedError:[Errno 61] Connection refused
56.15282658394426,,0.278,ConnectionRefusedError:[Errno 61] Connection refused
56.1607150840573,,0.227,ConnectionRefusedError:[Errno 61] Connection refused
56.17449962487444,,0.394,ConnectionRefusedError:[Errno 61] Connection refused
56.18104449985549,,2.519,ConnectionRefusedError:[Errno 61] Connection refused
56.19333799974993,,0.908,ConnectionRefusedError:[Errno 61] Connection refused
56.20244387490675,,0.442,ConnectionRefusedError:[Errno 61] Connection refused
56.21067583374679,,0.453,ConnectionRefusedError:[Errno 61] Connection refused
56.22250004205853,,0.405,ConnectionRefusedError:[Errno 61] Connection refused
56.23278620885685,,0.276,ConnectionRefusedError:[Errno 61] Connection refused
56.24317791685462,,0.22,ConnectionRefusedError:[Errno 61] Connection refused
56.253795333672315,,0.264,ConnectionRefusedError:[Errno 61] Connection refused
56.26009704172611,,0.233,ConnectionRefusedError:[Errno 61] Connection refused
56.27195179183036,,0.335,ConnectionRefusedError:[Errno 61] Connection refused
56.2822201247327,,0.221,ConnectionRefusedError:[Errno 61] Connection refused
56.29309712490067,,0.344,ConnectionRefusedError:[Errno 61] Connection refused
56.30251504201442,,0.216,ConnectionRefusedError:[Errno 61] Connection refused
56.31041512498632,,0.313,ConnectionRefusedError:[Errno 61] Connection refused
56.324461416807026,,0.592,ConnectionRefusedError:[Errno 61] Connection refused
56.33075737487525,,0.382,ConnectionRefusedError:[Errno 61] Connection refused
56.34311483381316,,0.824,ConnectionRefusedError:[Errno 61] Connection refused
56.351426291745156,,0.338,ConnectionRefusedError:[Errno 61] Connection refused
56.36400737473741,,0.401,ConnectionRefusedError:[Errno 61] Connection refused
56.3704085838981,,0.533,ConnectionRefusedError:[Errno 61] Connection refused
56.38276470871642,,0.539,ConnectionRefusedError:[Errno 61] Connection refused
56.39303791709244,,0.538,ConnectionRefusedError:[Errno 61] Connection refused
56.40143141709268,,0.329,ConnectionRefusedError:[Errno 61] Connection refused
56.414059166796505,,0.613,ConnectionRefusedError:[Errno 61] Connection refused
56.42022762494162,,0.277,ConnectionRefusedError:[Errno 61] Connection refused
56.43467670865357,,0.251,ConnectionRefusedError:[Errno 61] Connection refused
56.442486125044525,,0.307,ConnectionRefusedError:[Errno 61] Connection refused
56.45127366669476,,0.184,ConnectionRefusedError:[Errno 61] Connection refused
56.464250708930194,,0.283,ConnectionRefusedError:[Errno 61] Connection refused
56.47200766671449,,0.255,ConnectionRefusedError:[Errno 61] Connection refused
56.4828240419738,,0.197,ConnectionRefusedError:[Errno 61] Connection refused
56.49344737501815,,0.331,ConnectionRefusedError:[Errno 61] Connection refused
56.50010500010103,,0.414,ConnectionRefusedError:[Errno 61] Connection refused
56.51414404204115,,0.25,ConnectionRefusedError:[Errno 61] Connection refused
56.52090858388692,,0.265,ConnectionRefusedError:[Errno 61] Connection refused
56.530042042024434,,0.24,ConnectionRefusedError:[Errno 61] Connection refused
56.540205374825746,,0.232,ConnectionRefusedError:[Errno 61] Connection refused
56.550019749905914,,0.256,ConnectionRefusedError:[Errno 61] Connection refused
56.56482862494886,,0.272,ConnectionRefusedError:[Errno 61] Connection refused
56.57590975007042,,0.36,ConnectionRefusedError:[Errno 61] Connection refused
56.581109791994095,,0.767,ConnectionRefusedError:[Errno 61] Connection refused
56.59393054200336,,0.479,ConnectionRefusedError:[Errno 61] Connection refused
56.6015282087028,,0.278,ConnectionRefusedError:[Errno 61] Connection refused
56.61040808400139,,0.258,ConnectionRefusedError:[Errno 61] Connection refused
56.62007849989459,,0.216,ConnectionRefusedError:[Errno 61] Connection refused
56.63472366705537,,0.508,ConnectionRefusedError:[Errno 61] Connection refused
56.640056875068694,,0.195,ConnectionRefusedError:[Errno 61] Connection refused
56.65341475000605,,0.335,ConnectionRefusedError:[Errno 61] Connection refused
56.660418333951384,,0.186,ConnectionRefusedError:[Errno 61] Connection refused
56.67465108400211,,0.218,ConnectionRefusedError:[Errno 61] Connection refused
56.68009612476453,,0.143,ConnectionRefusedError:[Errno 61] Connection refused
56.6900623338297,,0.358,ConnectionRefusedError:[Errno 61] Connection refused
56.70466129202396,,0.236,ConnectionRefusedError:[Errno 61] Connection refused
56.71246208390221,,0.222,ConnectionRefusedError:[Errno 61] Connection refused
56.720351041760296,,0.197,ConnectionRefusedError:[Errno 61] Connection refused
56.733058916870505,,0.198,ConnectionRefusedError:[Errno 61] Connection refused
56.74330012500286,,0.232,ConnectionRefusedError:[Errno 61] Connection refused
56.7505829166621,,0.201,ConnectionRefusedError:[Errno 61] Connection refused
56.76366545865312,,0.196,ConnectionRefusedError:[Errno 61] Connection refused
56.77109920885414,,0.168,ConnectionRefusedError:[Errno 61] Connection refused
56.78039695881307,,0.324,ConnectionRefusedError:[Errno 61] Connection refused
56.79265220882371,,0.545,ConnectionRefusedError:[Errno 61] Connection refused
56.802431041840464,,0.305,ConnectionRefusedError:[Errno 61] Connection refused
56.81023379182443,,0.198,ConnectionRefusedError:[Errno 61] Connection refused
56.82300450000912,,0.219,ConnectionRefusedError:[Errno 61] Connection refused
56.8333009169437,,0.164,ConnectionRefusedError:[Errno 61] Connection refused
56.84061658382416,,0.233,ConnectionRefusedError:[Errno 61] Connection refused
56.850223375018686,,0.211,ConnectionRefusedError:[Errno 61] Connection refused
56.861149958800524,,0.275,ConnectionRefusedError:[Errno 61] Connection refused
56.87418675003573,,0.203,ConnectionRefusedError:[Errno 61] Connection refused
56.88204066688195,,0.185,ConnectionRefusedError:[Errno 61] Connection refused
56.89387624990195,,0.185,ConnectionRefusedError:[Errno 61] Connection refused
56.9015775420703,,0.151,ConnectionRefusedError:[Errno 61] Connection refused
56.914130666758865,,0.144,ConnectionRefusedError:[Errno 61] Connection refused
56.92195458384231,,0.153,ConnectionRefusedError:[Errno 61] Connection refused
56.93215487478301,,0.146,ConnectionRefusedError:[Errno 61] Connection refused
56.943838874809444,,0.161,ConnectionRefusedError:[Errno 61] Connection refused
56.95156199997291,,0.134,ConnectionRefusedError:[Errno 61] Connection refused
56.96410987479612,,0.188,ConnectionRefusedError:[Errno 61] Connection refused
56.971955749671906,,0.211,ConnectionRefusedError:[Errno 61] Connection refused
56.98047029180452,,0.2,ConnectionRefusedError:[Errno 61] Connection refused
56.991609334014356,,0.255,ConnectionRefusedError:[Errno 61] Connection refused
57.002496750094,,0.172,ConnectionRefusedError:[Errno 61] Connection refused
57.013544749934226,,0.152,ConnectionRefusedError:[Errno 61] Connection refused
57.02124070888385,,0.154,ConnectionRefusedError:[Errno 61] Connection refused
57.03427220880985,,0.128,ConnectionRefusedError:[Errno 61] Connection refused
57.04195124981925,,0.127,ConnectionRefusedError:[Errno 61] Connection refused
57.05391658376902,,0.139,ConnectionRefusedError:[Errno 61] Connection refused
57.06294033396989,,0.14,ConnectionRefusedError:[Errno 61] Connection refused
57.070802833884954,,0.261,ConnectionRefusedError:[Errno 61] Connection refused
57.08190862508491,,0.205,ConnectionRefusedError:[Errno 61] Connection refused
57.09392408374697,,0.158,ConnectionRefusedError:[Errno 61] Connection refused
57.10292345890775,,0.201,ConnectionRefusedError:[Errno 61] Connection refused
57.11068670870736,,0.205,ConnectionRefusedError:[Errno 61] Connection refused
57.12403816683218,,0.179,ConnectionRefusedError:[Errno 61] Connection refused
57.13156570866704,,0.171,ConnectionRefusedError:[Errno 61] Connection refused
57.144089499954134,,0.186,ConnectionRefusedError:[Errno 61] Connection refused
57.15281766699627,,0.158,ConnectionRefusedError:[Errno 61] Connection refused
57.16214391682297,,0.506,ConnectionRefusedError:[Errno 61] Connection refused
57.17221183376387,,0.37,ConnectionRefusedError:[Errno 61] Connection refused
57.18042999971658,,0.194,ConnectionRefusedError:[Errno 61] Connection refused
57.194357874803245,,0.202,ConnectionRefusedError:[Errno 61] Connection refused
57.20259545883164,,0.16,ConnectionRefusedError:[Errno 61] Connection refused
57.212825874798,,0.287,ConnectionRefusedError:[Errno 61] Connection refused
57.22336316667497,,0.23,ConnectionRefusedError:[Errno 61] Connection refused
57.230374791659415,,0.141,ConnectionRefusedError:[Errno 61] Connection refused
57.2434266670607,,0.233,ConnectionRefusedError:[Errno 61] Connection refused
57.2522401669994,,0.147,ConnectionRefusedError:[Errno 61] Connection refused
57.26378170866519,,0.192,ConnectionRefusedError:[Errno 61] Connection refused
57.2703128750436,,0.191,ConnectionRefusedError:[Errno 61] Connection refused
57.2840522499755,,0.281,ConnectionRefusedError:[Errno 61] Connection refused
57.292741583660245,,0.196,ConnectionRefusedError:[Errno 61] Connection refused
57.30348370876163,,0.207,ConnectionRefusedError:[Errno 61] Connection refused
57.31313750008121,,0.187,ConnectionRefusedError:[Errno 61] Connection refused
57.32092499965802,,0.224,ConnectionRefusedError:[Errno 61] Connection refused
57.334404999855906,,0.21,ConnectionRefusedError:[Errno 61] Connection refused
57.34260837500915,,0.217,ConnectionRefusedError:[Errno 61] Connection refused
57.35355024971068,,0.234,ConnectionRefusedError:[Errno 61] Connection refused
57.36308762477711,,0.224,ConnectionRefusedError:[Errno 61] Connection refused
57.373262291774154,,0.213,ConnectionRefusedError:[Errno 61] Connection refused
57.38106174999848,,0.187,ConnectionRefusedError:[Errno 61] Connection refused
57.39035033388063,,0.184,ConnectionRefusedError:[Errno 61] Connection refused
57.40467479173094,,0.244,ConnectionRefusedError:[Errno 61] Connection refused
57.41122129186988,,0.202,ConnectionRefusedError:[Errno 61] Connection refused
57.42428075009957,,0.497,ConnectionRefusedError:[Errno 61] Connection refused
57.431447833776474,,0.318,ConnectionRefusedError:[Errno 61] Connection refused
57.44350529182702,,0.27,ConnectionRefusedError:[Errno 61] Connection refused
57.45304233394563,,0.232,ConnectionRefusedError:[Errno 61] Connection refused
57.464263749774545,,0.542,ConnectionRefusedError:[Errno 61] Connection refused
57.480361625086516,,0.384,ConnectionRefusedError:[Errno 61] Connection refused
57.480663917027414,,0.132,ConnectionRefusedError:[Errno 61] Connection refused
57.49452987499535,,0.328,ConnectionRefusedError:[Errno 61] Connection refused
57.5005079167895,,0.334,ConnectionRefusedError:[Errno 61] Connection refused
57.510109583847225,,0.366,ConnectionRefusedError:[Errno 61] Connection refused
57.520023041870445,,0.29,ConnectionRefusedError:[Errno 61] Connection refused
57.53365783393383,,0.407,ConnectionRefusedError:[Errno 61] Connection refused
57.544054083991796,,0.293,ConnectionRefusedError:[Errno 61] Connection refused
57.5513919997029,,0.257,ConnectionRefusedError:[Errno 61] Connection refused
57.561455708928406,,0.398,ConnectionRefusedError:[Errno 61] Connection refused
57.57162933377549,,0.217,ConnectionRefusedError:[Errno 61] Connection refused
57.58364679198712,,0.295,ConnectionRefusedError:[Errno 61] Connection refused
57.591059708967805,,0.254,ConnectionRefusedError:[Errno 61] Connection refused
57.60015195887536,,0.214,ConnectionRefusedError:[Errno 61] Connection refused
57.612775458954275,,0.288,ConnectionRefusedError:[Errno 61] Connection refused
57.620571416802704,,0.38,ConnectionRefusedError:[Errno 61] Connection refused
57.63296466693282,,0.322,ConnectionRefusedError:[Errno 61] Connection refused
57.64085999969393,,0.315,ConnectionRefusedError:[Errno 61] Connection refused
57.653537708800286,,0.423,ConnectionRefusedError:[Errno 61] Connection refused
57.66279379185289,,0.27,ConnectionRefusedError:[Errno 61] Connection refused
57.67021929193288,,0.224,ConnectionRefusedError:[Errno 61] Connection refused
57.68458754196763,,0.19,ConnectionRefusedError:[Errno 61] Connection refused
57.692471500020474,,0.193,ConnectionRefusedError:[Errno 61] Connection refused
57.70004474977031,,0.198,ConnectionRefusedError:[Errno 61] Connection refused
57.7101406250149,,0.243,ConnectionRefusedError:[Errno 61] Connection refused
57.7242205417715,,0.236,ConnectionRefusedError:[Errno 61] Connection refused
57.73198145907372,,0.183,ConnectionRefusedError:[Errno 61] Connection refused
57.74389670882374,,0.203,ConnectionRefusedError:[Errno 61] Connection refused
57.752473916858435,,0.203,ConnectionRefusedError:[Errno 61] Connection refused
57.7602212917991,,0.234,ConnectionRefusedError:[Errno 61] Connection refused
57.773355583660305,,0.233,ConnectionRefusedError:[Errno 61] Connection refused
57.78057245910168,,0.198,ConnectionRefusedError:[Errno 61] Connection refused
57.79252866702154,,0.233,ConnectionRefusedError:[Errno 61] Connection refused
57.80349349975586,,0.197,ConnectionRefusedError:[Errno 61] Connection refused
57.81305245868862,,0.195,ConnectionRefusedError:[Errno 61] Connection refused
57.82335533387959,,0.224,ConnectionRefusedError:[Errno 61] Connection refused
57.830471083987504,,0.192,ConnectionRefusedError:[Errno 61] Connection refused
57.84074008371681,,0.222,ConnectionRefusedError:[Errno 61] Connection refused
57.85234074993059,,0.165,ConnectionRefusedError:[Errno 61] Connection refused
57.86261887475848,,0.1,ConnectionRefusedError:[Errno 61] Connection refused
57.87249945895746,,0.158,ConnectionRefusedError:[Errno 61] Connection refused
57.88362220907584,,0.155,ConnectionRefusedError:[Errno 61] Connection refused
57.893095541745424,,0.158,ConnectionRefusedError:[Errno 61] Connection refused
57.90079558407888,,0.125,ConnectionRefusedError:[Errno 61] Connection refused
57.91308933403343,,0.208,ConnectionRefusedError:[Errno 61] Connection refused
57.92324741696939,,0.165,ConnectionRefusedError:[Errno 61] Connection refused
57.93317966675386,,0.226,ConnectionRefusedError:[Errno 61] Connection refused
57.94165141694248,,0.199,ConnectionRefusedError:[Errno 61] Connection refused
57.95155204180628,,0.209,ConnectionRefusedError:[Errno 61] Connection refused
57.96192583395168,,0.189,ConnectionRefusedError:[Errno 61] Connection refused
57.97379604168236,,0.242,ConnectionRefusedError:[Errno 61] Connection refused
57.98290308378637,,0.266,ConnectionRefusedError:[Errno 61] Connection refused
57.99337570881471,,0.169,ConnectionRefusedError:[Errno 61] Connection refused
58.00241999980062,,0.143,ConnectionRefusedError:[Errno 61] Connection refused
58.01118433382362,,0.174,ConnectionRefusedError:[Errno 61] Connection refused
58.02431408409029,,0.174,ConnectionRefusedError:[Errno 61] Connection refused
58.03273233398795,,0.133,ConnectionRefusedError:[Errno 61] Connection refused
58.04323166701943,,0.166,ConnectionRefusedError:[Errno 61] Connection refused
58.05159570882097,,0.172,ConnectionRefusedError:[Errno 61] Connection refused
58.06407104199752,,0.166,ConnectionRefusedError:[Errno 61] Connection refused
58.071530458983034,,0.267,ConnectionRefusedError:[Errno 61] Connection refused
58.084086041897535,,0.2,ConnectionRefusedError:[Errno 61] Connection refused
58.091194374952465,,0.165,ConnectionRefusedError:[Errno 61] Connection refused
58.10351724969223,,0.166,ConnectionRefusedError:[Errno 61] Connection refused
58.11126279179007,,0.166,ConnectionRefusedError:[Errno 61] Connection refused
58.12265762500465,,0.124,ConnectionRefusedError:[Errno 61] Connection refused
58.130368874873966,,0.158,ConnectionRefusedError:[Errno 61] Connection refused
58.14470333373174,,0.149,ConnectionRefusedError:[Errno 61] Connection refused
58.150092208758,,0.135,ConnectionRefusedError:[Errno 61] Connection refused
58.161511833779514,,0.254,ConnectionRefusedError:[Errno 61] Connection refused
58.174104041885585,,0.207,ConnectionRefusedError:[Errno 61] Connection refused
58.18278616666794,,0.209,ConnectionRefusedError:[Errno 61] Connection refused
58.19334949972108,,0.276,ConnectionRefusedError:[Errno 61] Connection refused
58.20314224995673,,0.246,ConnectionRefusedError:[Errno 61] Connection refused
58.21327166678384,,0.298,ConnectionRefusedError:[Errno 61] Connection refused
58.22126262495294,,0.235,ConnectionRefusedError:[Errno 61] Connection refused
58.23082362487912,,0.208,ConnectionRefusedError:[Errno 61] Connection refused
58.240632167086005,,0.549,ConnectionRefusedError:[Errno 61] Connection refused
58.254110916983336,,0.41,ConnectionRefusedError:[Errno 61] Connection refused
58.26231687469408,,0.194,ConnectionRefusedError:[Errno 61] Connection refused
58.272901333868504,,0.239,ConnectionRefusedError:[Errno 61] Connection refused
58.283124417066574,,0.256,ConnectionRefusedError:[Errno 61] Connection refused
58.29047558410093,,0.193,ConnectionRefusedError:[Errno 61] Connection refused
58.301569416653365,,0.277,ConnectionRefusedError:[Errno 61] Connection refused
58.3104114998132,,0.311,ConnectionRefusedError:[Errno 61] Connection refused
58.32360712485388,,0.299,ConnectionRefusedError:[Errno 61] Connection refused
58.330319500062615,,0.25,ConnectionRefusedError:[Errno 61] Connection refused
58.34271770901978,,0.243,ConnectionRefusedError:[Errno 61] Connection refused
58.35003041708842,,0.232,ConnectionRefusedError:[Errno 61] Connection refused
58.36170241702348,,0.222,ConnectionRefusedError:[Errno 61] Connection refused
58.372686749789864,,0.263,ConnectionRefusedError:[Errno 61] Connection refused
58.38339662505314,,0.253,ConnectionRefusedError:[Errno 61] Connection refused
58.39304491691291,,0.225,ConnectionRefusedError:[Errno 61] Connection refused
58.40328070893884,,0.262,ConnectionRefusedError:[Errno 61] Connection refused
58.41321233380586,,0.438,ConnectionRefusedError:[Errno 61] Connection refused
58.42148229200393,,0.281,ConnectionRefusedError:[Errno 61] Connection refused
58.4338283338584,,0.237,ConnectionRefusedError:[Errno 61] Connection refused
58.44190241675824,,0.243,ConnectionRefusedError:[Errno 61] Connection refused
58.45388904167339,,0.228,ConnectionRefusedError:[Errno 61] Connection refused
58.46171516692266,,0.443,ConnectionRefusedError:[Errno 61] Connection refused
58.47217316692695,,0.214,ConnectionRefusedError:[Errno 61] Connection refused
58.48380395909771,,0.455,ConnectionRefusedError:[Errno 61] Connection refused
58.49123424990103,,0.426,ConnectionRefusedError:[Errno 61] Connection refused
58.50187933398411,,0.398,ConnectionRefusedError:[Errno 61] Connection refused
58.51273216679692,,0.315,ConnectionRefusedError:[Errno 61] Connection refused
58.52018020907417,,0.233,ConnectionRefusedError:[Errno 61] Connection refused
58.534737708978355,,0.251,ConnectionRefusedError:[Errno 61] Connection refused
58.54241824988276,,0.285,ConnectionRefusedError:[Errno 61] Connection refused
58.55362370889634,,0.236,ConnectionRefusedError:[Errno 61] Connection refused
58.563037584070116,,0.29,ConnectionRefusedError:[Errno 61] Connection refused
58.57067458378151,,0.238,ConnectionRefusedError:[Errno 61] Connection refused
58.58002999983728,,0.367,ConnectionRefusedError:[Errno 61] Connection refused
58.594565708655864,,0.505,ConnectionRefusedError:[Errno 61] Connection refused
58.60003466671333,,0.216,ConnectionRefusedError:[Errno 61] Connection refused
58.61200587498024,,0.312,ConnectionRefusedError:[Errno 61] Connection refused
58.62220741668716,,0.334,ConnectionRefusedError:[Errno 61] Connection refused
58.63117733364925,,0.695,ConnectionRefusedError:[Errno 61] Connection refused
58.642814666964114,,0.336,ConnectionRefusedError:[Errno 61] Connection refused
58.65178191708401,,5.134,ConnectionRefusedError:[Errno 61] Connection refused
58.66181429196149,,0.251,ConnectionRefusedError:[Errno 61] Connection refused
58.67335983365774,,0.332,ConnectionRefusedError:[Errno 61] Connection refused
58.680678125005215,,0.237,ConnectionRefusedError:[Errno 61] Connection refused
58.69450700003654,,0.446,ConnectionRefusedError:[Errno 61] Connection refused
58.70797241665423,,1.408,ConnectionRefusedError:[Errno 61] Connection refused
58.71017379174009,,0.593,ConnectionRefusedError:[Errno 61] Connection refused
58.72468287497759,,0.484,ConnectionRefusedError:[Errno 61] Connection refused
58.73092379188165,,0.434,ConnectionRefusedError:[Errno 61] Connection refused
58.74314479203895,,0.514,ConnectionRefusedError:[Errno 61] Connection refused
58.75140770897269,,0.36,ConnectionRefusedError:[Errno 61] Connection refused
58.76392479194328,,0.618,ConnectionRefusedError:[Errno 61] Connection refused
58.77273324970156,,0.209,ConnectionRefusedError:[Errno 61] Connection refused
58.782333958894014,,0.243,ConnectionRefusedError:[Errno 61] Connection refused
58.79295566678047,,0.193,ConnectionRefusedError:[Errno 61] Connection refused
58.80331412469968,,0.165,ConnectionRefusedError:[Errno 61] Connection refused
58.813203792087734,,0.362,ConnectionRefusedError:[Errno 61] Connection refused
58.82046804204583,,0.159,ConnectionRefusedError:[Errno 61] Connection refused
58.83468645904213,,0.339,ConnectionRefusedError:[Errno 61] Connection refused
58.841999624855816,,0.205,ConnectionRefusedError:[Errno 61] Connection refused
58.852660624776036,,0.304,ConnectionRefusedError:[Errno 61] Connection refused
58.861813167110085,,0.657,ConnectionRefusedError:[Errno 61] Connection refused
58.87123491708189,,0.553,ConnectionRefusedError:[Errno 61] Connection refused
58.88181420881301,,1.019,ConnectionRefusedError:[Errno 61] Connection refused
58.89205966703594,,0.244,ConnectionRefusedError:[Errno 61] Connection refused
58.90029033366591,,0.295,ConnectionRefusedError:[Errno 61] Connection refused
58.91267141699791,,0.232,ConnectionRefusedError:[Errno 61] Connection refused
58.92344179190695,,0.251,ConnectionRefusedError:[Errno 61] Connection refused
58.93049474991858,,0.203,ConnectionRefusedError:[Errno 61] Connection refused
58.94454212486744,,0.196,ConnectionRefusedError:[Errno 61] Connection refused
58.95253899972886,,0.176,ConnectionRefusedError:[Errno 61] Connection refused
58.960815583821386,,0.224,ConnectionRefusedError:[Errno 61] Connection refused
58.97093437472358,,0.255,ConnectionRefusedError:[Errno 61] Connection refused
58.982413166668266,,0.235,ConnectionRefusedError:[Errno 61] Connection refused
58.99001895869151,,0.231,ConnectionRefusedError:[Errno 61] Connection refused
59.004724625032395,,0.199,ConnectionRefusedError:[Errno 61] Connection refused
59.01038529165089,,0.181,ConnectionRefusedError:[Errno 61] Connection refused
59.02261387510225,,0.205,ConnectionRefusedError:[Errno 61] Connection refused
59.03058200003579,,0.23,ConnectionRefusedError:[Errno 61] Connection refused
59.04450466670096,,0.249,ConnectionRefusedError:[Errno 61] Connection refused
59.052464792039245,,0.201,ConnectionRefusedError:[Errno 61] Connection refused
59.06166695896536,,0.227,ConnectionRefusedError:[Errno 61] Connection refused
59.07218262506649,,0.29,ConnectionRefusedError:[Errno 61] Connection refused
59.08006299985573,,0.267,ConnectionRefusedError:[Errno 61] Connection refused
59.094338125083596,,0.216,ConnectionRefusedError:[Errno 61] Connection refused
59.10266450000927,,0.181,ConnectionRefusedError:[Errno 61] Connection refused
59.11357762478292,,0.155,ConnectionRefusedError:[Errno 61] Connection refused
59.123101458884776,,0.146,ConnectionRefusedError:[Errno 61] Connection refused
59.133378916885704,,0.214,ConnectionRefusedError:[Errno 61] Connection refused
59.14117916673422,,0.187,ConnectionRefusedError:[Errno 61] Connection refused
59.15351395867765,,0.189,ConnectionRefusedError:[Errno 61] Connection refused
59.1630980418995,,0.173,ConnectionRefusedError:[Errno 61] Connection refused
59.170804666820914,,0.107,ConnectionRefusedError:[Errno 61] Connection refused
59.18380166683346,,0.135,ConnectionRefusedError:[Errno 61] Connection refused
59.19226708402857,,0.131,ConnectionRefusedError:[Errno 61] Connection refused
59.200354292057455,,0.253,ConnectionRefusedError:[Errno 61] Connection refused
59.214341583661735,,0.293,ConnectionRefusedError:[Errno 61] Connection refused
59.222531833685935,,0.253,ConnectionRefusedError:[Errno 61] Connection refused
59.2320392918773,,0.28,ConnectionRefusedError:[Errno 61] Connection refused
59.24111641710624,,0.295,ConnectionRefusedError:[Errno 61] Connection refused
59.25150608411059,,0.242,ConnectionRefusedError:[Errno 61] Connection refused
59.264045249670744,,0.214,ConnectionRefusedError:[Errno 61] Connection refused
59.27093687467277,,0.177,ConnectionRefusedError:[Errno 61] Connection refused
59.280125374905765,,0.199,ConnectionRefusedError:[Errno 61] Connection refused
59.29488837486133,,0.217,ConnectionRefusedError:[Errno 61] Connection refused
59.3023914587684,,0.14,ConnectionRefusedError:[Errno 61] Connection refused
59.3137067919597,,0.155,ConnectionRefusedError:[Errno 61] Connection refused
59.322131083812565,,0.14,ConnectionRefusedError:[Errno 61] Connection refused
59.33383145881817,,1.152,ConnectionRefusedError:[Errno 61] Connection refused
59.3429986666888,,0.146,ConnectionRefusedError:[Errno 61] Connection refused
59.35266370885074,,0.19,ConnectionRefusedError:[Errno 61] Connection refused
59.36357474979013,,0.205,ConnectionRefusedError:[Errno 61] Connection refused
59.370229959022254,,0.146,ConnectionRefusedError:[Errno 61] Connection refused
59.38449566671625,,0.202,ConnectionRefusedError:[Errno 61] Connection refused
59.39260783372447,,0.182,ConnectionRefusedError:[Errno 61] Connection refused
59.40150933386758,,0.169,ConnectionRefusedError:[Errno 61] Connection refused
59.41249179188162,,0.237,ConnectionRefusedError:[Errno 61] Connection refused
59.421095999889076,,0.303,ConnectionRefusedError:[Errno 61] Connection refused
59.43417466664687,,0.248,ConnectionRefusedError:[Errno 61] Connection refused
59.44263529172167,,0.271,ConnectionRefusedError:[Errno 61] Connection refused
59.451095666736364,,0.229,ConnectionRefusedError:[Errno 61] Connection refused
59.46177954180166,,0.23,ConnectionRefusedError:[Errno 61] Connection refused
59.47395749995485,,0.219,ConnectionRefusedError:[Errno 61] Connection refused
59.48169037466869,,0.149,ConnectionRefusedError:[Errno 61] Connection refused
59.49191762506962,,0.2,ConnectionRefusedError:[Errno 61] Connection refused
59.502593792043626,,0.208,ConnectionRefusedError:[Errno 61] Connection refused
59.512028417084366,,0.144,ConnectionRefusedError:[Errno 61] Connection refused
59.52385308407247,,0.191,ConnectionRefusedError:[Errno 61] Connection refused
59.53263587504625,,0.232,ConnectionRefusedError:[Errno 61] Connection refused
59.542667124886066,,0.237,ConnectionRefusedError:[Errno 61] Connection refused
59.55049774982035,,0.251,ConnectionRefusedError:[Errno 61] Connection refused
59.56398733379319,,0.199,ConnectionRefusedError:[Errno 61] Connection refused
59.570931541733444,,0.316,ConnectionRefusedError:[Errno 61] Connection refused
59.58426395896822,,0.222,ConnectionRefusedError:[Errno 61] Connection refused
59.59267512476072,,0.192,ConnectionRefusedError:[Errno 61] Connection refused
59.60053512500599,,0.118,ConnectionRefusedError:[Errno 61] Connection refused
59.6106277089566,,0.15,ConnectionRefusedError:[Errno 61] Connection refused
59.62459033401683,,0.155,ConnectionRefusedError:[Errno 61] Connection refused
59.632620041724294,,0.148,ConnectionRefusedError:[Errno 61] Connection refused
59.64312616689131,,0.121,ConnectionRefusedError:[Errno 61] Connection refused
59.65293208369985,,0.115,ConnectionRefusedError:[Errno 61] Connection refused
59.66342204203829,,0.184,ConnectionRefusedError:[Errno 61] Connection refused
59.67318404186517,,0.177,ConnectionRefusedError:[Errno 61] Connection refused
59.68328170897439,,0.133,ConnectionRefusedError:[Errno 61] Connection refused
59.692994583863765,,0.163,ConnectionRefusedError:[Errno 61] Connection refused
59.7007266250439,,0.227,ConnectionRefusedError:[Errno 61] Connection refused
59.71450429176912,,0.278,ConnectionRefusedError:[Errno 61] Connection refused
59.72264162497595,,0.176,ConnectionRefusedError:[Errno 61] Connection refused
59.73006774997339,,0.145,ConnectionRefusedError:[Errno 61] Connection refused
59.74486104166135,,0.217,ConnectionRefusedError:[Errno 61] Connection refused
59.75240445882082,,0.239,ConnectionRefusedError:[Errno 61] Connection refused
59.76342266704887,,0.227,ConnectionRefusedError:[Errno 61] Connection refused
59.77098504174501,,0.274,ConnectionRefusedError:[Errno 61] Connection refused
59.78438104176894,,0.426,ConnectionRefusedError:[Errno 61] Connection refused
59.792571417056024,,0.614,ConnectionRefusedError:[Errno 61] Connection refused
59.80337012466043,,0.244,ConnectionRefusedError:[Errno 61] Connection refused
59.813055583741516,,0.204,ConnectionRefusedError:[Errno 61] Connection refused
59.823764292057604,,1.577,ConnectionRefusedError:[Errno 61] Connection refused
59.831003416795284,,0.301,ConnectionRefusedError:[Errno 61] Connection refused
59.84413874987513,,0.194,ConnectionRefusedError:[Errno 61] Connection refused
59.8520060419105,,0.176,ConnectionRefusedError:[Errno 61] Connection refused
59.86002383381128,,0.221,ConnectionRefusedError:[Errno 61] Connection refused
59.875666374806315,,0.218,ConnectionRefusedError:[Errno 61] Connection refused
59.88190658390522,,0.23,ConnectionRefusedError:[Errno 61] Connection refused
59.89214412495494,,0.208,ConnectionRefusedError:[Errno 61] Connection refused
59.90306895878166,,0.263,ConnectionRefusedError:[Errno 61] Connection refused
59.91322283400223,,0.322,ConnectionRefusedError:[Errno 61] Connection refused
59.923227542079985,,0.231,ConnectionRefusedError:[Errno 61] Connection refused
59.932994375005364,,0.19,ConnectionRefusedError:[Errno 61] Connection refused
59.942877291701734,,0.137,ConnectionRefusedError:[Errno 61] Connection refused
59.95347904181108,,0.149,ConnectionRefusedError:[Errno 61] Connection refused
59.96319429203868,,0.184,ConnectionRefusedError:[Errno 61] Connection refused
59.97244791686535,,0.226,ConnectionRefusedError:[Errno 61] Connection refused
59.98252429207787,,0.193,ConnectionRefusedError:[Errno 61] Connection refused
59.993555875029415,,0.197,ConnectionRefusedError:[Errno 61] Connection refused
