t_start,status,latency_ms,error
1.6670674085617065e-07,200,2.974,
0.014963666908442974,200,0.621,
0.022462917026132345,200,0.516,
0.030058749951422215,200,0.488,
0.044915041886270046,200,0.59,
0.05250179208815098,200,0.472,
0.062286458909511566,200,0.637,
0.07383054168894887,200,0.678,
0.08142229169607162,200,0.605,
0.09008466685190797,200,0.595,
0.10177983390167356,200,0.635,
0.11330058379098773,200,0.77,
0.12328945891931653,200,0.842,
0.1309012919664383,200,0.716,
0.14210733398795128,200,1.144,
0.15381833398714662,200,0.945,
0.1614037500694394,200,0.811,
0.17426187498494983,200,0.775,
0.18184925010427833,200,0.64,
0.19354987470433116,200,0.716,
0.20328687503933907,200,1.591,
0.2128255837596953,200,0.772,
0.2228653747588396,200,0.868,
0.23346125008538365,200,0.664,
0.2400686671026051,200,0.631,
0.2548983749002218,200,0.513,
0.2624641670845449,200,0.631,
0.27276499988511205,200,0.716,
0.28297991678118706,200,0.587,
0.29078262485563755,200,0.638,
0.30071087507531047,200,0.943,
0.3145715417340398,200,0.811,
0.32258991710841656,200,0.888,
0.33031216682866216,200,0.99,
0.34142516693100333,200,0.917,
0.3517887918278575,200,0.804,
0.3638065839186311,200,0.97,
0.3707186668179929,200,2.415,
0.3803294999524951,200,2.371,
0.39464549999684095,200,1.468,
0.4001269587315619,200,1.428,
0.4102773340418935,200,3.643,
0.42221320886164904,200,1.253,
0.431080250069499,200,1.586,
0.44300537509843707,200,0.791,
0.4502422087825835,200,0.66,
0.46295187482610345,200,0.56,
0.47349024983122945,200,1.868,
0.4808778748847544,200,1.275,
0.499229459092021,200,4.166,
0.500241959001869,200,3.171,
0.5129234166815877,200,1.512,
0.5223749168217182,200,1.086,
0.5337191666476429,200,0.993,
0.5405653337948024,200,0.822,
0.5545760840177536,200,1.11,
0.5602128747850657,200,0.976,
0.5748006668873131,200,1.702,
0.5888290419243276,200,2.996,
0.5906136250123382,200,2.723,
0.6036083339713514,200,1.431,
0.6129499999806285,200,1.967,
0.6228864588774741,200,1.528,
0.6327069168910384,200,2.701,
0.6428781668655574,200,1.027,
0.6535090836696327,200,2.672,
0.6672311248257756,200,1.903,
0.671247208956629,200,1.243,
0.6842918340116739,200,1.744,
0.6916670836508274,200,3.551,
0.7016729167662561,200,1.1,
0.7124641248956323,200,1.312,
0.7235770421102643,200,1.314,
0.7331102089956403,200,1.195,
0.7405346250161529,200,0.998,
0.7517357496544719,200,2.298,
0.7640286250971258,200,1.269,
0.7716598338447511,200,0.948,
0.7844400838948786,200,2.543,
0.7980224997736514,200,1.775,
0.8002862920984626,200,0.994,
0.8149446249008179,200,2.756,
0.8214878747239709,200,1.347,
0.8339728340506554,200,1.014,
0.8429276668466628,200,1.553,
0.8534288336522877,200,0.94,
0.8632255420088768,200,1.136,
0.8726314166560769,200,1.076,
0.883654166944325,200,1.062,
0.8912888336926699,200,1.906,
0.9003892089240253,200,1.005,
0.914814124815166,200,1.46,
0.9213737919926643,200,0.994,
0.9342695837840438,200,1.649,
0.94184112502262,200,1.308,
0.9524399167858064,200,1.521,
0.9612367916852236,200,1.356,
0.9704544167034328,200,0.859,
0.9846436250954866,200,0.888,
0.9911688747815788,200,0.834,
1.0015464997850358,200,0.791,
1.0128414169885218,200,0.843,
1.0201722090132535,200,0.683,
1.0348775000311434,200,1.041,
1.0424941671080887,200,0.962,
1.053695541806519,200,1.22,
1.0600537918508053,200,0.94,
1.0706015839241445,200,1.007,
1.0858531668782234,200,1.909,
1.091467292048037,200,1.081,
1.1011305418796837,200,1.092,
1.114861459005624,200,2.23,
1.1210284996777773,200,1.075,
1.1344166668131948,200,1.016,
1.1427261671051383,200,0.917,
1.1535824998281896,200,0.819,
1.160753124859184,200,0.927,
1.174570709001273,200,1.043,
1.182629041839391,200,0.884,
1.1936429170891643,200,2.175,
1.201391417067498,200,1.536,
1.214166291989386,200,1.255,
1.221802916843444,200,0.958,
1.2340861670672894,200,1.969,
1.2411771668121219,200,9.602,
1.2504784166812897,200,1.147,
1.264623791910708,200,1.04,
1.270341499708593,200,0.73,
1.2813079999759793,200,1.257,
1.2936108750291169,200,1.876,
1.3021174590103328,200,0.971,
1.3102229996584356,200,1.509,
1.322961791884154,200,1.48,
1.3331140419468284,200,2.16,
1.343022083863616,200,1.195,
1.3527639168314636,200,1.061,
1.3610255420207977,200,2.325,
1.3727966668084264,200,2.014,
1.3842096668668091,200,2.06,
1.3911282499320805,200,1.379,
1.4038821668364108,200,1.11,
1.4150262917391956,200,1.349,
1.4221339588984847,200,1.126,
1.4303405419923365,200,1.006,
1.4409524169750512,200,0.857,
1.4523017089813948,200,1.014,
1.4638094999827445,200,1.907,
1.4704695418477058,200,0.972,
1.4844277086667717,200,2.54,
1.4916871250607073,200,1.299,
1.5012834169901907,200,2.028,
1.5104559171013534,200,1.455,
1.5223334999755025,200,1.402,
1.5337236667983234,200,1.345,
1.5430159587413073,200,0.947,
1.5533571667037904,200,1.213,
1.5605971249751747,200,1.502,
1.5715276668779552,200,3.877,
1.5812576250173151,200,1.495,
1.5917873750440776,200,2.004,
1.6003314168192446,200,1.123,
1.614001499954611,200,2.509,
1.622838624753058,200,1.099,
1.6304777497425675,200,1.238,
1.6446387497708201,200,0.865,
1.65224204165861,200,0.979,
1.6638294588774443,200,1.047,
1.6724081668071449,200,1.127,
1.6837035836651921,200,0.879,
1.6931264996528625,200,1.033,
1.7007898748852313,200,1.201,
1.710023167077452,200,1.315,
1.7219830420799553,200,1.376,
1.7304642498493195,200,1.244,
1.742881374899298,200,8.127,
1.7532455418258905,200,1.854,
1.7604045420885086,200,2.666,
1.7723992499522865,200,1.365,
1.7837592917494476,200,1.103,
1.7930372497066855,200,9.934,
1.8024529586546123,200,1.51,
1.8102241670712829,200,2.229,
1.8227239167317748,200,1.327,
1.830342167057097,200,1.25,
1.8430589167401195,200,1.147,
1.850701916962862,200,1.684,
1.871042249724269,200,3.48,
1.8717803750187159,200,2.941,
1.881169999949634,200,0.852,
1.8935459996573627,200,0.878,
1.901498124934733,200,2.269,
1.9100751667283475,200,9.541,
1.9244114998728037,200,0.945,
1.9324198747053742,200,1.579,
1.9437604169361293,200,2.954,
1.950760374777019,200,1.082,
1.9617414590902627,200,1.453,
1.9726780839264393,200,1.198,
1.983565041795373,200,0.865,
1.9911740417592227,200,0.945,
2.0043543339706957,200,1.306,
2.0126255839131773,200,1.023,
2.0202219169586897,200,0.782,
2.034878042060882,200,1.197,
2.042354208882898,200,0.895,
2.0537590417079628,200,0.86,
2.061388583853841,200,3.904,
2.0749052087776363,200,1.536,
2.0822254167869687,200,0.908,
2.093854374717921,200,1.806,
2.1022480838000774,200,0.935,
2.114304916933179,200,1.222,
2.12055795872584,200,1.527,
2.1302127088420093,200,1.29,
2.142136999871582,200,1.14,
2.1538469586521387,200,1.219,
2.1615154170431197,200,0.953,
2.17240345897153,200,1.223,
2.183130624704063,200,1.776,
2.1907080840319395,200,1.389,
2.204437917098403,200,1.951,
2.2125880839303136,200,1.003,
2.221934875007719,200,1.831,
2.2337190420366824,200,1.13,
2.2424735836684704,200,1.096,
2.250355999916792,200,1.022,
2.2620149590075016,200,1.557,
2.2712413747794926,200,0.967,
2.2814015420153737,200,0.783,
2.2904052496887743,200,0.624,
2.3029787088744342,200,0.675,
2.3119632499292493,200,0.55,
2.3214221666567028,200,0.61,
2.33424812508747,200,0.79,
2.3419362497515976,200,0.549,
2.350629333872348,200,0.661,
2.3606698750518262,200,0.661,
2.371659291908145,200,0.758,
2.3803564589470625,200,0.932,
2.393773917108774,200,0.919,
2.4030260839499533,200,0.733,
2.4109156248159707,200,0.805,
2.420989249832928,200,0.813,
2.430763208772987,200,0.906,
2.4435482919216156,200,1.332,
2.451757624745369,200,1.281,
2.460683959070593,200,1.242,
2.4703659168444574,200,0.922,
2.4840994998812675,200,0.767,
2.491125416941941,200,1.809,
2.500247084069997,200,1.38,
2.5105799166485667,200,1.614,
2.520266791805625,200,0.846,
2.5310311247594655,200,1.027,
2.5418812497518957,200,0.902,
2.550527374725789,200,4.544,
2.5602560839615762,200,0.976,
2.5710138748399913,200,0.746,
2.580399208702147,200,0.795,
2.5906139169819653,200,0.716,
2.6002973336726427,200,0.801,
2.6130856666713953,200,0.926,
2.621531833894551,200,0.816,
2.6341524170711637,200,0.774,
2.640107125043869,200,0.652,
2.651318458840251,200,0.802,
2.664282166864723,200,0.674,
2.672781249973923,200,0.568,
2.6835599588230252,200,0.575,
2.6912814169190824,200,0.936,
2.7040118747390807,200,0.753,
2.710139624774456,200,0.578,
2.7248905836604536,200,0.787,
2.7324850000441074,200,0.717,
2.743708041962236,200,0.887,
2.750019374769181,200,0.742,
2.7638839590363204,200,1.092,
2.7709611249156296,200,0.904,
2.784383791964501,200,0.891,
2.7922816667705774,200,0.684,
2.8008154169656336,200,0.759,
2.811798458918929,200,0.737,
2.820331333670765,200,0.672,
2.8311851248145103,200,0.666,
2.8439258337020874,200,0.694,
2.85017504170537,200,0.754,
2.8648544996976852,200,0.712,
2.8725087917409837,200,0.756,
2.8829465000890195,200,0.616,
2.893484292086214,200,0.814,
2.903067583683878,200,0.718,
2.9133908338844776,200,0.763,
2.9232566668652,200,0.764,
2.931319999974221,200,0.727,
2.9442786248400807,200,0.772,
2.951713999733329,200,0.72,
2.9616748336702585,200,0.753,
2.9712429996579885,200,0.745,
2.9843076248653233,200,0.824,
2.992748084012419,200,0.566,
3.003584749996662,200,0.645,
3.010301624890417,200,1.082,
3.022476041689515,200,0.704,
3.031810584012419,200,0.87,
3.0429347497411072,200,0.691,
3.053481999784708,200,0.761,
3.060192749835551,200,0.539,
3.073783792089671,200,0.719,
3.081361749675125,200,0.587,
3.0942918336950243,200,0.581,
3.1016179169528186,200,0.561,
3.1111313747242093,200,0.702,
3.124374999664724,200,0.986,
3.130220042075962,200,0.641,
3.1448487918823957,200,0.622,
3.152135541662574,200,0.585,
3.16287604207173,200,1.99,
3.170156375039369,200,0.627,
3.1844147499650717,200,0.622,
3.1917632087133825,200,0.501,
3.2027293336577713,200,0.644,
3.210355875082314,200,0.588,
3.221650084014982,200,0.592,
3.234072375111282,200,0.621,
3.2419271250255406,200,0.629,
3.2521011671051383,200,0.941,
3.2638898747973144,200,0.777,
3.270044374745339,200,0.649,
3.2849375000223517,200,0.785,
3.2924863337539136,200,0.789,
3.3037135838530958,200,0.808,
3.310637041926384,200,0.851,
3.324183125048876,200,0.799,
3.3319003339856863,200,0.968,
3.341550999786705,200,0.964,
3.354198459070176,200,1.54,
3.360219666734338,200,0.998,
3.3748498340137303,200,2.876,
3.3865777091123164,200,2.15,
3.3915844168514013,200,1.356,
3.401870833709836,200,1.74,
3.414174916688353,200,1.464,
3.42256374983117,200,1.351,
3.431600541807711,200,1.493,
3.4440899998880923,200,1.61,
3.451886083930731,200,0.998,
3.463951999787241,200,0.838,
3.4703599587082863,200,0.619,
3.48298158403486,200,0.778,
3.4933027918450534,200,0.766,
3.5008943337015808,200,1.816,
3.5131374588236213,200,4.534,
3.523350916802883,200,1.542,
3.533058541826904,200,1.194,
3.540883124805987,200,0.84,
3.554504833649844,200,0.818,
3.5626637497916818,200,0.918,
3.572544916998595,200,2.003,
3.5834948336705565,200,1.416,
3.593156458809972,200,1.075,
3.6033182917162776,200,2.863,
3.6125546246767044,200,1.409,
3.621584791690111,200,2.93,
3.63016041694209,200,1.33,
3.644414917100221,200,1.142,
3.6527390419505537,200,1.533,
3.66057304199785,200,1.118,
3.674638709053397,200,1.645,
3.68239854183048,200,1.09,
3.6939244996756315,200,3.382,
3.7020860840566456,200,0.985,
3.71086704172194,200,2.662,
3.723459624685347,200,2.023,
3.7321916250512004,200,1.095,
3.740821583662182,200,1.124,
3.7574328747577965,200,4.498,
3.760682249907404,200,2.071,
3.7704763747751713,200,1.183,
3.7846715417690575,200,1.002,
3.7907048338092864,200,0.911,
3.8039738750085235,200,1.349,
3.8103418750688434,200,3.572,
3.8227649587206542,200,1.228,
3.834117916878313,200,1.395,
3.8425058340653777,200,1.063,
3.8533635837957263,200,1.142,
3.8668951666913927,200,1.445,
3.870579042006284,200,0.89,
3.8843032089062035,200,1.137,
3.893050666898489,200,1.408,
3.9033783338963985,200,0.907,
3.910602499730885,200,2.785,
3.922894374933094,200,1.984,
3.9312588749453425,200,1.768,
3.942233792040497,200,2.075,
3.951120709069073,200,0.959,
3.9613723340444267,200,1.185,
3.9742329590953887,200,1.216,
3.9827692918479443,200,1.118,
3.993510792031884,200,1.008,
4.002881791908294,200,0.956,
4.011549958959222,200,1.017,
4.024145625066012,200,0.884,
4.031775749754161,200,1.722,
4.043732542078942,200,2.021,
4.050473999697715,200,0.907,
4.064730708952993,200,1.93,
4.07241979194805,200,3.305,
4.083653917070478,200,1.356,
4.092110374942422,200,1.031,
4.10025104181841,200,0.949,
4.116934208665043,200,2.679,
4.120481125079095,200,0.948,
4.1346972500905395,200,0.897,
4.142366291955113,200,0.979,
4.15024199988693,200,0.976,
4.164827958680689,200,1.166,
4.172492333687842,200,1.163,
4.180810125079006,200,0.859,
4.1940105417743325,200,3.942,
4.201418333686888,200,1.255,
4.212091667111963,200,1.432,
4.221660458948463,200,1.255,
4.230140292085707,200,1.01,
4.242166833952069,200,1.576,
4.251919416710734,200,1.711,
4.260238375049084,200,1.293,
4.273300166707486,200,1.512,
4.281978374812752,200,3.86,
4.292540166992694,200,2.037,
4.303284833673388,200,2.316,
4.313216167036444,200,1.673,
4.320130083709955,200,1.191,
4.33285720879212,200,1.33,
4.343316916842014,200,0.75,
4.352234583813697,200,0.913,
4.3603712087497115,200,0.793,
4.371868791989982,200,1.579,
4.383982124738395,200,0.904,
4.392918458674103,200,0.752,
4.400134416762739,200,0.893,
4.41061658365652,200,1.036,
4.423560000024736,200,0.841,
4.431682167109102,200,0.827,
4.444093458820134,200,0.82,
4.452867916785181,200,0.556,
4.46353083383292,200,0.845,
4.470888291951269,200,0.713,
4.483222374692559,200,0.686,
4.492000124882907,200,0.639,
4.50297591695562,200,0.66,
4.510099417064339,200,0.534,
4.525093958713114,200,1.141,
4.532242999877781,200,0.742,
4.542553917039186,200,0.765,
4.550217874813825,200,1.398,
4.562900708988309,200,3.319,
4.570846208836883,200,1.222,
4.582088458817452,200,1.141,
4.5905666667968035,200,1.436,
4.600576084107161,200,0.828,
4.611875416710973,200,1.001,
4.622832667082548,200,0.897,
4.633445624727756,200,0.675,
4.6404780419543386,200,0.784,
4.653050499968231,200,0.753,
4.660311708692461,200,0.901,
4.67095479182899,200,0.763,
4.681919834110886,200,0.794,
4.693456917069852,200,0.698,
4.700034666806459,200,0.68,
4.714930041693151,200,0.768,
4.720758624840528,200,0.61,
4.7325134999118745,200,0.672,
4.743683249689639,200,0.69,
4.752443375065923,200,0.637,
4.760056791827083,200,0.788,
4.771779333706945,200,1.004,
4.780107208993286,200,0.738,
4.792838458903134,200,0.831,
4.800479874946177,200,0.763,
4.8122113747522235,200,0.736,
4.823387874756008,200,0.729,
4.832318708766252,200,0.774,
4.841896041762084,200,0.85,
4.854017708916217,200,0.684,
4.878518959041685,200,1.035,
4.879699291661382,200,1.308,
4.880057625006884,200,0.871,
4.8901493339799345,200,0.717,
4.900063291657716,200,0.794,
4.914861666969955,200,0.711,
4.923072875011712,200,1.607,
4.933168749790639,200,0.789,
4.940809374675155,200,0.654,
4.954548958688974,200,1.242,
4.961621291935444,200,0.845,
4.970553666818887,200,0.921,
4.981643749866635,200,0.839,
4.994096166919917,200,0.817,
5.0045440420508385,200,1.477,
5.012136874720454,200,1.007,
5.023760291747749,200,0.906,
5.030265541747212,200,0.915,
5.044631208758801,200,2.339,
5.050596124958247,200,1.054,
5.06057466706261,200,1.575,
5.070072167087346,200,1.333,
5.083688749931753,200,1.32,
5.090485916938633,200,2.123,
5.103841125033796,200,2.673,
5.111774208955467,200,0.931,
5.122890334110707,200,0.765,
5.130026834085584,200,0.767,
5.140135792084038,200,0.92,
5.154837749898434,200,0.64,
5.161056749988347,200,0.677,
5.171933749690652,200,0.653,
5.1800804999656975,200,0.697,
5.193444916978478,200,0.741,
5.203200583811849,200,0.685,
5.21308808401227,200,1.212,
5.222604000009596,200,1.228,
5.23102887487039,200,1.248,
5.241440792102367,200,0.967,
5.253274749964476,200,0.755,
5.2632923340424895,200,1.162,
5.270468499977142,200,1.35,
5.281333999708295,200,1.413,
5.293910416774452,200,2.354,
5.30090112471953,200,1.195,
5.310939374845475,200,1.33,
5.323683666996658,200,1.317,
5.333373541943729,200,4.47,
5.341434292029589,200,1.215,
5.354185374919325,200,1.331,
5.360507667064667,200,0.755,
5.370028750039637,200,1.1,
5.382650791667402,200,1.194,
5.393559666816145,200,1.14,
5.401717375032604,200,1.428,
5.410548499785364,200,2.718,
5.423914583865553,200,2.587,
5.4302131668664515,200,1.353,
5.442659541964531,200,2.496,
5.453582416754216,200,1.062,
5.46154791675508,200,0.765,
5.474144584033638,200,0.872,
5.480116833932698,200,0.988,
5.490192333701998,200,0.767,
5.503207916859537,200,0.801,
5.5102102919481695,200,1.38,
5.523682249709964,200,0.819,
5.533064249902964,200,0.908,
5.540306834038347,200,0.788,
5.554770624730736,200,0.814,
5.560189333744347,200,0.642,
5.574843249749392,200,0.866,
5.582227374892682,200,0.967,
5.593762416858226,200,0.791,
5.603075624909252,200,0.977,
5.611178958788514,200,0.866,
5.624337791930884,200,0.891,
5.6303447089158,200,0.763,
5.644757458940148,200,0.729,
5.652570083737373,200,0.819,
5.66237979196012,200,1.686,
5.67367949988693,200,1.162,
5.6817434169352055,200,0.925,
5.693293999880552,200,0.738,
5.7033036248758435,200,1.089,
5.712552083656192,200,0.866,
5.723626624792814,200,0.922,
5.731241291854531,200,0.816,
5.741627541836351,200,0.922,
5.754640958737582,200,4.083,
5.761724167037755,200,1.05,
5.770440749824047,200,0.973,
5.784695124719292,200,0.872,
5.791349291801453,200,0.922,
5.804279875010252,200,1.509,
5.811668999958783,200,1.403,
5.821564166806638,200,2.418,
5.833095249719918,200,1.012,
5.843291833996773,200,0.943,
5.8532686666585505,200,0.807,
5.8632850418798625,200,0.874,
5.873257874976844,200,0.681,
5.883311416953802,200,0.882,
5.893097084015608,200,0.856,
5.902580250054598,200,1.045,
5.9107436668127775,200,0.806,
5.924116458743811,200,0.847,
5.932800083886832,200,0.832,
5.943502374924719,200,0.912,
5.951511916704476,200,0.68,
5.960188041906804,200,0.832,
5.970799708738923,200,0.705,
5.9845131249167025,200,0.819,
5.991089459042996,200,0.603,
6.002399709075689,200,0.64,
6.013739666901529,200,0.661,
6.0213098749518394,200,0.642,
6.03164679184556,200,0.577,
6.044138750061393,200,0.806,
6.051768499892205,200,0.652,
6.060631333850324,200,0.929,
6.073448874987662,200,0.78,
6.080254249740392,200,0.778,
6.090583208948374,200,0.827,
6.101767249871045,200,0.886,
6.111575374845415,200,0.621,
6.120084499940276,200,0.985,
6.13485141703859,200,0.814,
6.142486250028014,200,0.737,
6.153694625012577,200,0.752,
6.161921749822795,200,0.767,
6.173960624728352,200,0.623,
6.181816542055458,200,1.746,
6.193519666790962,200,2.909,
6.20212912466377,200,1.417,
6.21149337477982,200,1.238,
6.222407458815724,200,0.979,
6.233761333860457,200,1.03,
6.242130791768432,200,1.45,
6.2526727500371635,200,0.753,
6.260323749855161,200,2.112,
6.273430124856532,200,1.055,
6.280047459062189,200,0.753,
6.2939029997214675,200,0.741,
6.302942499984056,200,0.744,
6.310607667081058,200,0.784,
6.320077833719552,200,0.84,
6.333676249720156,200,0.861,
6.343027333728969,200,0.914,
6.3522360837087035,200,0.785,
6.362359833903611,200,0.673,
6.370725499931723,200,0.737,
6.384587958920747,200,0.705,
6.392661083955318,200,0.777,
6.4036140837706625,200,0.743,
6.413147249724716,200,0.788,
6.423365334048867,200,0.91,
6.431744666770101,200,1.026,
6.443320041988045,200,0.988,
6.450499416794628,200,1.91,
6.463585250079632,200,0.979,
6.473130208905786,200,0.818,
6.482704708818346,200,0.852,
6.490074124652892,200,0.945,
6.5016412497498095,200,0.909,
6.51407629204914,200,1.088,
6.520187166985124,200,0.776,
6.534865166991949,200,0.876,
6.541067624930292,200,0.987,
6.554423541761935,200,0.909,
6.560344124678522,200,0.831,
6.573095208965242,200,0.911,
6.583839499857277,200,1.606,
6.592983792070299,200,1.625,
6.601887084078044,200,1.072,
6.616497999988496,200,2.729,
6.620635749772191,200,1.197,
6.630463291890919,200,0.912,
6.644687166903168,200,0.799,
6.651161124929786,200,0.749,
6.661513541825116,200,0.768,
6.67417824966833,200,1.065,
6.682848209049553,200,0.812,
6.6935390420258045,200,0.736,
6.7031763340346515,200,0.667,
6.713353666942567,200,0.759,
6.721277666743845,200,0.599,
6.734316833782941,200,0.841,
6.740767708979547,200,0.794,
6.754566874820739,200,0.838,
6.762677999678999,200,2.88,
6.771638291887939,200,2.389,
6.783686333801597,200,1.306,
6.7904701246879995,200,3.658,
6.800375000108033,200,1.398,
6.822922291699797,200,1.1,
6.824738666880876,200,1.156,
6.8325741668231785,200,0.715,
6.845305999740958,200,2.402,
6.850725458934903,200,1.536,
6.8629846246913075,200,1.809,
6.873299750033766,200,1.643,
6.882725666742772,200,2.706,
6.891458000056446,200,1.673,
6.902093249838799,200,1.286,
6.9166231248527765,200,1.295,
6.921429333742708,200,1.14,
6.931795083917677,200,1.347,
6.940060916822404,200,2.554,
6.953669124748558,200,1.382,
6.962357374839485,200,6.227,
6.972100249957293,200,1.962,
6.980830833781511,200,0.897,
6.991826625075191,200,1.0,
7.002147959079593,200,0.854,
7.01387045904994,200,0.912,
7.022915166802704,200,0.836,
7.0334750837646425,200,1.045,
7.041072166990489,200,0.931,
7.054423667024821,200,0.997,
7.062721292022616,200,0.815,
7.073556208983064,200,0.878,
7.083112666849047,200,0.838,
7.09070362476632,200,0.643,
7.104595459066331,200,0.723,
7.11179899983108,200,0.832,
7.121237958781421,200,0.844,
7.1309251668863,200,0.956,
7.144313208758831,200,0.892,
7.151932625100017,200,0.813,
7.163971249945462,200,0.832,
7.172955624759197,200,0.782,
7.18347524991259,200,0.946,
7.192785166669637,200,1.886,
7.200357167050242,200,0.918,
7.21394120901823,200,0.911,
7.220550874713808,200,1.733,
7.233709499705583,200,1.362,
7.240422917064279,200,8.462,
7.253405541647226,200,1.165,
7.260370624717325,200,1.347,
7.270115208812058,200,1.078,
7.280088083818555,200,1.276,
7.2924474170431495,200,7.07,
7.300462958868593,200,1.184,
7.312891749665141,200,1.322,
7.321382834110409,200,1.801,
7.331220000050962,200,1.288,
7.343673875089735,200,1.026,
7.3530407496728,200,0.81,
7.360918417107314,200,0.934,
7.374510374851525,200,0.936,
7.382195542100817,200,0.883,
7.393828541971743,200,0.739,
7.401430625002831,200,0.958,
7.412443208973855,200,2.023,
7.4235241250135005,200,1.035,
7.433144666720182,200,0.83,
7.4433527500368655,200,1.0,
7.453200333751738,200,0.862,
7.460353541653603,200,0.852,
7.47091529192403,200,1.057,
7.482801541686058,200,1.02,
7.493498374707997,200,1.0,
7.503199999686331,200,1.257,
7.511491917073727,200,2.049,
7.5226038340479136,200,1.073,
7.5305984588339925,200,1.31,
7.545966959092766,200,1.687,
7.551774583756924,200,0.991,
7.562450499739498,200,0.965,
7.570108208805323,200,1.094,
7.581094834022224,200,0.81,
7.59435262484476,200,0.759,
7.602008583955467,200,0.745,
7.613568834029138,200,0.788,
7.6200982090085745,200,0.723,
7.634281541686505,200,0.821,
7.642732333857566,200,0.761,
7.652416042052209,200,0.703,
7.663732958957553,200,0.722,
7.6709642498753965,200,0.661,
7.680461208801717,200,0.675,
7.69337616674602,200,0.679,
7.7009520418941975,200,0.571,
7.714507749769837,200,1.021,
7.721186958719045,200,1.199,
7.730080999899656,200,1.248,
7.744039166718721,200,0.961,
7.7501049167476594,200,0.915,
7.760374374687672,200,0.808,
7.774712499696761,200,0.89,
7.782537291757762,200,0.63,
7.790927750058472,200,0.604,
7.8023759997449815,200,0.662,
7.8136922917328775,200,0.695,
7.823069208767265,200,0.881,
7.83079924993217,200,1.049,
7.844038709066808,200,1.312,
7.853838958777487,200,2.005,
7.860285250004381,200,0.969,
7.8730153338983655,200,1.352,
7.883337167091668,200,1.026,
7.892968208994716,200,0.721,
7.90240495884791,200,0.927,
7.912286624778062,200,0.804,
7.920199499931186,200,0.668,
7.931352583691478,200,1.237,
7.943361208774149,200,1.294,
7.9512747917324305,200,1.477,
7.961418624967337,200,1.784,
7.9735286249779165,200,1.182,
7.981057958677411,200,0.895,
7.994377708993852,200,0.764,
8.000972624868155,200,1.15,
8.012850333936512,200,1.73,
8.023369709029794,200,1.538,
8.031317458953708,200,0.923,
8.042130666784942,200,4.384,
8.052660999819636,200,1.263,
8.063534500077367,200,1.126,
8.072399958968163,200,1.564,
8.083173541817814,200,2.296,
8.091922292020172,200,1.065,
8.103940417058766,200,2.069,
8.110716667026281,200,1.234,
8.121046124957502,200,1.237,
8.135890749748796,200,1.581,
8.141808624844998,200,1.094,
8.15398274967447,200,1.019,
8.16231424966827,200,0.83,
8.173797042109072,200,0.958,
8.181452374905348,200,1.347,
8.193671667017043,200,1.142,
8.203061500098556,200,0.882,
8.211454083677381,200,0.829,
8.224030917044729,200,0.8,
8.231650708708912,200,0.835,
8.244105624966323,200,1.021,
8.252896708901972,200,1.214,
8.262192249763757,200,0.907,
8.272671124897897,200,0.928,
8.283602708950639,200,1.063,
8.291262541897595,200,4.025,
8.302898792084306,200,1.348,
8.310478874947876,200,1.2,
8.323549416847527,200,2.04,
8.336376291699708,200,1.83,
8.341458791866899,200,0.917,
8.354173333849758,200,0.922,
8.362822624854743,200,1.201,
8.372949374839664,200,1.38,
8.38353520911187,200,1.421,
8.392309624701738,200,1.354,
8.400349333882332,200,1.966,
8.414643709082156,200,1.298,
8.421420499682426,200,1.132,
8.431773958727717,200,3.121,
8.442292291671038,200,1.152,
8.450473916716874,200,0.929,
8.463365833740681,200,0.776,
8.47244029166177,200,1.713,
8.480263167060912,200,1.078,
8.494714833796024,200,1.363,
8.501671833917499,200,1.57,
8.510485083796084,200,1.154,
8.521063083782792,200,0.913,
8.530731542035937,200,0.653,
8.544578124769032,200,0.754,
8.552640249952674,200,0.921,
8.560648709069937,200,0.967,
8.570789333898574,200,0.814,
8.584473541937768,200,0.731,
8.592658249661326,200,0.99,
8.602789708878845,200,0.786,
8.612718208692968,200,0.887,
8.620893083978444,200,0.941,
8.634476833976805,200,1.08,
8.642657374963164,200,0.849,
8.653622124809772,200,1.183,
8.662901416886598,200,0.998,
8.670353250112385,200,1.159,
8.682149874977767,200,1.113,
8.69064470892772,200,1.163,
8.70268554193899,200,1.144,
8.71153225004673,200,2.247,
8.724041333887726,200,1.079,
8.73108341684565,200,1.174,
8.743060667067766,200,0.887,
8.751274708658457,200,1.455,
8.760146333836019,200,0.957,
8.77422104170546,200,1.74,
8.78183108381927,200,1.142,
8.790283374954015,200,0.897,
8.801794083788991,200,1.102,
8.814040999859571,200,1.884,
8.821063041687012,200,2.409,
8.832011458929628,200,1.166,
8.842952500097454,200,1.11,
8.853438334073871,200,1.623,
8.863438666798174,200,2.158,
8.87313774973154,200,1.259,
8.883085874840617,200,1.154,
8.890089083928615,200,1.046,
8.900789916981012,200,0.824,
8.914562166668475,200,1.373,
8.921477084048092,200,1.184,
8.933668541722,200,1.466,
8.94271720899269,200,1.398,
8.952653584070504,200,1.808,
8.963629624806345,200,2.556,
8.97266974998638,200,1.253,
8.983557959087193,200,0.755,
8.990380624774843,200,0.793,
9.003430458717048,200,1.175,
9.012231417000294,200,1.602,
9.022093874868006,200,1.629,
9.03368829190731,200,1.618,
9.041931875050068,200,1.75,
9.053270791657269,200,1.5,
9.062947792001069,200,1.496,
9.073162334039807,200,2.414,
9.082570458762348,200,1.787,
9.0912377089262,200,1.397,
9.10423362487927,200,1.903,
9.11045708367601,200,1.162,
9.122959374915808,200,1.441,
9.133166041690856,200,1.663,
9.143047417048365,200,1.265,
9.150331417098641,200,1.123,
9.16021070908755,200,0.941,
9.1748092090711,200,0.896,
9.180714124813676,200,1.151,
9.190137874800712,200,1.491,
9.200331416912377,200,1.283,
9.210179708898067,200,2.795,
9.220819584093988,200,1.561,
9.235165583901107,200,1.706,
9.241999624762684,200,0.838,
9.250685916747898,200,1.163,
9.263165583834052,200,1.781,
9.27267154166475,200,1.685,
9.282569458708167,200,1.814,
9.29363829176873,200,3.78,
9.300168499816209,200,0.886,
9.311430166941136,200,2.873,
9.320299374870956,200,1.185,
9.333285833708942,200,1.349,
9.342691958881915,200,1.747,
9.351855666842312,200,1.207,
9.363906084094197,200,1.19,
9.372941083740443,200,1.002,
9.382855833973736,200,1.843,
9.390362999867648,200,1.017,
9.40163370873779,200,0.841,
9.414056541863829,200,0.836,
9.420049916952848,200,0.731,
9.430367500055581,200,0.732,
9.441555459052324,200,0.785,
9.454161833971739,200,0.752,
9.46256829192862,200,0.779,
9.472176999785006,200,0.648,
9.48385062487796,200,0.75,
9.490273583680391,200,0.704,
9.5048040417023,200,0.727,
9.511744958814234,200,3.706,
9.522305416874588,200,0.676,
9.533707916736603,200,0.781,
9.54335012473166,200,1.08,
9.550707374699414,200,0.742,
9.564569334033877,200,0.772,
9.572622084058821,200,0.766,
9.581773541867733,200,0.727,
9.591386042069644,200,0.665,
9.600319333840162,200,0.685,
9.610918999649584,200,0.801,
9.624454958830029,200,0.89,
9.632661583833396,200,0.765,
9.640298292040825,200,0.684,
9.650320458691567,200,0.708,
9.664221541956067,200,0.711,
9.67040487471968,200,0.567,
9.684481791686267,200,0.594,
9.6921061668545,200,0.628,
9.701155416667461,200,0.538,
9.714392624795437,200,0.822,
9.722148667089641,200,0.735,
9.733843292109668,200,0.612,
9.741450999863446,200,0.521,
9.754235208965838,200,0.552,
9.762838624883443,200,0.552,
9.772618999704719,200,0.597,
9.783046375028789,200,0.561,
9.792898749932647,200,0.605,
9.803521499969065,200,0.602,
9.813172041904181,200,0.641,
9.823383749928325,200,0.66,
9.833243583794683,200,0.593,
9.841610209085047,200,0.65,
9.85377141693607,200,0.609,
9.861378208734095,200,0.704,
9.874244750011712,200,1.003,
9.881871583871543,200,0.787,
9.894018958788365,200,1.022,
9.902903333771974,200,1.25,
9.910161959007382,200,0.835,
9.92095895903185,200,1.285,
9.934327874798328,200,1.004,
9.942028958816081,200,0.874,
9.953043083660305,200,2.123,
9.962186959106475,200,4.009,
9.970396500080824,200,1.011,
9.982083458919078,200,1.108,
9.991312166675925,200,1.277,
10.00329566700384,200,1.117,
10.010012374725193,200,0.714,
10.024468333926052,200,0.991,
10.032698791939765,200,0.789,
10.042489458806813,200,0.793,
10.050606959033757,200,0.82,
10.063155458774418,200,0.888,
10.070554374717176,200,0.912,
10.08475658390671,200,1.745,
10.092347874771804,200,1.004,
10.103745333850384,200,0.92,
10.111369833815843,200,1.213,
10.124250459019095,200,1.43,
10.13270933367312,200,1.28,
10.140570333693177,200,1.0,
10.15004862472415,200,1.135,
10.160042916890234,200,1.452,
10.171302124857903,200,0.788,
10.18003954179585,200,0.767,
10.19065154204145,200,0.843,
10.20120408385992,200,0.817,
10.210130708757788,200,0.688,
10.224876666907221,200,0.63,
10.232482499908656,200,0.534,
10.24228341691196,200,0.597,
10.253783666994423,200,0.633,
10.26300337491557,200,0.731,
10.270621499978006,200,0.596,
10.283442416694015,200,0.617,
10.291043709032238,200,0.559,
10.301455583889037,200,0.67,
10.314028499647975,200,0.659,
10.322933583986014,200,0.653,
10.330505124758929,200,0.559,
10.343414874747396,200,0.764,
10.35315875010565,200,0.735,
10.36335370875895,200,0.739,
10.370048124808818,200,0.764,
10.384870042093098,200,0.686,
10.391821417026222,200,0.596,
10.404047583695501,200,0.703,
10.412712666671723,200,0.502,
10.42026458401233,200,0.545,
10.434264208655804,200,0.632,
10.442685292102396,200,0.619,
10.451994708739221,200,0.642,
10.460690916981548,200,0.78,
10.472405083943158,200,0.618,
10.480838041752577,200,0.558,
10.494537166785449,200,0.669,
10.5026530418545,200,0.598,
10.510244916658849,200,0.628,
10.52275462495163,200,0.806,
10.530093541834503,200,0.919,
10.540244583971798,200,0.963,
10.551738708745688,200,0.701,
10.561853291932493,200,0.678,
10.573999874759465,200,0.726,
10.58174145873636,200,0.675,
10.592019791714847,200,0.64,
10.602727584075183,200,0.648,
10.61031199991703,200,0.525,
10.62073591677472,200,0.816,
10.631519000045955,200,0.717,
10.642364833969623,200,0.682,
10.653757833875716,200,0.639,
10.660147292073816,200,0.483,
10.674898209050298,200,0.734,
10.68152308370918,200,0.635,
10.693479999899864,200,0.768,
10.700622374657542,200,0.559,
10.71202183375135,200,0.576,
10.723930208943784,200,0.511,
10.730762917082757,200,0.501,
10.744475124869496,200,0.614,
10.750507958699018,200,0.619,
10.76471491670236,200,0.597,
10.772501041647047,200,0.673,
10.78175845881924,200,0.599,
10.791346708778292,200,0.589,
10.800455749966204,200,0.568,
10.81035566702485,200,0.602,
10.823608333710581,200,0.693,
10.831270083785057,200,0.674,
10.84112154180184,200,0.802,
10.85433041676879,200,0.741,
10.862784875091165,200,0.617,
10.872646166943014,200,1.768,
10.880819541867822,200,0.747,
10.89195775007829,200,0.735,
10.902295958716422,200,0.731,
10.913781417068094,200,0.687,
10.923010499682277,200,0.768,
10.933402041904628,200,0.738,
10.941633166745305,200,0.499,
10.950311499647796,200,0.589,
10.961973583791405,200,0.61,
10.973910874687135,200,0.795,
10.980273333843797,200,0.65,
10.991001833695918,200,0.624,
11.004416749812663,200,0.532,
11.011988333892077,200,0.501,
11.022024584002793,200,1.995,
11.031428209040314,200,0.868,
11.044202750083059,200,0.923,
11.05275533394888,200,0.763,
11.06203266698867,200,0.878,
11.073874374851584,200,0.828,
11.081207749899477,200,0.838,
11.094297375064343,200,0.821,
11.102728083729744,200,0.62,
11.110332458745688,200,0.723,
11.124768666923046,200,0.805,
11.132437292020768,200,0.629,
11.140047583729029,200,0.94,
11.153483166825026,200,0.736,
11.161669834051281,200,1.185,
11.17408424988389,200,0.731,
11.182858124841005,200,0.611,
11.193520959001034,200,0.627,
11.200993624981493,200,0.613,
11.210185499861836,200,0.829,
11.220796125009656,200,0.773,
11.230115291662514,200,0.687,
11.244844499975443,200,0.704,
11.25247066700831,200,0.641,
11.260115374810994,200,0.593,
11.272221624851227,200,0.661,
11.28379995888099,200,0.724,
11.290545291732997,200,0.669,
11.302541083656251,200,0.972,
11.313590666744858,200,0.727,
11.322515292093158,200,0.656,
11.330147333908826,200,0.648,
11.344896208960563,200,1.649,
11.352003583684564,200,0.668,
11.363884000107646,200,1.527,
11.371070833876729,200,0.671,
11.382370916660875,200,1.814,
11.393503041937947,200,1.563,
11.400310541968793,200,1.088,
11.41376379178837,200,2.356,
11.421893042046577,200,1.059,
11.431228416971862,200,2.502,
11.443494209088385,200,1.401,
11.45047637494281,200,0.924,
11.464686583727598,200,1.148,
11.472532500047237,200,0.89,
11.483638749923557,200,1.223,
11.491871417034417,200,3.037,
11.503756708931178,200,1.644,
11.513043374754488,200,1.296,
11.523381124716252,200,1.265,
11.533135291654617,200,1.017,
11.543361624702811,200,1.178,
11.552126334048808,200,1.077,
11.563883333932608,200,1.884,
11.572690374683589,200,1.565,
11.583424041979015,200,1.061,
11.591423334088176,200,1.238,
11.602790333796293,200,0.874,
11.612796041648835,200,1.025,
11.620689291972667,200,0.921,
11.630020499695092,200,0.827,
11.644946374930441,200,0.917,
11.65238087484613,200,0.546,
11.660142541863024,200,0.522,
11.67024379177019,200,0.967,
11.684771749656647,200,0.891,
11.691991250030696,200,0.601,
11.703942958731204,200,0.696,
11.710840208921582,200,0.782,
11.722101374994963,200,0.682,
11.733893499709666,200,0.74,
11.743000541813672,200,0.728,
11.753440249711275,200,0.642,
11.761057999916375,200,0.637,
11.77443354204297,200,1.585,
11.781278249807656,200,0.777,
11.790392125025392,200,0.746,
11.804757209029049,200,1.012,
11.812545499764383,200,0.942,
11.822783333715051,200,1.027,
11.833921624813229,200,1.715,
11.840950834099203,200,1.156,
11.854361374862492,200,0.898,
11.86276924982667,200,1.6,
11.87269433401525,200,1.486,
11.883064583875239,200,1.073,
11.893307708669454,200,1.89,
11.903172750025988,200,1.111,
11.91269987495616,200,1.478,
11.92066187504679,200,1.571,
11.931221624836326,200,1.292,
11.943421749863774,200,1.278,
11.952204749919474,200,1.188,
11.963401708751917,200,1.568,
11.971122291870415,200,1.804,
11.98359362501651,200,1.177,
11.992083708755672,200,1.172,
12.000854624900967,200,0.948,
12.01014812476933,200,0.951,
12.024862749967724,200,0.931,
12.032500375062227,200,0.856,
12.040139209013432,200,0.942,
12.05487299989909,200,1.051,
12.062483292073011,200,1.823,
12.070245041977614,200,1.03,
12.080864875111729,200,2.722,
12.092619999777526,200,1.279,
12.100406666751951,200,1.115,
12.11072662472725,200,0.852,
12.124324874952435,200,0.836,
12.131540749687701,200,1.831,
12.143952209036797,200,1.01,
12.151588291861117,200,0.913,
12.1636847499758,200,1.878,
12.172859124839306,200,1.08,
12.183483750093728,200,0.918,
12.19310654187575,200,1.16,
12.203241916839033,200,0.965,
12.210874374955893,200,0.936,
12.223702708724886,200,1.686,
12.230328749865294,200,0.921,
12.240034000016749,200,1.2,
12.250321291852742,200,1.315,
12.26006849994883,200,1.496,
12.27284387499094,200,1.214,
12.282780250068754,200,1.621,
12.291438833810389,200,7.898,
12.300322500057518,200,1.629,
12.312807417009026,200,1.318,
12.320598166901618,200,1.016,
12.334755249787122,200,1.213,
12.341441666707397,200,0.83,
12.353045959025621,200,1.46,
12.360641709063202,200,1.613,
12.37045762501657,200,1.315,
12.382407874800265,200,1.15,
12.390091083943844,200,0.975,
12.404563541989774,200,1.38,
12.412777166813612,200,0.79,
12.421095083933324,200,1.739,
12.433664083946496,200,2.979,
12.441568749956787,200,1.474,
12.452048124745488,200,1.083,
12.46386200003326,200,0.774,
12.471219792030752,200,1.593,
12.484048916958272,200,1.458,
12.491432500071824,200,0.99,
12.50429862504825,200,2.194,
12.510050791781396,200,1.187,
12.521980291698128,200,1.899,
12.532961249817163,200,1.545,
12.54328962508589,200,0.947,
12.550049166660756,200,0.802,
12.56492245895788,200,2.612,
12.57217837497592,200,1.229,
12.581289916764945,200,1.042,
12.590740041807294,200,1.025,
12.604084416758269,200,1.413,
12.612504208926111,200,1.474,
12.622722750063986,200,1.387,
12.634500708896667,200,3.638,
12.640761749818921,200,1.279,
12.65384199982509,200,1.465,
12.660282708704472,200,1.053,
12.670903166756034,200,1.958,
12.683646333869547,200,1.702,
12.691378084011376,200,1.191,
12.703862374648452,200,1.58,
12.720819124951959,200,1.937,
12.721058833878487,200,1.887,
12.730220959056169,200,1.191,
12.744786833878607,200,0.928,
12.750302458647639,200,1.171,
12.764719458762556,200,0.885,
12.772482499945909,200,0.888,
12.783643499948084,200,0.869,
12.790692166890949,200,0.78,
12.800493749789894,200,0.915,
12.811400209087878,200,0.807,
12.824237958993763,200,0.88,
12.832738250028342,200,0.839,
12.84012300008908,200,0.768,
12.850309124682099,200,0.866,
12.864767666906118,200,0.8,
12.872532417066395,200,0.763,
12.882086083758622,200,0.625,
12.893882167059928,200,0.642,
12.902994208969176,200,0.771,
12.91004779189825,200,0.995,
12.920206499751657,200,0.91,
12.932243125047535,200,2.065,
12.943679541815072,200,0.835,
12.953048625029624,200,0.758,
12.961488666944206,200,0.778,
12.974152375012636,200,0.762,
12.982824749778956,200,0.74,
12.993473999667913,200,0.651,
13.003168833907694,200,0.63,
13.010791416745633,200,0.531,
13.020878124982119,200,0.725,
13.034436999820173,200,0.653,
13.042670083697885,200,0.713,
13.05037970887497,200,0.865,
13.064782375004143,200,0.634,
13.071661833673716,200,0.492,
13.084134500008076,200,0.573,
13.092896041925997,200,0.441,
13.102147416677326,200,0.592,
13.113897333852947,200,0.479,
13.12144837481901,200,0.441,
13.134241084102541,200,0.551,
13.142202083952725,200,0.417,
13.151046874932945,200,0.526,
13.16245829174295,200,0.545,
13.173701124731451,200,0.579,
13.181213124655187,200,0.458,
13.194371792022139,200,0.494,
13.202787334099412,200,0.443,
13.213579500094056,200,0.386,
13.221126124728471,200,0.454,
13.23162587499246,200,0.514,
13.243899958673865,200,0.829,
13.252927874680609,200,0.521,
13.261902916710824,200,0.525,
13.273708499968052,200,0.475,
13.283110042102635,200,0.524,
13.290771333966404,200,0.666,
13.30029824981466,200,0.678,
13.31450083386153,200,0.772,
13.322618874721229,200,0.653,
13.332521250005811,200,0.64,
13.343638584017754,200,0.734,
13.353072917088866,200,0.677,
13.360013958998024,200,0.587,
13.370852791704237,200,0.763,
13.381610083859414,200,0.921,
13.390135792084038,200,0.795,
13.404868708923459,200,0.692,
13.412408874835819,200,0.56,
13.420062624849379,200,0.725,
13.434911749791354,200,0.754,
13.442426667083055,200,0.539,
13.450755374971777,200,0.557,
13.4625160000287,200,0.433,
13.473700874950737,200,0.503,
13.481332083698362,200,0.529,
13.494285209104419,200,0.516,
13.503043416887522,200,1.358,
13.51158070890233,200,0.705,
13.52110091689974,200,0.807,
13.53115591686219,200,0.725,
13.541705125011504,200,0.82,
13.551751083694398,200,0.846,
13.564061583951116,200,0.868,
13.572865083813667,200,0.657,
13.580569833982736,200,0.522,
13.593796541914344,200,0.727,
13.602997624780983,200,0.639,
13.613469333853573,200,0.539,
13.621199375018477,200,0.684,
13.633812875021249,200,0.805,
13.643040124792606,200,0.809,
13.650687541812658,200,0.715,
13.661063000094146,200,0.782,
13.674429583828896,200,1.008,
13.682643791660666,200,0.824,
13.692991124931723,200,0.775,
13.70202916674316,200,0.724,
13.713915833737701,200,0.69,
13.721378209069371,200,0.818,
13.731325542088598,200,0.777,
13.74425333365798,200,0.935,
13.75283258408308,200,1.953,
13.763229792006314,200,1.66,
13.77029533404857,200,1.742,
13.784481917042285,200,1.985,
13.79137924965471,200,0.955,
13.80095170903951,200,1.266,
13.81512837484479,200,2.279,
13.82105804188177,200,1.306,
13.836779041681439,200,1.134,
13.84140545874834,200,0.895,
13.85422204202041,200,1.679,
13.860124374739826,200,1.245,
13.872826791834086,200,1.286,
13.883451167028397,200,1.466,
13.893077958840877,200,1.276,
13.903247999958694,200,1.024,
13.916473374702036,200,2.052,
13.920684916898608,200,0.958,
13.933627708815038,200,1.362,
13.95221466710791,200,1.408,
13.953511917032301,200,1.432,
13.961385292001069,200,0.657,
13.971456666942686,200,0.844,
13.98246766673401,200,1.977,
13.990077749826014,200,2.104,
14.00187679193914,200,0.916,
14.010329541750252,200,1.186,
14.0246578338556,200,1.53,
14.032336874864995,200,0.821,
14.043703791685402,200,1.349,
14.052772999741137,200,0.986,
14.06346037471667,200,0.746,
14.072549583856016,200,0.713,
14.080188541673124,200,1.004,
14.094709333963692,200,1.133,
14.102468499913812,200,1.21,
14.110455374699086,200,1.067,
14.12289020884782,200,1.34,
14.133255458902568,200,1.396,
14.141487875021994,200,1.157,
14.153004083782434,200,1.455,
14.162652249913663,200,0.857,
14.170450124889612,200,0.712,
14.183220624923706,200,1.513,
14.19299583369866,200,1.425,
14.202274541836232,200,1.088,
14.2122454168275,200,1.074,
14.222702208906412,200,0.925,
14.230694874655455,200,1.398,
14.24379612505436,200,4.824,
14.251389416866004,200,0.973,
14.26132733374834,200,1.154,
14.272291250061244,200,2.788,
14.281655000057071,200,4.206,
14.293580750003457,200,0.685,
14.302587917074561,200,2.276,
14.3103362089023,200,0.675,
14.324789667036384,200,3.106,
14.331236458849162,200,1.203,
14.342532124835998,200,1.338,
14.3528401250951,200,1.004,
14.363472249824554,200,1.22,
14.373139000032097,200,1.336,
14.38330587465316,200,1.059,
14.393233833834529,200,0.878,
14.40049208374694,200,0.771,
14.410887584090233,200,0.868,
14.423149291891605,200,0.845,
14.433315166737884,200,0.877,
14.443285124842077,200,0.836,
14.453304458875209,200,1.036,
14.463211792055517,200,0.819,
14.47081399988383,200,0.872,
14.480747458990663,200,0.903,
14.492754749953747,200,1.82,
14.502610833849758,200,1.087,
14.510523833800107,200,0.937,
14.52323391707614,200,1.179,
14.530744124669582,200,1.193,
14.541471417061985,200,3.028,
14.553601416759193,200,1.125,
14.563065874855965,200,0.819,
14.573402208741754,200,0.841,
14.583242749795318,200,0.842,
14.591330999974161,200,0.878,
14.600513916928321,200,0.906,
14.610790709033608,200,1.005,
14.62249420909211,200,0.751,
14.630526708904654,200,1.406,
14.644595500081778,200,1.766,
14.652023541741073,200,0.855,
14.660537959076464,200,1.085,
14.673726833891124,200,1.884,
14.680986583698541,200,1.561,
14.692049999721348,200,1.471,
14.701041583903134,200,1.172,
14.713561791926622,200,1.968,
14.722774124704301,200,2.605,
14.733114541973919,200,2.357,
14.741388000082225,200,1.794,
14.753813374787569,200,2.207,
14.761551375035197,200,2.93,
14.770210624672472,200,2.341,
14.780892124865204,200,1.747,
14.794486416969448,200,2.647,
14.80028499988839,200,1.061,
14.81410066690296,200,1.046,
14.82287008408457,200,1.31,
14.833365583792329,200,1.016,
14.841100041754544,200,1.437,
14.854001708794385,200,0.806,
14.861769624985754,200,0.89,
14.873999542091042,200,0.89,
14.880015667062253,200,0.801,
14.893832583911717,200,0.783,
14.900552833918482,200,0.652,
14.91124637471512,200,0.74,
14.923970416653901,200,0.685,
14.932916999794543,200,0.656,
14.943041916936636,200,0.696,
14.953404708765447,200,0.681,
14.963214667048305,200,0.685,
14.971620792057365,200,0.76,
14.984060249757022,200,0.71,
14.991441041696817,200,0.615,
15.00409054197371,200,0.575,
15.012893249746412,200,0.477,
15.023112624883652,200,0.638,
15.030776374973357,200,0.474,
15.04166458407417,200,0.635,
15.05216958373785,200,0.701,
15.063840749673545,200,0.854,
15.070717041846365,200,0.65,
15.084587417077273,200,0.685,
15.092240584082901,200,0.538,
15.10384516697377,200,0.529,
15.11301516694948,200,0.521,
15.120600124821067,200,0.51,
15.132393541745842,200,0.474,
15.141059958841652,200,0.546,
15.154420416802168,200,0.692,
15.162031499668956,200,0.584,
15.172044249717146,200,0.686,
15.183881499804556,200,0.785,
15.192932500038296,200,0.615,
15.203471959102899,200,0.588,
15.213213833980262,200,0.536,
15.223325917031616,200,0.622,
15.231987124774605,200,0.618,
15.243023208808154,200,0.556,
15.250273083802313,200,0.558,
15.264829083811492,200,0.694,
15.272477999795228,200,0.545,
15.282864749897271,200,0.481,
15.290168459061533,200,0.506,
15.301252749748528,200,0.524,
15.311894875019789,200,0.551,
15.321783917024732,200,0.495,
15.330016874708235,200,0.483,
15.340316666755825,200,0.493,
15.351963624823838,200,0.748,
15.361451333854347,200,0.522,
15.371341499965638,200,0.483,
15.384289917070419,200,0.506,
15.392809958662838,200,0.622,
15.402644792106003,200,0.612,
15.412309374660254,200,0.636,
15.420180500019342,200,0.744,
15.431907874997705,200,0.675,
15.443562000058591,200,0.707,
15.450245999731123,200,0.651,
15.46481916680932,200,0.68,
15.472508166916668,200,0.571,
15.480077417101711,200,0.685,
15.494922666810453,200,0.675,
15.502415624912828,200,0.595,
15.513688459061086,200,0.704,
15.523027333896607,200,0.733,
15.531600541900843,200,0.742,
15.544089125003666,200,0.768,
15.552852916996926,200,0.639,
15.560491249896586,200,0.665,
15.57468037493527,200,0.759,
15.582365917041898,200,0.714,
15.592732833698392,200,0.786,
15.602519209031016,200,0.562,
15.610161874908954,200,0.578,
15.624868833925575,200,0.525,
15.63187566678971,200,0.583,
15.643932833801955,200,0.776,
15.652873584069312,200,0.788,
15.663540916983038,200,0.734,
15.673099499661475,200,0.54,
15.681704042013735,200,0.54,
15.693533584009856,200,0.797,
15.70307912491262,200,0.654,
15.713399749714881,200,0.572,
15.723254458978772,200,0.64,
15.733330208808184,200,0.677,
15.740210792049766,200,0.546,
15.752622124738991,200,0.691,
15.763495458755642,200,0.689,
15.773188916966319,200,0.59,
15.783347208984196,200,0.751,
15.790034959092736,200,0.87,
15.800039041787386,200,0.992,
15.810022458899766,200,0.957,
15.82190137496218,200,1.748,
15.831304541788995,200,0.822,
15.844278833828866,200,1.051,
15.851922458969057,200,1.044,
15.861655374988914,200,1.428,
15.87306004203856,200,1.405,
15.883027416653931,200,1.595,
15.890260959044099,200,1.347,
15.901794999837875,200,0.942,
15.910023083910346,200,1.108,
15.924912166781723,200,1.117,
15.932472333777696,200,1.06,
15.943452334031463,200,0.929,
15.95027874968946,200,1.075,
15.96011916687712,200,1.525,
15.971593583934009,200,0.672,
15.981970292050391,200,0.625,
15.993446624837816,200,0.772,
16.000675791874528,200,0.486,
16.01461070869118,200,0.605,
16.02226816676557,200,0.541,
16.033441749867052,200,0.713,
16.04225887497887,200,1.501,
16.05148291680962,200,0.744,
16.06297937501222,200,0.83,
16.070580834057182,200,0.732,
16.081934624817222,200,0.68,
16.093959541991353,200,0.7,
16.102968208957464,200,0.758,
16.110593374818563,200,0.777,
16.120995834004134,200,0.704,
16.134019624907523,200,0.927,
16.142903208732605,200,0.963,
16.15382366674021,200,1.158,
16.16015537502244,200,0.988,
16.174818750005215,200,1.174,
16.18235258385539,200,1.067,
16.1936754998751,200,0.982,
16.20256962487474,200,0.77,
16.213356709107757,200,0.834,
16.222182624973357,200,0.982,
16.233801709022373,200,0.893,
16.241962749976665,200,2.33,
16.250072749797255,200,0.907,
16.2644697916694,200,0.918,
16.27165870880708,200,0.93,
16.283279167022556,200,0.809,
16.293279541656375,200,0.912,
16.30092304199934,200,1.019,
16.3137924997136,200,0.998,
16.323024374898523,200,0.913,
16.332909499760717,200,1.483,
16.342999499756843,200,2.782,
16.350080833770335,200,1.823,
16.36315824976191,200,1.394,
16.37267924984917,200,0.919,
16.380260209087282,200,0.869,
16.39130449993536,200,1.802,
16.403989541810006,200,1.364,
16.412861709017307,200,0.976,
16.42053670901805,200,0.892,
16.436130833812058,200,1.592,
16.44084724970162,200,0.905,
16.454498333856463,200,1.422,
16.461539417039603,200,0.96,
16.474148083943874,200,2.038,
16.482846749946475,200,1.164,
16.49234445905313,200,3.433,
16.502748124767095,200,1.158,
16.51230329181999,200,1.17,
16.52372983377427,200,1.59,
16.532268959097564,200,1.463,
16.541847167070955,200,1.809,
16.553782959003,200,1.335,
16.560103208757937,200,0.543,
16.574881916865706,200,0.818,
16.582495959009975,200,0.912,
16.590314500033855,200,0.7,
16.603105375077575,200,1.767,
16.613243917003274,200,1.261,
16.62105399975553,200,1.005,
16.635421166662127,200,3.43,
16.640299959108233,200,1.115,
16.654750084038824,200,0.974,
16.660108875017613,200,0.876,
16.686683083884418,200,1.889,
16.68722949968651,200,1.964,
16.691189999692142,200,0.826,
16.700030624866486,200,0.903,
16.712498874869198,200,0.865,
16.7214657086879,200,0.829,
16.734217749908566,200,2.595,
16.7424039170146,200,1.491,
16.753296624869108,200,1.121,
16.761389291845262,200,7.706,
16.7700900840573,200,1.305,
16.780837124679238,200,1.115,
16.79249208373949,200,1.353,
16.803658291697502,200,1.404,
16.812868792098016,200,1.154,
16.822903541848063,200,1.717,
16.83338045887649,200,4.327,
16.842851624824107,200,5.72,
16.852421999908984,200,2.616,
16.862068417016417,200,0.724,
16.871909458655864,200,0.766,
16.88456091703847,200,1.829,
16.891359333880246,200,0.857,
16.904242624994367,200,1.905,
16.91265174979344,200,0.968,
16.934674374759197,200,3.368,
16.93659795867279,200,2.191,
16.940034791827202,200,0.891,
16.950348583981395,200,1.355,
16.96058583399281,200,0.941,
16.970558458939195,200,0.991,
16.981075166724622,200,1.431,
16.99344641668722,200,0.899,
17.001523583661765,200,0.771,
17.014150833711028,200,0.991,
17.021857333835214,200,0.883,
17.034000124782324,200,0.68,
17.041941999923438,200,0.82,
17.053070791997015,200,2.008,
17.061849374789745,200,0.931,
17.074049291666597,200,1.745,
17.08260799990967,200,2.115,
17.090477792080492,200,0.874,
17.103690791875124,200,1.075,
17.110210458748043,200,1.053,
17.124767709057778,200,1.28,
17.136248541995883,200,1.136,
17.140941666904837,200,0.67,
17.15147254196927,200,1.983,
17.164000124670565,200,1.657,
17.172679292038083,200,1.045,
17.18355454178527,200,1.896,
17.191339917015284,200,0.85,
17.203563624992967,200,3.411,
17.21303866710514,200,1.262,
17.220732541754842,200,0.889,
17.231850791722536,200,0.741,
17.24323116708547,200,1.742,
17.25320537481457,200,1.586,
17.267321291845292,200,1.317,
17.271065500099212,200,0.912,
17.28437962476164,200,1.762,
17.29133695876226,200,1.728,
17.304365041665733,200,4.492,
17.310809958726168,200,0.919,
17.320572416763753,200,1.112,
17.331937917042524,200,1.059,
17.346732958685607,200,1.17,
17.350497624836862,200,1.148,
17.36015237495303,200,1.71,
17.370469084009528,200,1.993,
17.38005341682583,200,1.911,
17.391515208873898,200,2.126,
17.404078624676913,200,1.855,
17.41148362495005,200,1.163,
17.42406649980694,200,5.765,
17.432180124800652,200,1.45,
17.440041624940932,200,0.966,
17.454861667007208,200,0.839,
17.46142587484792,200,0.654,
17.470652292016894,200,1.167,
17.484415666665882,200,0.929,
17.49263249989599,200,0.826,
17.503612000029534,200,0.869,
17.510116708930582,200,0.899,
17.522151874843985,200,1.11,
17.530045916792005,200,0.943,
17.54401949979365,200,1.213,
17.552834749687463,200,0.876,
17.560318334028125,200,0.894,
17.570210499688983,200,1.486,
17.583621416706592,200,1.225,
17.59234245866537,200,1.443,
17.602841542102396,200,3.047,
17.61150220874697,200,1.179,
17.62285645864904,200,1.382,
17.63451495906338,200,1.475,
17.64236199995503,200,1.738,
17.653556999750435,200,1.295,
17.660817499738187,200,1.419,
17.672960124909878,200,0.927,
17.68343258369714,200,0.933,
17.691156624816358,200,1.011,
17.702783667016774,200,1.206,
17.717278209049255,200,1.919,
17.721208083909005,200,1.146,
17.73367604194209,200,1.675,
17.742729749996215,200,2.209,
17.75338083365932,200,0.986,
17.762732249684632,200,0.747,
17.773559791967273,200,0.739,
17.78314495878294,200,0.688,
17.79075187491253,200,0.677,
17.801172041799873,200,0.847,
17.810456458944827,200,0.796,
17.824702166952193,200,0.901,
17.83237766707316,200,2.306,
17.841351749841124,200,1.649,
17.85435620881617,200,2.518,
17.861819500103593,200,1.091,
17.87207604199648,200,1.123,
17.883862874936312,200,1.308,
17.892868499737233,200,1.227,
17.901590624824166,200,0.98,
17.911551834084094,200,1.843,
17.923310708720237,200,5.956,
17.931795958895236,200,1.249,
17.94006008375436,200,1.918,
17.954390124883503,200,1.279,
17.960659958887845,200,0.918,
17.974228541832417,200,2.065,
17.981458416674286,200,1.081,
17.994198124855757,200,1.198,
18.002696374896914,200,1.064,
18.010697917081416,200,1.219,
18.021817083936185,200,0.963,
18.034001499880105,200,1.184,
18.042916999664158,200,1.579,
18.0515055838041,200,1.392,
18.061080124694854,200,0.834,
18.07425408391282,200,0.724,
18.081091874744743,200,1.628,
18.090863999910653,200,2.054,
18.102798624895513,200,1.958,
18.110117666888982,200,1.027,
18.1209537088871,200,1.308,
18.133605166804045,200,1.431,
18.140694125089794,200,1.329,
18.152604749891907,200,2.739,
18.160110083874315,200,0.883,
18.170556999742985,200,0.682,
18.184638042002916,200,1.218,
18.19046579208225,200,1.087,
18.202957999892533,200,1.132,
18.213341333903372,200,0.813,
18.220942958723754,200,0.931,
18.234461958985776,200,1.086,
18.24246570887044,200,1.075,
18.250132916960865,200,0.938,
18.262166999746114,200,2.429,
18.27310608373955,200,0.826,
18.283311791718006,200,0.712,
18.291534875053912,200,0.724,
18.300323749892414,200,2.063,
18.310250208713114,200,0.723,
18.321770208887756,200,0.698,
18.333051624707878,200,0.796,
18.343427458778024,200,0.781,
18.351389625109732,200,1.07,
18.36359866708517,200,0.899,
18.371933666989207,200,0.777,
18.38031724980101,200,0.696,
18.391923499759287,200,0.648,
18.402070541866124,200,0.885,
18.413901541847736,200,0.757,
18.422971124760807,200,0.695,
18.430174208711833,200,0.579,
18.443176874890924,200,0.942,
18.453316959086806,200,0.809,
18.46236424986273,200,0.747,
18.472665874753147,200,0.646,
18.483552333898842,200,0.562,
18.49018337484449,200,0.772,
18.504805124830455,200,0.762,
18.512490292079747,200,0.695,
18.522829750087112,200,0.754,
18.533498958684504,200,0.846,
18.541728124953806,200,0.64,
18.55407545901835,200,0.826,
18.561100542079657,200,0.533,
18.57172075007111,200,0.752,
18.581480625085533,200,0.765,
18.594172209035605,200,0.691,
18.60036337468773,200,0.647,
18.61472541699186,200,0.818,
18.62123441696167,200,0.578,
18.631250000093132,200,0.599,
18.643803166691214,200,0.604,
18.65302679175511,200,0.849,
18.660770209040493,200,0.734,
18.674561500083655,200,0.764,
18.682217499706894,200,1.023,
18.690520499832928,200,0.874,
18.70380770880729,200,0.9,
18.712965541984886,200,0.706,
18.723420083988458,200,0.844,
18.731156167108566,200,0.713,
18.743483166676015,200,0.799,
18.752349291928113,200,0.752,
18.76374270906672,200,1.068,
18.771440709009767,200,1.552,
18.784026958979666,200,1.759,
18.791330249980092,200,1.263,
18.802702208980918,200,1.543,
18.813440499827266,200,1.008,
18.821097875013947,200,5.345,
18.83117145905271,200,1.235,
18.848420458845794,200,4.42,
18.850009958725423,200,2.187,
18.861146084032953,200,1.142,
18.87424900010228,200,1.167,
18.8818866671063,200,0.947,
18.89007058367133,200,1.129,
18.904451791662723,200,1.652,
18.912648084107786,200,1.187,
18.923558542039245,200,1.865,
18.931672208942473,200,1.61,
18.943770833779126,200,1.64,
18.95045629190281,200,1.407,
18.966904500033706,200,1.085,
18.971316041890532,200,3.874,
18.981707375030965,200,1.271,
18.99395937472582,200,1.078,
19.002881333697587,200,0.931,
19.01183162489906,200,0.942,
19.02260062471032,200,1.161,
19.031624999828637,200,1.025,
19.041317958850414,200,0.81,
19.054275874979794,200,1.033,
19.06276762485504,200,0.828,
19.070913791656494,200,1.206,
19.080262874718755,200,1.036,
19.094618416856974,200,1.142,
19.100861249957234,200,0.633,
19.11120141670108,200,0.838,
19.123166708741337,200,0.885,
19.133335624821484,200,0.954,
19.141199874691665,200,2.817,
19.150767124723643,200,1.494,
19.163175624795258,200,1.408,
19.171318917069584,200,1.146,
19.184212249703705,200,1.172,
19.191993666812778,200,0.949,
19.203867542091757,200,0.922,
19.212078833952546,200,1.006,
19.22143283393234,200,1.798,
19.233847625087947,200,1.451,
19.242242166772485,200,2.377,
19.25182475009933,200,1.502,
19.261977249756455,200,1.152,
19.273911041673273,200,0.981,
19.28052958380431,200,1.987,
19.29832116700709,200,4.029,
19.300952458754182,200,1.795,
19.313480499666184,200,1.28,
19.32125054206699,200,0.833,
19.33430999983102,200,0.97,
19.34144945908338,200,0.855,
19.35374933388084,200,1.208,
19.361188041977584,200,1.088,
19.37427629204467,200,0.918,
19.382788499817252,200,2.067,
19.391335541848093,200,0.961,
19.400237584020942,200,0.992,
19.41479174979031,200,1.283,
19.422346458770335,200,0.955,
19.433744709007442,200,1.18,
19.44256137497723,200,0.647,
19.452949583996087,200,1.112,
19.463392874691635,200,1.016,
19.473243958782405,200,0.682,
19.48329516686499,200,0.519,
19.490932167042047,200,0.623,
19.5044739167206,200,0.536,
19.512701708823442,200,0.642,
19.523594541940838,200,1.168,
19.533155291806906,200,1.138,
19.541141625028104,200,0.894,
19.55049437470734,200,0.81,
19.56320779165253,200,0.748,
19.573307708837092,200,0.684,
19.58326212503016,200,0.669,
19.593316041864455,200,0.86,
19.60325999977067,200,0.786,
19.61094858404249,200,0.82,
19.624457249883562,200,0.887,
19.633953374810517,200,1.385,
19.642354916781187,200,1.215,
19.65151158394292,200,0.965,
19.66376974992454,200,1.151,
19.672054499853402,200,1.91,
19.68299720901996,200,2.283,
19.69057995872572,200,0.791,
19.702523834072053,200,0.889,
19.710118209011853,200,0.933,
19.72107179183513,200,1.317,
19.733184916898608,200,1.969,
19.741971416864544,200,0.848,
19.750058624893427,200,0.805,
19.760137042030692,200,0.786,
19.77482912503183,200,0.909,
19.78122154204175,200,0.788,
19.79431137489155,200,0.828,
19.802137958817184,200,0.709,
19.81385820871219,200,0.724,
19.823000417090952,200,1.137,
19.830631833989173,200,1.185,
19.84461299981922,200,0.896,
19.851680959109217,200,0.742,
19.863989416975528,200,0.949,
19.871660958975554,200,0.946,
19.884087749756873,200,1.036,
19.890720791649073,200,2.404,
19.901765374932438,200,1.36,
19.913795792032033,200,1.008,
19.92296391678974,200,0.9,
19.9329719170928,200,0.869,
19.94102566689253,200,1.118,
19.95067858370021,200,0.857,
19.960642291698605,200,0.707,
19.974561916664243,200,0.801,
19.980823958758265,200,0.804,
19.9944610837847,,0.446,ConnectionResetError:[Errno 54] Connection reset by peer
20.002031709067523,,0.256,ConnectionRefusedError:[Errno 61] Connection refused
20.013861333951354,,0.221,ConnectionRefusedError:[Errno 61] Connection refused
20.021600416861475,,0.206,ConnectionRefusedError:[Errno 61] Connection refused
20.032377124764025,,0.233,ConnectionRefusedError:[Errno 61] Connection refused
20.04203591682017,,0.216,ConnectionRefusedError:[Errno 61] Connection refused
20.05391599982977,,0.236,ConnectionRefusedError:[Errno 61] Connection refused
20.06005649967119,,0.203,ConnectionRefusedError:[Errno 61] Connection refused
20.070978083647788,,0.184,ConnectionRefusedError:[Errno 61] Connection refused
20.080144291743636,,0.114,ConnectionRefusedError:[Errno 61] Connection refused
20.094901291653514,,0.239,ConnectionRefusedError:[Errno 61] Connection refused
20.101519708987325,,0.16,ConnectionRefusedError:[Errno 61] Connection refused
20.11416241666302,,0.213,ConnectionRefusedError:[Errno 61] Connection refused
20.12281845882535,,0.161,ConnectionRefusedError:[Errno 61] Connection refused
20.133555499836802,,0.158,ConnectionRefusedError:[Errno 61] Connection refused
20.14275454171002,,0.139,ConnectionRefusedError:[Errno 61] Connection refused
20.15215479210019,,0.131,ConnectionRefusedError:[Errno 61] Connection refused
20.163893041666597,,0.202,ConnectionRefusedError:[Errno 61] Connection refused
20.170633083675057,,0.137,ConnectionRefusedError:[Errno 61] Connection refused
20.18190645892173,,0.161,ConnectionRefusedError:[Errno 61] Connection refused
20.19396529207006,,0.141,ConnectionRefusedError:[Errno 61] Connection refused
20.20298141706735,,0.11,ConnectionRefusedError:[Errno 61] Connection refused
20.21053774980828,,0.143,ConnectionRefusedError:[Errno 61] Connection refused
20.224191249813884,,0.189,ConnectionRefusedError:[Errno 61] Connection refused
20.23185716709122,,0.124,ConnectionRefusedError:[Errno 61] Connection refused
20.24341637501493,,0.136,ConnectionRefusedError:[Errno 61] Connection refused
20.251039458904415,,0.147,ConnectionRefusedError:[Errno 61] Connection refused
20.26422187499702,,0.14,ConnectionRefusedError:[Errno 61] Connection refused
20.270796000026166,,0.118,ConnectionRefusedError:[Errno 61] Connection refused
20.28456566669047,,0.162,ConnectionRefusedError:[Errno 61] Connection refused
20.292156249750406,,0.11,ConnectionRefusedError:[Errno 61] Connection refused
20.302295084111392,,0.138,ConnectionRefusedError:[Errno 61] Connection refused
20.3123014587909,,0.117,ConnectionRefusedError:[Errno 61] Connection refused
20.323810416739434,,0.183,ConnectionRefusedError:[Errno 61] Connection refused
20.332904499955475,,0.215,ConnectionRefusedError:[Errno 61] Connection refused
20.34036883385852,,0.176,ConnectionRefusedError:[Errno 61] Connection refused
20.354711541906,,0.232,ConnectionRefusedError:[Errno 61] Connection refused
20.362515416927636,,0.225,ConnectionRefusedError:[Errno 61] Connection refused
20.373600624967366,,0.242,ConnectionRefusedError:[Errno 61] Connection refused
20.383071458898485,,0.217,ConnectionRefusedError:[Errno 61] Connection refused
20.39212791668251,,0.186,ConnectionRefusedError:[Errno 61] Connection refused
20.403881416656077,,0.169,ConnectionRefusedError:[Errno 61] Connection refused
20.410017958842218,,0.186,ConnectionRefusedError:[Errno 61] Connection refused
20.421893292106688,,0.146,ConnectionRefusedError:[Errno 61] Connection refused
20.433997708838433,,0.22,ConnectionRefusedError:[Errno 61] Connection refused
20.442850833758712,,0.241,ConnectionRefusedError:[Errno 61] Connection refused
20.450735291931778,,0.27,ConnectionRefusedError:[Errno 61] Connection refused
20.46150820888579,,0.235,ConnectionRefusedError:[Errno 61] Connection refused
20.472370292060077,,0.283,ConnectionRefusedError:[Errno 61] Connection refused
20.48364841705188,,0.258,ConnectionRefusedError:[Errno 61] Connection refused
20.49308408377692,,0.207,ConnectionRefusedError:[Errno 61] Connection refused
20.50083270901814,,0.202,ConnectionRefusedError:[Errno 61] Connection refused
20.514498374890536,,0.261,ConnectionRefusedError:[Errno 61] Connection refused
20.52010929165408,,0.254,ConnectionRefusedError:[Errno 61] Connection refused
20.534865541849285,,0.258,ConnectionRefusedError:[Errno 61] Connection refused
20.540328874718398,,0.205,ConnectionRefusedError:[Errno 61] Connection refused
20.553081624675542,,0.297,ConnectionRefusedError:[Errno 61] Connection refused
20.561300667002797,,0.184,ConnectionRefusedError:[Errno 61] Connection refused
20.57423433382064,,0.2,ConnectionRefusedError:[Errno 61] Connection refused
20.582551749888808,,0.205,ConnectionRefusedError:[Errno 61] Connection refused
20.591122209094465,,0.188,ConnectionRefusedError:[Errno 61] Connection refused
20.60069908387959,,0.191,ConnectionRefusedError:[Errno 61] Connection refused
20.614566958975047,,0.234,ConnectionRefusedError:[Errno 61] Connection refused
20.6222988339141,,0.218,ConnectionRefusedError:[Errno 61] Connection refused
20.63401395874098,,0.279,ConnectionRefusedError:[Errno 61] Connection refused
20.642440541647375,,0.248,ConnectionRefusedError:[Errno 61] Connection refused
20.65012237476185,,0.288,ConnectionRefusedError:[Errno 61] Connection refused
20.664865667000413,,0.216,ConnectionRefusedError:[Errno 61] Connection refused
20.672493999823928,,0.222,ConnectionRefusedError:[Errno 61] Connection refused
20.683585624676198,,0.33,ConnectionRefusedError:[Errno 61] Connection refused
20.693015709053725,,0.3,ConnectionRefusedError:[Errno 61] Connection refused
20.703358499798924,,0.273,ConnectionRefusedError:[Errno 61] Connection refused
20.71116687497124,,0.266,ConnectionRefusedError:[Errno 61] Connection refused
20.72219620877877,,0.268,ConnectionRefusedError:[Errno 61] Connection refused
20.73281304165721,,0.173,ConnectionRefusedError:[Errno 61] Connection refused
20.741741166915745,,0.211,ConnectionRefusedError:[Errno 61] Connection refused
20.75403649965301,,0.179,ConnectionRefusedError:[Errno 61] Connection refused
20.76786749996245,,0.444,ConnectionRefusedError:[Errno 61] Connection refused
20.770601083990186,,0.397,ConnectionRefusedError:[Errno 61] Connection refused
20.78454558365047,,0.256,ConnectionRefusedError:[Errno 61] Connection refused
20.799221083987504,,1.496,ConnectionRefusedError:[Errno 61] Connection refused
20.8013994586654,,0.566,ConnectionRefusedError:[Errno 61] Connection refused
20.812382999807596,,0.204,ConnectionRefusedError:[Errno 61] Connection refused
20.823663666844368,,0.358,ConnectionRefusedError:[Errno 61] Connection refused
20.83047433383763,,0.255,ConnectionRefusedError:[Errno 61] Connection refused
20.84429508401081,,0.339,ConnectionRefusedError:[Errno 61] Connection refused
20.85187999997288,,0.387,ConnectionRefusedError:[Errno 61] Connection refused
20.860067208763212,,0.28,ConnectionRefusedError:[Errno 61] Connection refused
20.874650541692972,,0.356,ConnectionRefusedError:[Errno 61] Connection refused
20.88252695882693,,0.338,ConnectionRefusedError:[Errno 61] Connection refused
20.890595291741192,,0.306,ConnectionRefusedError:[Errno 61] Connection refused
20.901774167083204,,0.275,ConnectionRefusedError:[Errno 61] Connection refused
20.91396874981001,,0.341,ConnectionRefusedError:[Errno 61] Connection refused
20.922434417065233,,0.312,ConnectionRefusedError:[Errno 61] Connection refused
20.932045999914408,,0.492,ConnectionRefusedError:[Errno 61] Connection refused
20.941729750018567,,0.503,ConnectionRefusedError:[Errno 61] Connection refused
20.954344499856234,,0.396,ConnectionRefusedError:[Errno 61] Connection refused
20.96248024981469,,0.547,ConnectionRefusedError:[Errno 61] Connection refused
20.97356520872563,,0.669,ConnectionRefusedError:[Errno 61] Connection refused
20.98067804193124,,0.431,ConnectionRefusedError:[Errno 61] Connection refused
21.009514333680272,,1.485,ConnectionRefusedError:[Errno 61] Connection refused
21.011269459035248,,0.787,ConnectionRefusedError:[Errno 61] Connection refused
21.01203312491998,,0.227,ConnectionRefusedError:[Errno 61] Connection refused
21.022997499909252,,1.013,ConnectionRefusedError:[Errno 61] Connection refused
21.030531249940395,,0.242,ConnectionRefusedError:[Errno 61] Connection refused
21.04462991701439,,0.282,ConnectionRefusedError:[Errno 61] Connection refused
21.052464209031314,,0.191,ConnectionRefusedError:[Errno 61] Connection refused
21.060089208651334,,0.246,ConnectionRefusedError:[Errno 61] Connection refused
21.070387833751738,,0.245,ConnectionRefusedError:[Errno 61] Connection refused
21.084645874798298,,0.275,ConnectionRefusedError:[Errno 61] Connection refused
21.09072545869276,,0.185,ConnectionRefusedError:[Errno 61] Connection refused
21.10137554164976,,0.249,ConnectionRefusedError:[Errno 61] Connection refused
21.113949041813612,,0.293,ConnectionRefusedError:[Errno 61] Connection refused
21.12295704195276,,0.217,ConnectionRefusedError:[Errno 61] Connection refused
21.130369833670557,,0.182,ConnectionRefusedError:[Errno 61] Connection refused
21.142498124856502,,0.222,ConnectionRefusedError:[Errno 61] Connection refused
21.153586458880454,,0.224,ConnectionRefusedError:[Errno 61] Connection refused
21.162750334013253,,0.185,ConnectionRefusedError:[Errno 61] Connection refused
21.17350274976343,,0.188,ConnectionRefusedError:[Errno 61] Connection refused
21.18186820903793,,0.216,ConnectionRefusedError:[Errno 61] Connection refused
21.192006124649197,,0.159,ConnectionRefusedError:[Errno 61] Connection refused
21.20393924973905,,0.18,ConnectionRefusedError:[Errno 61] Connection refused
21.211605791933835,,0.149,ConnectionRefusedError:[Errno 61] Connection refused
21.224133708979934,,0.37,ConnectionRefusedError:[Errno 61] Connection refused
21.232829291839153,,0.338,ConnectionRefusedError:[Errno 61] Connection refused
21.243396624922752,,0.444,ConnectionRefusedError:[Errno 61] Connection refused
21.252042249776423,,0.319,ConnectionRefusedError:[Errno 61] Connection refused
21.267874208744615,,1.657,ConnectionRefusedError:[Errno 61] Connection refused
21.270085541997105,,0.226,ConnectionRefusedError:[Errno 61] Connection refused
21.284898791927844,,0.387,ConnectionRefusedError:[Errno 61] Connection refused
21.29212591703981,,0.337,ConnectionRefusedError:[Errno 61] Connection refused
21.30415629176423,,0.634,ConnectionRefusedError:[Errno 61] Connection refused
21.312288125045598,,0.44,ConnectionRefusedError:[Errno 61] Connection refused
21.320201375056058,,0.306,ConnectionRefusedError:[Errno 61] Connection refused
21.333612292073667,,0.426,ConnectionRefusedError:[Errno 61] Connection refused
21.342221334110945,,0.456,ConnectionRefusedError:[Errno 61] Connection refused
21.355431417003274,,2.335,ConnectionRefusedError:[Errno 61] Connection refused
21.360180167015642,,0.312,ConnectionRefusedError:[Errno 61] Connection refused
21.37478120904416,,1.245,ConnectionRefusedError:[Errno 61] Connection refused
21.382437916938215,,1.2,ConnectionRefusedError:[Errno 61] Connection refused
21.390474250074476,,0.425,ConnectionRefusedError:[Errno 61] Connection refused
21.401392333675176,,0.416,ConnectionRefusedError:[Errno 61] Connection refused
21.41402787482366,,0.463,ConnectionRefusedError:[Errno 61] Connection refused
21.42275341693312,,0.401,ConnectionRefusedError:[Errno 61] Connection refused
21.432300958782434,,0.269,ConnectionRefusedError:[Errno 61] Connection refused
21.44351187488064,,0.281,ConnectionRefusedError:[Errno 61] Connection refused
21.451274000108242,,0.39,ConnectionRefusedError:[Errno 61] Connection refused
21.466154583729804,,0.758,ConnectionRefusedError:[Errno 61] Connection refused
21.470596166793257,,0.278,ConnectionRefusedError:[Errno 61] Connection refused
21.481176000088453,,0.336,ConnectionRefusedError:[Errno 61] Connection refused
21.491576458793133,,0.311,ConnectionRefusedError:[Errno 61] Connection refused
21.50017008371651,,0.273,ConnectionRefusedError:[Errno 61] Connection refused
21.514659208711237,,0.237,ConnectionRefusedError:[Errno 61] Connection refused
21.52198874996975,,0.221,ConnectionRefusedError:[Errno 61] Connection refused
21.533886208664626,,0.236,ConnectionRefusedError:[Errno 61] Connection refused
21.542917999904603,,0.244,ConnectionRefusedError:[Errno 61] Connection refused
21.553400333970785,,0.23,ConnectionRefusedError:[Errno 61] Connection refused
21.561586166732013,,0.303,ConnectionRefusedError:[Errno 61] Connection refused
21.574058291967958,,0.207,ConnectionRefusedError:[Errno 61] Connection refused
21.581314499955624,,0.174,ConnectionRefusedError:[Errno 61] Connection refused
21.591552124824375,,0.282,ConnectionRefusedError:[Errno 61] Connection refused
21.600281666964293,,0.234,ConnectionRefusedError:[Errno 61] Connection refused
21.61056362465024,,0.186,ConnectionRefusedError:[Errno 61] Connection refused
21.620445041917264,,0.205,ConnectionRefusedError:[Errno 61] Connection refused
21.63042720872909,,0.167,ConnectionRefusedError:[Errno 61] Connection refused
21.642456833738834,,0.213,ConnectionRefusedError:[Errno 61] Connection refused
21.65360291674733,,0.233,ConnectionRefusedError:[Errno 61] Connection refused
21.663103749975562,,0.233,ConnectionRefusedError:[Errno 61] Connection refused
21.67330245906487,,0.217,ConnectionRefusedError:[Errno 61] Connection refused
21.681716999970376,,0.187,ConnectionRefusedError:[Errno 61] Connection refused
21.693240083754063,,0.185,ConnectionRefusedError:[Errno 61] Connection refused
21.700015999842435,,0.188,ConnectionRefusedError:[Errno 61] Connection refused
21.710072124842554,,0.225,ConnectionRefusedError:[Errno 61] Connection refused
21.72026824997738,,0.23,ConnectionRefusedError:[Errno 61] Connection refused
21.730981749948114,,0.218,ConnectionRefusedError:[Errno 61] Connection refused
21.742242749780416,,0.331,ConnectionRefusedError:[Errno 61] Connection refused
21.753796791657805,,0.247,ConnectionRefusedError:[Errno 61] Connection refused
21.763031041715294,,0.231,ConnectionRefusedError:[Errno 61] Connection refused
21.770272833760828,,0.297,ConnectionRefusedError:[Errno 61] Connection refused
21.782016624696553,,0.221,ConnectionRefusedError:[Errno 61] Connection refused
21.793865874875337,,0.226,ConnectionRefusedError:[Errno 61] Connection refused
21.80299154203385,,0.199,ConnectionRefusedError:[Errno 61] Connection refused
21.810087124817073,,0.156,ConnectionRefusedError:[Errno 61] Connection refused
21.824874416925013,,0.171,ConnectionRefusedError:[Errno 61] Connection refused
21.83032129192725,,0.142,ConnectionRefusedError:[Errno 61] Connection refused
21.840441334061325,,0.269,ConnectionRefusedError:[Errno 61] Connection refused
21.854688999708742,,0.25,ConnectionRefusedError:[Errno 61] Connection refused
21.86250124964863,,0.174,ConnectionRefusedError:[Errno 61] Connection refused
21.8727795840241,,0.193,ConnectionRefusedError:[Errno 61] Connection refused
21.882927666883916,,0.329,ConnectionRefusedError:[Errno 61] Connection refused
21.893403249792755,,0.163,ConnectionRefusedError:[Errno 61] Connection refused
21.90101212495938,,0.195,ConnectionRefusedError:[Errno 61] Connection refused
21.91081783408299,,0.142,ConnectionRefusedError:[Errno 61] Connection refused
21.921529584098607,,0.193,ConnectionRefusedError:[Errno 61] Connection refused
21.93412695871666,,0.197,ConnectionRefusedError:[Errno 61] Connection refused
21.942808041814715,,0.188,ConnectionRefusedError:[Errno 61] Connection refused
21.951395124662668,,0.169,ConnectionRefusedError:[Errno 61] Connection refused
21.960081041790545,,0.145,ConnectionRefusedError:[Errno 61] Connection refused
21.974892291706055,,0.279,ConnectionRefusedError:[Errno 61] Connection refused
21.98242491669953,,0.198,ConnectionRefusedError:[Errno 61] Connection refused
21.993711167015135,,0.26,ConnectionRefusedError:[Errno 61] Connection refused
22.001497209072113,,0.227,ConnectionRefusedError:[Errno 61] Connection refused
22.01377283409238,,0.203,ConnectionRefusedError:[Errno 61] Connection refused
22.020076499786228,,0.256,ConnectionRefusedError:[Errno 61] Connection refused
22.03484462480992,,0.206,ConnectionRefusedError:[Errno 61] Connection refused
22.04113412508741,,0.217,ConnectionRefusedError:[Errno 61] Connection refused
22.054043000098318,,0.244,ConnectionRefusedError:[Errno 61] Connection refused
22.061783083714545,,0.153,ConnectionRefusedError:[Errno 61] Connection refused
22.07405229192227,,0.215,ConnectionRefusedError:[Errno 61] Connection refused
22.08175558410585,,0.455,ConnectionRefusedError:[Errno 61] Connection refused
22.09266258403659,,0.5,ConnectionRefusedError:[Errno 61] Connection refused
22.10215916670859,,0.558,ConnectionRefusedError:[Errno 61] Connection refused
22.11064620874822,,0.493,ConnectionRefusedError:[Errno 61] Connection refused
22.12315483391285,,0.47,ConnectionRefusedError:[Errno 61] Connection refused
22.13020170899108,,0.389,ConnectionRefusedError:[Errno 61] Connection refused
22.1433346667327,,0.309,ConnectionRefusedError:[Errno 61] Connection refused
22.152542458847165,,0.313,ConnectionRefusedError:[Errno 61] Connection refused
22.161290375050157,,0.304,ConnectionRefusedError:[Errno 61] Connection refused
22.17077795881778,,0.276,ConnectionRefusedError:[Errno 61] Connection refused
22.184506209101528,,0.636,ConnectionRefusedError:[Errno 61] Connection refused
22.190470583736897,,0.32,ConnectionRefusedError:[Errno 61] Connection refused
22.2025424586609,,0.366,ConnectionRefusedError:[Errno 61] Connection refused
22.212199749890715,,3.663,ConnectionRefusedError:[Errno 61] Connection refused
22.22133604204282,,0.297,ConnectionRefusedError:[Errno 61] Connection refused
22.234227374661714,,0.244,ConnectionRefusedError:[Errno 61] Connection refused
22.240561791695654,,0.333,ConnectionRefusedError:[Errno 61] Connection refused
22.254528124816716,,0.269,ConnectionRefusedError:[Errno 61] Connection refused
22.262265583965927,,0.251,ConnectionRefusedError:[Errno 61] Connection refused
22.271216541994363,,0.215,ConnectionRefusedError:[Errno 61] Connection refused
22.284293666947633,,0.252,ConnectionRefusedError:[Errno 61] Connection refused
22.292662791907787,,0.228,ConnectionRefusedError:[Errno 61] Connection refused
22.303585291840136,,0.368,ConnectionRefusedError:[Errno 61] Connection refused
22.311945458874106,,0.269,ConnectionRefusedError:[Errno 61] Connection refused
22.3220167090185,,0.268,ConnectionRefusedError:[Errno 61] Connection refused
22.330028624739498,,0.255,ConnectionRefusedError:[Errno 61] Connection refused
22.340095499996096,,0.44,ConnectionRefusedError:[Errno 61] Connection refused
22.35478787496686,,0.232,ConnectionRefusedError:[Errno 61] Connection refused
22.36244466667995,,0.146,ConnectionRefusedError:[Errno 61] Connection refused
22.373721541836858,,0.186,ConnectionRefusedError:[Errno 61] Connection refused
22.381362999789417,,0.169,ConnectionRefusedError:[Errno 61] Connection refused
22.394254041835666,,0.143,ConnectionRefusedError:[Errno 61] Connection refused
22.401900416705757,,0.173,ConnectionRefusedError:[Errno 61] Connection refused
22.412940917070955,,0.173,ConnectionRefusedError:[Errno 61] Connection refused
22.4203102090396,,0.185,ConnectionRefusedError:[Errno 61] Connection refused
22.434774791821837,,0.19,ConnectionRefusedError:[Errno 61] Connection refused
22.44128229189664,,0.172,ConnectionRefusedError:[Errno 61] Connection refused
22.453400666825473,,0.193,ConnectionRefusedError:[Errno 61] Connection refused
22.46004437468946,,0.237,ConnectionRefusedError:[Errno 61] Connection refused
22.47040441678837,,0.492,ConnectionRefusedError:[Errno 61] Connection refused
22.484484625048935,,0.254,ConnectionRefusedError:[Errno 61] Connection refused
22.49233412509784,,0.193,ConnectionRefusedError:[Errno 61] Connection refused
22.50374916708097,,0.21,ConnectionRefusedError:[Errno 61] Connection refused
22.513033041730523,,0.206,ConnectionRefusedError:[Errno 61] Connection refused
22.52338366676122,,0.296,ConnectionRefusedError:[Errno 61] Connection refused
22.532962209079415,,0.244,ConnectionRefusedError:[Errno 61] Connection refused
22.543390916660428,,0.951,ConnectionRefusedError:[Errno 61] Connection refused
22.551529499702156,,0.265,ConnectionRefusedError:[Errno 61] Connection refused
22.564124791882932,,0.423,ConnectionRefusedError:[Errno 61] Connection refused
22.57097070896998,,0.33,ConnectionRefusedError:[Errno 61] Connection refused
22.58247904200107,,0.354,ConnectionRefusedError:[Errno 61] Connection refused
22.59123554173857,,0.297,ConnectionRefusedError:[Errno 61] Connection refused
22.604163416661322,,0.322,ConnectionRefusedError:[Errno 61] Connection refused
22.612697291653603,,0.5,ConnectionRefusedError:[Errno 61] Connection refused
22.623379833996296,,0.417,ConnectionRefusedError:[Errno 61] Connection refused
22.637953625060618,,0.311,ConnectionRefusedError:[Errno 61] Connection refused
22.640422834083438,,0.237,ConnectionRefusedError:[Errno 61] Connection refused
22.65463420888409,,0.277,ConnectionRefusedError:[Errno 61] Connection refused
22.66255429200828,,0.216,ConnectionRefusedError:[Errno 61] Connection refused
22.673628041986376,,0.387,ConnectionRefusedError:[Errno 61] Connection refused
22.680534208659083,,0.298,ConnectionRefusedError:[Errno 61] Connection refused
22.69344220869243,,0.308,ConnectionRefusedError:[Errno 61] Connection refused
22.700173541903496,,0.715,ConnectionRefusedError:[Errno 61] Connection refused
22.710072374902666,,0.414,ConnectionRefusedError:[Errno 61] Connection refused
22.724656583741307,,0.474,ConnectionRefusedError:[Errno 61] Connection refused
22.732467958703637,,0.289,ConnectionRefusedError:[Errno 61] Connection refused
22.741826334036887,,0.381,ConnectionRefusedError:[Errno 61] Connection refused
22.75046129198745,,0.426,ConnectionRefusedError:[Errno 61] Connection refused
22.763000041712075,,0.327,ConnectionRefusedError:[Errno 61] Connection refused
22.771065749693662,,0.498,ConnectionRefusedError:[Errno 61] Connection refused
22.781215250026435,,0.834,ConnectionRefusedError:[Errno 61] Connection refused
22.793218624778092,,0.48,ConnectionRefusedError:[Errno 61] Connection refused
22.801323916763067,,0.317,ConnectionRefusedError:[Errno 61] Connection refused
22.81179599976167,,0.259,ConnectionRefusedError:[Errno 61] Connection refused
22.823981625027955,,0.297,ConnectionRefusedError:[Errno 61] Connection refused
22.832854666747153,,0.335,ConnectionRefusedError:[Errno 61] Connection refused
22.840623083990067,,0.283,ConnectionRefusedError:[Errno 61] Connection refused
22.853060249704868,,8.188,ConnectionRefusedError:[Errno 61] Connection refused
22.865208833944052,,0.677,ConnectionRefusedError:[Errno 61] Connection refused
22.870212958659977,,0.246,ConnectionRefusedError:[Errno 61] Connection refused
22.88324745884165,,0.281,ConnectionRefusedError:[Errno 61] Connection refused
22.891568624880165,,0.238,ConnectionRefusedError:[Errno 61] Connection refused
22.90410929173231,,0.222,ConnectionRefusedError:[Errno 61] Connection refused
22.910487999673933,,0.219,ConnectionRefusedError:[Errno 61] Connection refused
22.922511084005237,,0.402,ConnectionRefusedError:[Errno 61] Connection refused
22.931200250051916,,0.35,ConnectionRefusedError:[Errno 61] Connection refused
22.941663541831076,,0.34,ConnectionRefusedError:[Errno 61] Connection refused
22.95023720897734,,0.383,ConnectionRefusedError:[Errno 61] Connection refused
22.96021708380431,,0.332,ConnectionRefusedError:[Errno 61] Connection refused
22.972773708868772,,0.803,ConnectionRefusedError:[Errno 61] Connection refused
22.981053249910474,,0.259,ConnectionRefusedError:[Errno 61] Connection refused
22.99071558378637,,0.418,ConnectionRefusedError:[Errno 61] Connection refused
23.001379708759487,,0.29,ConnectionRefusedError:[Errno 61] Connection refused
23.014109083916992,,0.248,ConnectionRefusedError:[Errno 61] Connection refused
23.022794417105615,,0.264,ConnectionRefusedError:[Errno 61] Connection refused
23.031851584091783,,0.204,ConnectionRefusedError:[Errno 61] Connection refused
23.04318508366123,,1.266,ConnectionRefusedError:[Errno 61] Connection refused
23.050020250026137,,0.276,ConnectionRefusedError:[Errno 61] Connection refused
23.061884166672826,,0.201,ConnectionRefusedError:[Errno 61] Connection refused
23.073902416974306,,0.262,ConnectionRefusedError:[Errno 61] Connection refused
23.082900291774422,,0.238,ConnectionRefusedError:[Errno 61] Connection refused
23.090618124697357,,0.182,ConnectionRefusedError:[Errno 61] Connection refused
23.104253584053367,,0.195,ConnectionRefusedError:[Errno 61] Connection refused
23.111442416906357,,0.249,ConnectionRefusedError:[Errno 61] Connection refused
23.12305658403784,,0.21,ConnectionRefusedError:[Errno 61] Connection refused
23.13334608403966,,0.268,ConnectionRefusedError:[Errno 61] Connection refused
23.143173333723098,,0.266,ConnectionRefusedError:[Errno 61] Connection refused
23.150031874887645,,0.203,ConnectionRefusedError:[Errno 61] Connection refused
23.16137949982658,,0.248,ConnectionRefusedError:[Errno 61] Connection refused
23.172490749973804,,0.2,ConnectionRefusedError:[Errno 61] Connection refused
23.182417249772698,,0.549,ConnectionRefusedError:[Errno 61] Connection refused
23.193587166722864,,0.23,ConnectionRefusedError:[Errno 61] Connection refused
23.203066499903798,,0.163,ConnectionRefusedError:[Errno 61] Connection refused
23.212711666710675,,0.233,ConnectionRefusedError:[Errno 61] Connection refused
23.22158516710624,,0.246,ConnectionRefusedError:[Errno 61] Connection refused
23.234144374728203,,0.23,ConnectionRefusedError:[Errno 61] Connection refused
23.241185291670263,,0.23,ConnectionRefusedError:[Errno 61] Connection refused
23.25109558366239,,0.206,ConnectionRefusedError:[Errno 61] Connection refused
23.26512070884928,,0.237,ConnectionRefusedError:[Errno 61] Connection refused
23.27047749981284,,0.213,ConnectionRefusedError:[Errno 61] Connection refused
23.28358754189685,,0.222,ConnectionRefusedError:[Errno 61] Connection refused
23.291219708975405,,0.252,ConnectionRefusedError:[Errno 61] Connection refused
23.304332375060767,,0.511,ConnectionRefusedError:[Errno 61] Connection refused
23.310465666931123,,0.44,ConnectionRefusedError:[Errno 61] Connection refused
23.32310154195875,,0.458,ConnectionRefusedError:[Errno 61] Connection refused
23.332044541835785,,0.408,ConnectionRefusedError:[Errno 61] Connection refused
23.343500124756247,,0.45,ConnectionRefusedError:[Errno 61] Connection refused
23.351218374911696,,0.264,ConnectionRefusedError:[Errno 61] Connection refused
23.36403862480074,,0.338,ConnectionRefusedError:[Errno 61] Connection refused
23.37045562500134,,0.284,ConnectionRefusedError:[Errno 61] Connection refused
23.383655000012368,,0.463,ConnectionRefusedError:[Errno 61] Connection refused
23.4015250839293,,1.227,ConnectionRefusedError:[Errno 61] Connection refused
23.403206541668624,,0.329,ConnectionRefusedError:[Errno 61] Connection refused
23.411103333812207,,0.525,ConnectionRefusedError:[Errno 61] Connection refused
23.42427624994889,,0.271,ConnectionRefusedError:[Errno 61] Connection refused
23.43009274965152,,0.237,ConnectionRefusedError:[Errno 61] Connection refused
23.44262433378026,,0.239,ConnectionRefusedError:[Errno 61] Connection refused
23.451269750017673,,0.285,ConnectionRefusedError:[Errno 61] Connection refused
23.460058792028576,,0.26,ConnectionRefusedError:[Errno 61] Connection refused
23.474778667092323,,0.253,ConnectionRefusedError:[Errno 61] Connection refused
23.4824355840683,,0.239,ConnectionRefusedError:[Errno 61] Connection refused
23.490578416734934,,0.148,ConnectionRefusedError:[Errno 61] Connection refused
23.503623958677053,,0.171,ConnectionRefusedError:[Errno 61] Connection refused
23.51312508387491,,0.234,ConnectionRefusedError:[Errno 61] Connection refused
23.521169167011976,,0.25,ConnectionRefusedError:[Errno 61] Connection refused
23.53356850007549,,0.319,ConnectionRefusedError:[Errno 61] Connection refused
23.542994083836675,,0.272,ConnectionRefusedError:[Errno 61] Connection refused
23.55001899972558,,0.297,ConnectionRefusedError:[Errno 61] Connection refused
23.564830666873604,,0.259,ConnectionRefusedError:[Errno 61] Connection refused
23.572371250018477,,0.303,ConnectionRefusedError:[Errno 61] Connection refused
23.583677291870117,,0.218,ConnectionRefusedError:[Errno 61] Connection refused
23.592921083793044,,0.242,ConnectionRefusedError:[Errno 61] Connection refused
23.60137883387506,,0.245,ConnectionRefusedError:[Errno 61] Connection refused
23.610470625106245,,0.209,ConnectionRefusedError:[Errno 61] Connection refused
23.620083583984524,,0.179,ConnectionRefusedError:[Errno 61] Connection refused
23.632759917061776,,0.191,ConnectionRefusedError:[Errno 61] Connection refused
23.640565041918308,,0.25,ConnectionRefusedError:[Errno 61] Connection refused
23.6523882499896,,0.213,ConnectionRefusedError:[Errno 61] Connection refused
23.66031233407557,,0.176,ConnectionRefusedError:[Errno 61] Connection refused
23.673758416902274,,0.24,ConnectionRefusedError:[Errno 61] Connection refused
23.682943124789745,,0.228,ConnectionRefusedError:[Errno 61] Connection refused
23.6934575419873,,0.284,ConnectionRefusedError:[Errno 61] Connection refused
23.700605500023812,,0.291,ConnectionRefusedError:[Errno 61] Connection refused
23.714547999668866,,0.211,ConnectionRefusedError:[Errno 61] Connection refused
23.72013174975291,,0.203,ConnectionRefusedError:[Errno 61] Connection refused
23.73484916705638,,0.241,ConnectionRefusedError:[Errno 61] Connection refused
23.742466583848,,0.237,ConnectionRefusedError:[Errno 61] Connection refused
23.75329704210162,,0.208,ConnectionRefusedError:[Errno 61] Connection refused
23.760058041661978,,0.158,ConnectionRefusedError:[Errno 61] Connection refused
23.77131741680205,,0.163,ConnectionRefusedError:[Errno 61] Connection refused
23.783568166662008,,0.203,ConnectionRefusedError:[Errno 61] Connection refused
23.79110479168594,,0.172,ConnectionRefusedError:[Errno 61] Connection refused
23.801593542099,,0.172,ConnectionRefusedError:[Errno 61] Connection refused
23.811713916715235,,0.168,ConnectionRefusedError:[Errno 61] Connection refused
23.824097416829318,,0.43,ConnectionRefusedError:[Errno 61] Connection refused
23.834517125040293,,0.494,ConnectionRefusedError:[Errno 61] Connection refused
23.842125250026584,,0.303,ConnectionRefusedError:[Errno 61] Connection refused
23.850422041956335,,0.219,ConnectionRefusedError:[Errno 61] Connection refused
23.862682667095214,,0.267,ConnectionRefusedError:[Errno 61] Connection refused
23.871603792067617,,0.226,ConnectionRefusedError:[Errno 61] Connection refused
23.88298354204744,,0.276,ConnectionRefusedError:[Errno 61] Connection refused
23.890055666677654,,0.413,ConnectionRefusedError:[Errno 61] Connection refused
23.900996666867286,,0.209,ConnectionRefusedError:[Errno 61] Connection refused
23.914347333833575,,0.139,ConnectionRefusedError:[Errno 61] Connection refused
23.922159374691546,,0.174,ConnectionRefusedError:[Errno 61] Connection refused
23.933845249935985,,0.21,ConnectionRefusedError:[Errno 61] Connection refused
23.94149758387357,,0.2,ConnectionRefusedError:[Errno 61] Connection refused
23.954103499650955,,0.219,ConnectionRefusedError:[Errno 61] Connection refused
23.96285020885989,,0.146,ConnectionRefusedError:[Errno 61] Connection refused
23.972725708968937,,0.133,ConnectionRefusedError:[Errno 61] Connection refused
23.983583583962172,,0.186,ConnectionRefusedError:[Errno 61] Connection refused
23.991356916725636,,0.162,ConnectionRefusedError:[Errno 61] Connection refused
24.00425154203549,,0.255,ConnectionRefusedError:[Errno 61] Connection refused
24.011848624795675,,0.176,ConnectionRefusedError:[Errno 61] Connection refused
24.024015916977078,,0.22,ConnectionRefusedError:[Errno 61] Connection refused
24.030907459091395,,0.195,ConnectionRefusedError:[Errno 61] Connection refused
24.044144958723336,,0.283,ConnectionRefusedError:[Errno 61] Connection refused
24.05282354168594,,0.278,ConnectionRefusedError:[Errno 61] Connection refused
24.06154049979523,,0.216,ConnectionRefusedError:[Errno 61] Connection refused
24.074159875046462,,0.306,ConnectionRefusedError:[Errno 61] Connection refused
24.082048666663468,,0.266,ConnectionRefusedError:[Errno 61] Connection refused
24.093898833729327,,0.331,ConnectionRefusedError:[Errno 61] Connection refused
24.101594584062696,,0.343,ConnectionRefusedError:[Errno 61] Connection refused
24.11019983375445,,0.397,ConnectionRefusedError:[Errno 61] Connection refused
24.122732041869313,,0.679,ConnectionRefusedError:[Errno 61] Connection refused
24.13299591699615,,0.651,ConnectionRefusedError:[Errno 61] Connection refused
24.142866333946586,,0.959,ConnectionRefusedError:[Errno 61] Connection refused
24.153075667098165,,0.253,ConnectionRefusedError:[Errno 61] Connection refused
24.162909749895334,,0.321,ConnectionRefusedError:[Errno 61] Connection refused
24.170665791723877,,0.451,ConnectionRefusedError:[Errno 61] Connection refused
24.183449999894947,,0.197,ConnectionRefusedError:[Errno 61] Connection refused
24.191317916847765,,0.574,ConnectionRefusedError:[Errno 61] Connection refused
24.20050841709599,,0.323,ConnectionRefusedError:[Errno 61] Connection refused
24.213346750009805,,0.436,ConnectionRefusedError:[Errno 61] Connection refused
24.223087208811194,,0.627,ConnectionRefusedError:[Errno 61] Connection refused
24.232791250105947,,0.256,ConnectionRefusedError:[Errno 61] Connection refused
24.241596499923617,,0.394,ConnectionRefusedError:[Errno 61] Connection refused
24.253898124676198,,0.209,ConnectionRefusedError:[Errno 61] Connection refused
24.26567329186946,,0.296,ConnectionRefusedError:[Errno 61] Connection refused
24.27137904195115,,0.271,ConnectionRefusedError:[Errno 61] Connection refused
24.283974583726376,,0.231,ConnectionRefusedError:[Errno 61] Connection refused
24.291738624684513,,0.283,ConnectionRefusedError:[Errno 61] Connection refused
24.302668625023216,,0.311,ConnectionRefusedError:[Errno 61] Connection refused
24.314354958944023,,0.307,ConnectionRefusedError:[Errno 61] Connection refused
24.322501124814153,,0.246,ConnectionRefusedError:[Errno 61] Connection refused
24.33035674970597,,0.206,ConnectionRefusedError:[Errno 61] Connection refused
24.342120334040374,,0.288,ConnectionRefusedError:[Errno 61] Connection refused
24.350481499917805,,0.295,ConnectionRefusedError:[Errno 61] Connection refused
24.36070766672492,,0.3,ConnectionRefusedError:[Errno 61] Connection refused
24.371372249908745,,0.461,ConnectionRefusedError:[Errno 61] Connection refused
24.404829499777406,,0.999,ConnectionRefusedError:[Errno 61] Connection refused
24.407742416951805,,0.935,ConnectionRefusedError:[Errno 61] Connection refused
24.408513916656375,,0.359,ConnectionRefusedError:[Errno 61] Connection refused
24.410473374649882,,0.175,ConnectionRefusedError:[Errno 61] Connection refused
24.420547666959465,,0.183,ConnectionRefusedError:[Errno 61] Connection refused
24.434578999876976,,0.291,ConnectionRefusedError:[Errno 61] Connection refused
24.440344833768904,,0.208,ConnectionRefusedError:[Errno 61] Connection refused
24.45151033392176,,0.574,ConnectionRefusedError:[Errno 61] Connection refused
24.462439249735326,,0.298,ConnectionRefusedError:[Errno 61] Connection refused
24.473580166697502,,0.248,ConnectionRefusedError:[Errno 61] Connection refused
24.48303558398038,,0.286,ConnectionRefusedError:[Errno 61] Connection refused
24.49330395879224,,0.271,ConnectionRefusedError:[Errno 61] Connection refused
24.503132584039122,,0.353,ConnectionRefusedError:[Errno 61] Connection refused
24.511469124816358,,0.242,ConnectionRefusedError:[Errno 61] Connection refused
24.524111916776747,,0.258,ConnectionRefusedError:[Errno 61] Connection refused
24.531495791859925,,0.201,ConnectionRefusedError:[Errno 61] Connection refused
24.544054166879505,,0.258,ConnectionRefusedError:[Errno 61] Connection refused
24.552737459074706,,0.15,ConnectionRefusedError:[Errno 61] Connection refused
24.562039874959737,,0.226,ConnectionRefusedError:[Errno 61] Connection refused
24.573837749660015,,0.255,ConnectionRefusedError:[Errno 61] Connection refused
24.58214516704902,,0.179,ConnectionRefusedError:[Errno 61] Connection refused
24.592974541708827,,0.18,ConnectionRefusedError:[Errno 61] Connection refused
24.603420208673924,,0.236,ConnectionRefusedError:[Errno 61] Connection refused
24.613174374680966,,0.172,ConnectionRefusedError:[Errno 61] Connection refused
24.622769792098552,,0.17,ConnectionRefusedError:[Errno 61] Connection refused
24.632881499826908,,0.164,ConnectionRefusedError:[Errno 61] Connection refused
24.640539084095508,,0.152,ConnectionRefusedError:[Errno 61] Connection refused
24.65466241678223,,0.21,ConnectionRefusedError:[Errno 61] Connection refused
24.662496875040233,,0.246,ConnectionRefusedError:[Errno 61] Connection refused
24.670276874676347,,0.201,ConnectionRefusedError:[Errno 61] Connection refused
24.684784959070385,,0.203,ConnectionRefusedError:[Errno 61] Connection refused
24.692532625049353,,0.141,ConnectionRefusedError:[Errno 61] Connection refused
24.702424209099263,,0.242,ConnectionRefusedError:[Errno 61] Connection refused
24.713559084106237,,0.197,ConnectionRefusedError:[Errno 61] Connection refused
24.721551708877087,,0.236,ConnectionRefusedError:[Errno 61] Connection refused
24.73254479188472,,0.247,ConnectionRefusedError:[Errno 61] Connection refused
24.74359470885247,,0.166,ConnectionRefusedError:[Errno 61] Connection refused
24.75263479165733,,0.156,ConnectionRefusedError:[Errno 61] Connection refused
24.763619999866933,,0.173,ConnectionRefusedError:[Errno 61] Connection refused
24.772655291948467,,0.135,ConnectionRefusedError:[Errno 61] Connection refused
24.78361204173416,,0.347,ConnectionRefusedError:[Errno 61] Connection refused
24.792752292007208,,0.304,ConnectionRefusedError:[Errno 61] Connection refused
24.800833374727517,,0.308,ConnectionRefusedError:[Errno 61] Connection refused
24.819051583763212,,0.763,ConnectionRefusedError:[Errno 61] Connection refused
24.82031612470746,,0.362,ConnectionRefusedError:[Errno 61] Connection refused
24.83119491674006,,0.338,ConnectionRefusedError:[Errno 61] Connection refused
24.84149133367464,,0.191,ConnectionRefusedError:[Errno 61] Connection refused
24.850124000106007,,0.218,ConnectionRefusedError:[Errno 61] Connection refused
24.86485949996859,,0.178,ConnectionRefusedError:[Errno 61] Connection refused
24.870023083873093,,0.206,ConnectionRefusedError:[Errno 61] Connection refused
24.88487583398819,,0.175,ConnectionRefusedError:[Errno 61] Connection refused
24.890703584067523,,0.158,ConnectionRefusedError:[Errno 61] Connection refused
24.904513583984226,,0.191,ConnectionRefusedError:[Errno 61] Connection refused
24.912663334049284,,0.175,ConnectionRefusedError:[Errno 61] Connection refused
24.92037466680631,,0.216,ConnectionRefusedError:[Errno 61] Connection refused
24.930587667040527,,0.311,ConnectionRefusedError:[Errno 61] Connection refused
24.944545374717563,,0.234,ConnectionRefusedError:[Errno 61] Connection refused
24.9505389588885,,0.211,ConnectionRefusedError:[Errno 61] Connection refused
24.96033904189244,,0.157,ConnectionRefusedError:[Errno 61] Connection refused
24.98707962501794,,0.681,ConnectionRefusedError:[Errno 61] Connection refused
24.98771437490359,,0.338,ConnectionRefusedError:[Errno 61] Connection refused
24.990920084062964,,0.183,ConnectionRefusedError:[Errno 61] Connection refused
25.004334500059485,,0.218,ConnectionRefusedError:[Errno 61] Connection refused
25.011945416685194,,0.162,ConnectionRefusedError:[Errno 61] Connection refused
25.021376291755587,,0.155,ConnectionRefusedError:[Errno 61] Connection refused
25.03279162477702,,0.228,ConnectionRefusedError:[Errno 61] Connection refused
25.043772583827376,,0.21,ConnectionRefusedError:[Errno 61] Connection refused
25.052787750028074,,0.469,ConnectionRefusedError:[Errno 61] Connection refused
25.067678624764085,,0.276,ConnectionRefusedError:[Errno 61] Connection refused
25.07070349995047,,0.464,ConnectionRefusedError:[Errno 61] Connection refused
25.08074108371511,,1.179,ConnectionRefusedError:[Errno 61] Connection refused
25.092441166751087,,7.901,ConnectionRefusedError:[Errno 61] Connection refused
25.100510583724827,,0.273,ConnectionRefusedError:[Errno 61] Connection refused
25.11442616675049,,0.218,ConnectionRefusedError:[Errno 61] Connection refused
25.121196833904833,,0.388,ConnectionRefusedError:[Errno 61] Connection refused
25.132781541906297,,0.407,ConnectionRefusedError:[Errno 61] Connection refused
25.1433749999851,,0.24,ConnectionRefusedError:[Errno 61] Connection refused
25.153175916988403,,0.223,ConnectionRefusedError:[Errno 61] Connection refused
25.161971209105104,,0.203,ConnectionRefusedError:[Errno 61] Connection refused
25.172582000028342,,0.21,ConnectionRefusedError:[Errno 61] Connection refused
25.183611291926354,,0.243,ConnectionRefusedError:[Errno 61] Connection refused
25.191379124764353,,0.186,ConnectionRefusedError:[Errno 61] Connection refused
25.204236791934818,,0.194,ConnectionRefusedError:[Errno 61] Connection refused
25.212724624667317,,0.15,ConnectionRefusedError:[Errno 61] Connection refused
25.2230340000242,,0.153,ConnectionRefusedError:[Errno 61] Connection refused
25.233421583659947,,0.208,ConnectionRefusedError:[Errno 61] Connection refused
25.24110266705975,,0.221,ConnectionRefusedError:[Errno 61] Connection refused
25.254340416751802,,0.239,ConnectionRefusedError:[Errno 61] Connection refused
25.262692791875452,,0.2,ConnectionRefusedError:[Errno 61] Connection refused
25.272691333666444,,0.207,ConnectionRefusedError:[Errno 61] Connection refused
25.281609166879207,,0.228,ConnectionRefusedError:[Errno 61] Connection refused
25.292579958681017,,0.213,ConnectionRefusedError:[Errno 61] Connection refused
25.30287641705945,,0.284,ConnectionRefusedError:[Errno 61] Connection refused
25.314080209005624,,0.229,ConnectionRefusedError:[Errno 61] Connection refused
25.322728875093162,,0.508,ConnectionRefusedError:[Errno 61] Connection refused
25.33324091695249,,0.391,ConnectionRefusedError:[Errno 61] Connection refused
25.34012974984944,,0.281,ConnectionRefusedError:[Errno 61] Connection refused
25.35140649974346,,0.292,ConnectionRefusedError:[Errno 61] Connection refused
25.364166041836143,,0.211,ConnectionRefusedError:[Errno 61] Connection refused
25.372793749906123,,0.256,ConnectionRefusedError:[Errno 61] Connection refused
25.383461416698992,,0.271,ConnectionRefusedError:[Errno 61] Connection refused
25.39006624976173,,0.358,ConnectionRefusedError:[Errno 61] Connection refused
25.404647749848664,,0.235,ConnectionRefusedError:[Errno 61] Connection refused
25.412540291901678,,0.223,ConnectionRefusedError:[Errno 61] Connection refused
25.423546083737165,,0.251,ConnectionRefusedError:[Errno 61] Connection refused
25.430238333996385,,0.199,ConnectionRefusedError:[Errno 61] Connection refused
25.444755124859512,,0.208,ConnectionRefusedError:[Errno 61] Connection refused
25.45196162490174,,0.181,ConnectionRefusedError:[Errno 61] Connection refused
25.463946166913956,,0.176,ConnectionRefusedError:[Errno 61] Connection refused
25.472166209015995,,0.23,ConnectionRefusedError:[Errno 61] Connection refused
25.481369416695088,,0.193,ConnectionRefusedError:[Errno 61] Connection refused
25.494210708886385,,0.221,ConnectionRefusedError:[Errno 61] Connection refused
25.50154637498781,,0.205,ConnectionRefusedError:[Errno 61] Connection refused
25.514126291964203,,0.201,ConnectionRefusedError:[Errno 61] Connection refused
25.522837209049612,,0.155,ConnectionRefusedError:[Errno 61] Connection refused
25.533525874838233,,0.223,ConnectionRefusedError:[Errno 61] Connection refused
25.54313045879826,,0.197,ConnectionRefusedError:[Errno 61] Connection refused
25.552178834099323,,0.209,ConnectionRefusedError:[Errno 61] Connection refused
25.56367400009185,,0.279,ConnectionRefusedError:[Errno 61] Connection refused
25.571498834062368,,0.379,ConnectionRefusedError:[Errno 61] Connection refused
25.58063799981028,,0.333,ConnectionRefusedError:[Errno 61] Connection refused
25.594315291848034,,0.184,ConnectionRefusedError:[Errno 61] Connection refused
25.602381291799247,,0.195,ConnectionRefusedError:[Errno 61] Connection refused
25.61011916678399,,0.115,ConnectionRefusedError:[Errno 61] Connection refused
25.624889709055424,,0.208,ConnectionRefusedError:[Errno 61] Connection refused
25.630126708652824,,0.234,ConnectionRefusedError:[Errno 61] Connection refused
25.64006649982184,,0.198,ConnectionRefusedError:[Errno 61] Connection refused
25.650313791818917,,0.287,ConnectionRefusedError:[Errno 61] Connection refused
25.66321258386597,,0.24,ConnectionRefusedError:[Errno 61] Connection refused
25.67266416689381,,0.19,ConnectionRefusedError:[Errno 61] Connection refused
25.683528041932732,,0.145,ConnectionRefusedError:[Errno 61] Connection refused
25.69115429185331,,0.179,ConnectionRefusedError:[Errno 61] Connection refused
25.704381125047803,,0.188,ConnectionRefusedError:[Errno 61] Connection refused
25.71268912497908,,0.18,ConnectionRefusedError:[Errno 61] Connection refused
25.723584916908294,,0.211,ConnectionRefusedError:[Errno 61] Connection refused
25.733084499835968,,0.183,ConnectionRefusedError:[Errno 61] Connection refused
25.742311083711684,,0.154,ConnectionRefusedError:[Errno 61] Connection refused
25.753786416724324,,0.188,ConnectionRefusedError:[Errno 61] Connection refused
25.763021458871663,,0.16,ConnectionRefusedError:[Errno 61] Connection refused
25.770605499856174,,0.116,ConnectionRefusedError:[Errno 61] Connection refused
25.783205084037036,,0.156,ConnectionRefusedError:[Errno 61] Connection refused
25.79333266709,,0.175,ConnectionRefusedError:[Errno 61] Connection refused
25.80036187497899,,0.217,ConnectionRefusedError:[Errno 61] Connection refused
25.81154120899737,,0.221,ConnectionRefusedError:[Errno 61] Connection refused
25.82324037468061,,0.161,ConnectionRefusedError:[Errno 61] Connection refused
25.832266834098846,,0.179,ConnectionRefusedError:[Errno 61] Connection refused
25.84380737505853,,0.19,ConnectionRefusedError:[Errno 61] Connection refused
25.85142758395523,,0.135,ConnectionRefusedError:[Errno 61] Connection refused
25.86272754194215,,0.142,ConnectionRefusedError:[Errno 61] Connection refused
25.8702044589445,,0.172,ConnectionRefusedError:[Errno 61] Connection refused
25.88358087465167,,0.165,ConnectionRefusedError:[Errno 61] Connection refused
25.891234959010035,,0.148,ConnectionRefusedError:[Errno 61] Connection refused
25.90159250004217,,0.197,ConnectionRefusedError:[Errno 61] Connection refused
25.911956541705877,,0.149,ConnectionRefusedError:[Errno 61] Connection refused
25.923934875056148,,0.184,ConnectionRefusedError:[Errno 61] Connection refused
25.931993375066668,,0.234,ConnectionRefusedError:[Errno 61] Connection refused
25.942839541938156,,0.149,ConnectionRefusedError:[Errno 61] Connection refused
25.95048191677779,,0.144,ConnectionRefusedError:[Errno 61] Connection refused
25.960249375086278,,0.248,ConnectionRefusedError:[Errno 61] Connection refused
25.970093791838735,,0.198,ConnectionRefusedError:[Errno 61] Connection refused
25.98278412502259,,0.176,ConnectionRefusedError:[Errno 61] Connection refused
25.990285916719586,,0.122,ConnectionRefusedError:[Errno 61] Connection refused
26.000040874816477,,0.19,ConnectionRefusedError:[Errno 61] Connection refused
26.011958084069192,,0.169,ConnectionRefusedError:[Errno 61] Connection refused
26.02395174978301,,0.187,ConnectionRefusedError:[Errno 61] Connection refused
26.032910166773945,,0.204,ConnectionRefusedError:[Errno 61] Connection refused
26.04327170876786,,0.17,ConnectionRefusedError:[Errno 61] Connection refused
26.05330508388579,,0.178,ConnectionRefusedError:[Errno 61] Connection refused
26.063290166668594,,0.131,ConnectionRefusedError:[Errno 61] Connection refused
26.07321241684258,,0.17,ConnectionRefusedError:[Errno 61] Connection refused
26.081637583673,,0.132,ConnectionRefusedError:[Errno 61] Connection refused
26.090242083650082,,0.124,ConnectionRefusedError:[Errno 61] Connection refused
26.10480320872739,,0.137,ConnectionRefusedError:[Errno 61] Connection refused
26.11036341683939,,0.146,ConnectionRefusedError:[Errno 61] Connection refused
26.12013216689229,,0.107,ConnectionRefusedError:[Errno 61] Connection refused
26.130411624908447,,0.105,ConnectionRefusedError:[Errno 61] Connection refused
26.145225584041327,,0.309,ConnectionRefusedError:[Errno 61] Connection refused
26.15001366706565,,0.194,ConnectionRefusedError:[Errno 61] Connection refused
26.163229041732848,,0.171,ConnectionRefusedError:[Errno 61] Connection refused
26.170825999695808,,0.136,ConnectionRefusedError:[Errno 61] Connection refused
26.18248041672632,,0.214,ConnectionRefusedError:[Errno 61] Connection refused
26.193664291873574,,0.167,ConnectionRefusedError:[Errno 61] Connection refused
26.201442666817456,,0.118,ConnectionRefusedError:[Errno 61] Connection refused
26.210096791852266,,0.104,ConnectionRefusedError:[Errno 61] Connection refused
26.223156000021845,,0.107,ConnectionRefusedError:[Errno 61] Connection refused
26.233370624948293,,0.141,ConnectionRefusedError:[Errno 61] Connection refused
26.243266666773707,,0.111,ConnectionRefusedError:[Errno 61] Connection refused
26.250845917034894,,0.113,ConnectionRefusedError:[Errno 61] Connection refused
26.26451679179445,,0.229,ConnectionRefusedError:[Errno 61] Connection refused
26.272588833700866,,0.229,ConnectionRefusedError:[Errno 61] Connection refused
26.283556417096406,,0.208,ConnectionRefusedError:[Errno 61] Connection refused
26.293081999756396,,0.207,ConnectionRefusedError:[Errno 61] Connection refused
26.303312208969146,,0.175,ConnectionRefusedError:[Errno 61] Connection refused
26.313234999775887,,0.173,ConnectionRefusedError:[Errno 61] Connection refused
26.320930500049144,,0.2,ConnectionRefusedError:[Errno 61] Connection refused
26.330447958782315,,0.138,ConnectionRefusedError:[Errno 61] Connection refused
26.34002387477085,,0.175,ConnectionRefusedError:[Errno 61] Connection refused
26.350377708673477,,0.206,ConnectionRefusedError:[Errno 61] Connection refused
26.360921249724925,,0.208,ConnectionRefusedError:[Errno 61] Connection refused
26.37161604175344,,0.356,ConnectionRefusedError:[Errno 61] Connection refused
26.380053583998233,,0.186,ConnectionRefusedError:[Errno 61] Connection refused
26.392911791801453,,0.21,ConnectionRefusedError:[Errno 61] Connection refused
26.400356041733176,,0.17,ConnectionRefusedError:[Errno 61] Connection refused
26.410070499870926,,0.215,ConnectionRefusedError:[Errno 61] Connection refused
26.420387709047645,,0.233,ConnectionRefusedError:[Errno 61] Connection refused
26.430079999845475,,0.228,ConnectionRefusedError:[Errno 61] Connection refused
26.44136808393523,,0.219,ConnectionRefusedError:[Errno 61] Connection refused
26.453999625053257,,0.236,ConnectionRefusedError:[Errno 61] Connection refused
26.462812958750874,,0.182,ConnectionRefusedError:[Errno 61] Connection refused
26.470529291778803,,0.2,ConnectionRefusedError:[Errno 61] Connection refused
26.482325583696365,,0.204,ConnectionRefusedError:[Errno 61] Connection refused
26.49076516693458,,0.19,ConnectionRefusedError:[Errno 61] Connection refused
26.50072495872155,,0.19,ConnectionRefusedError:[Errno 61] Connection refused
26.511203750036657,,0.205,ConnectionRefusedError:[Errno 61] Connection refused
26.52426595892757,,0.223,ConnectionRefusedError:[Errno 61] Connection refused
26.531293333973736,,0.239,ConnectionRefusedError:[Errno 61] Connection refused
26.5442352918908,,0.232,ConnectionRefusedError:[Errno 61] Connection refused
26.55272512510419,,0.177,ConnectionRefusedError:[Errno 61] Connection refused
26.563575208652765,,0.248,ConnectionRefusedError:[Errno 61] Connection refused
26.573106958996505,,0.193,ConnectionRefusedError:[Errno 61] Connection refused
26.58337320899591,,0.195,ConnectionRefusedError:[Errno 61] Connection refused
26.591050209011883,,0.158,ConnectionRefusedError:[Errno 61] Connection refused
26.604399083647877,,0.193,ConnectionRefusedError:[Errno 61] Connection refused
26.612690459005535,,0.196,ConnectionRefusedError:[Errno 61] Connection refused
26.621213333681226,,0.242,ConnectionRefusedError:[Errno 61] Connection refused
26.632276500109583,,0.196,ConnectionRefusedError:[Errno 61] Connection refused
26.643779166974127,,0.238,ConnectionRefusedError:[Errno 61] Connection refused
26.653000209014863,,0.209,ConnectionRefusedError:[Errno 61] Connection refused
26.663410124834627,,0.202,ConnectionRefusedError:[Errno 61] Connection refused
26.67109320871532,,0.144,ConnectionRefusedError:[Errno 61] Connection refused
26.683664499782026,,0.156,ConnectionRefusedError:[Errno 61] Connection refused
26.693107249680907,,0.167,ConnectionRefusedError:[Errno 61] Connection refused
26.700769416987896,,0.15,ConnectionRefusedError:[Errno 61] Connection refused
26.711939666885883,,0.239,ConnectionRefusedError:[Errno 61] Connection refused
26.723895833827555,,0.156,ConnectionRefusedError:[Errno 61] Connection refused
26.732984374742955,,0.154,ConnectionRefusedError:[Errno 61] Connection refused
26.74319116678089,,0.132,ConnectionRefusedError:[Errno 61] Connection refused
26.75083383405581,,0.151,ConnectionRefusedError:[Errno 61] Connection refused
26.761761291883886,,0.197,ConnectionRefusedError:[Errno 61] Connection refused
26.7740467088297,,0.287,ConnectionRefusedError:[Errno 61] Connection refused
26.783142666798085,,0.254,ConnectionRefusedError:[Errno 61] Connection refused
26.79108737502247,,0.407,ConnectionRefusedError:[Errno 61] Connection refused
26.80374054191634,,0.398,ConnectionRefusedError:[Errno 61] Connection refused
26.8113863337785,,0.307,ConnectionRefusedError:[Errno 61] Connection refused
26.821244458667934,,0.549,ConnectionRefusedError:[Errno 61] Connection refused
26.832626666873693,,0.416,ConnectionRefusedError:[Errno 61] Connection refused
26.84006595890969,,0.289,ConnectionRefusedError:[Errno 61] Connection refused
26.850163666997105,,0.318,ConnectionRefusedError:[Errno 61] Connection refused
26.861119041685015,,0.567,ConnectionRefusedError:[Errno 61] Connection refused
26.873385791666806,,0.457,ConnectionRefusedError:[Errno 61] Connection refused
26.881986958906054,,0.409,ConnectionRefusedError:[Errno 61] Connection refused
26.893935666885227,,2.66,ConnectionRefusedError:[Errno 61] Connection refused
26.902137708850205,,0.33,ConnectionRefusedError:[Errno 61] Connection refused
26.913522749673575,,0.282,ConnectionRefusedError:[Errno 61] Connection refused
26.92126666707918,,0.413,ConnectionRefusedError:[Errno 61] Connection refused
26.930498541798443,,0.422,ConnectionRefusedError:[Errno 61] Connection refused
26.940982083790004,,0.757,ConnectionRefusedError:[Errno 61] Connection refused
26.9504773337394,,0.427,ConnectionRefusedError:[Errno 61] Connection refused
26.96150066703558,,0.329,ConnectionRefusedError:[Errno 61] Connection refused
26.97368683386594,,0.522,ConnectionRefusedError:[Errno 61] Connection refused
26.98281166702509,,0.31,ConnectionRefusedError:[Errno 61] Connection refused
26.99616654170677,,0.276,ConnectionRefusedError:[Errno 61] Connection refused
27.001729666721076,,0.302,ConnectionRefusedError:[Errno 61] Connection refused
27.014001959003508,,0.412,ConnectionRefusedError:[Errno 61] Connection refused
27.022590208798647,,0.328,ConnectionRefusedError:[Errno 61] Connection refused
27.03015216672793,,0.856,ConnectionRefusedError:[Errno 61] Connection refused
27.04059312492609,,0.439,ConnectionRefusedError:[Errno 61] Connection refused
27.050556958653033,,0.367,ConnectionRefusedError:[Errno 61] Connection refused
27.06070016697049,,0.385,ConnectionRefusedError:[Errno 61] Connection refused
27.07280629174784,,0.224,ConnectionRefusedError:[Errno 61] Connection refused
27.083532958757132,,0.229,ConnectionRefusedError:[Errno 61] Connection refused
27.092495874967426,,0.236,ConnectionRefusedError:[Errno 61] Connection refused
27.103660083841532,,0.208,ConnectionRefusedError:[Errno 61] Connection refused
27.110019583720714,,0.141,ConnectionRefusedError:[Errno 61] Connection refused
27.1249304166995,,0.169,ConnectionRefusedError:[Errno 61] Connection refused
27.1324654170312,,0.198,ConnectionRefusedError:[Errno 61] Connection refused
27.143616375047714,,0.188,ConnectionRefusedError:[Errno 61] Connection refused
27.151388249825686,,0.237,ConnectionRefusedError:[Errno 61] Connection refused
27.164148708805442,,0.215,ConnectionRefusedError:[Errno 61] Connection refused
27.170731416903436,,0.243,ConnectionRefusedError:[Errno 61] Connection refused
27.184494249988347,,0.325,ConnectionRefusedError:[Errno 61] Connection refused
27.19252754189074,,0.174,ConnectionRefusedError:[Errno 61] Connection refused
27.20362712489441,,0.292,ConnectionRefusedError:[Errno 61] Connection refused
27.213069249875844,,0.181,ConnectionRefusedError:[Errno 61] Connection refused
27.220716958865523,,0.097,ConnectionRefusedError:[Errno 61] Connection refused
27.233736749738455,,0.151,ConnectionRefusedError:[Errno 61] Connection refused
27.24307604180649,,0.17,ConnectionRefusedError:[Errno 61] Connection refused
27.250889166723937,,0.127,ConnectionRefusedError:[Errno 61] Connection refused
27.26448320876807,,0.2,ConnectionRefusedError:[Errno 61] Connection refused
27.271760124713182,,0.21,ConnectionRefusedError:[Errno 61] Connection refused
27.282127583865076,,0.22,ConnectionRefusedError:[Errno 61] Connection refused
27.290331666823477,,0.226,ConnectionRefusedError:[Errno 61] Connection refused
27.304761916864663,,0.179,ConnectionRefusedError:[Errno 61] Connection refused
27.312486833892763,,0.177,ConnectionRefusedError:[Errno 61] Connection refused
27.320468874648213,,0.186,ConnectionRefusedError:[Errno 61] Connection refused
27.330043666996062,,0.293,ConnectionRefusedError:[Errno 61] Connection refused
27.341183291748166,,0.224,ConnectionRefusedError:[Errno 61] Connection refused
27.3506254167296,,0.18,ConnectionRefusedError:[Errno 61] Connection refused
27.36030429182574,,0.244,ConnectionRefusedError:[Errno 61] Connection refused
27.371276875026524,,0.241,ConnectionRefusedError:[Errno 61] Connection refused
27.383290291763842,,0.234,ConnectionRefusedError:[Errno 61] Connection refused
27.39096579188481,,0.287,ConnectionRefusedError:[Errno 61] Connection refused
27.402362667024136,,0.226,ConnectionRefusedError:[Errno 61] Connection refused
27.410560708958656,,0.276,ConnectionRefusedError:[Errno 61] Connection refused
27.422587750013918,,0.246,ConnectionRefusedError:[Errno 61] Connection refused
27.430027374997735,,0.206,ConnectionRefusedError:[Errno 61] Connection refused
27.443717749789357,,0.212,ConnectionRefusedError:[Errno 61] Connection refused
27.452965458855033,,0.206,ConnectionRefusedError:[Errno 61] Connection refused
27.46010141680017,,0.242,ConnectionRefusedError:[Errno 61] Connection refused
27.47376404190436,,0.23,ConnectionRefusedError:[Errno 61] Connection refused
27.48243337497115,,0.224,ConnectionRefusedError:[Errno 61] Connection refused
27.491597333922982,,0.252,ConnectionRefusedError:[Errno 61] Connection refused
27.502242374699563,,0.263,ConnectionRefusedError:[Errno 61] Connection refused
27.511482124682516,,0.214,ConnectionRefusedError:[Errno 61] Connection refused
27.521065458655357,,0.228,ConnectionRefusedError:[Errno 61] Connection refused
27.532057374715805,,0.248,ConnectionRefusedError:[Errno 61] Connection refused
27.543812917079777,,0.217,ConnectionRefusedError:[Errno 61] Connection refused
27.55294912494719,,0.25,ConnectionRefusedError:[Errno 61] Connection refused
27.560640041716397,,0.201,ConnectionRefusedError:[Errno 61] Connection refused
27.57455866690725,,0.229,ConnectionRefusedError:[Errno 61] Connection refused
27.582455208990723,,0.149,ConnectionRefusedError:[Errno 61] Connection refused
27.593379375059158,,0.16,ConnectionRefusedError:[Errno 61] Connection refused
27.603221458848566,,0.188,ConnectionRefusedError:[Errno 61] Connection refused
27.613288125023246,,0.165,ConnectionRefusedError:[Errno 61] Connection refused
27.622329666744918,,0.166,ConnectionRefusedError:[Errno 61] Connection refused
27.631509083788842,,0.146,ConnectionRefusedError:[Errno 61] Connection refused
27.6442011250183,,0.179,ConnectionRefusedError:[Errno 61] Connection refused
27.650816249661148,,0.153,ConnectionRefusedError:[Errno 61] Connection refused
27.664507791865617,,0.231,ConnectionRefusedError:[Errno 61] Connection refused
27.672678374685347,,0.2,ConnectionRefusedError:[Errno 61] Connection refused
27.682993791997433,,0.159,ConnectionRefusedError:[Errno 61] Connection refused
27.69342050002888,,0.15,ConnectionRefusedError:[Errno 61] Connection refused
27.70107587473467,,0.174,ConnectionRefusedError:[Errno 61] Connection refused
27.7113041668199,,0.152,ConnectionRefusedError:[Errno 61] Connection refused
27.72426337469369,,0.146,ConnectionRefusedError:[Errno 61] Connection refused
27.732787834014744,,0.22,ConnectionRefusedError:[Errno 61] Connection refused
27.742054583970457,,0.152,ConnectionRefusedError:[Errno 61] Connection refused
27.753901541698724,,0.252,ConnectionRefusedError:[Errno 61] Connection refused
27.762887958902866,,0.166,ConnectionRefusedError:[Errno 61] Connection refused
27.773478041868657,,0.186,ConnectionRefusedError:[Errno 61] Connection refused
27.783177624922246,,0.16,ConnectionRefusedError:[Errno 61] Connection refused
27.790820667054504,,0.167,ConnectionRefusedError:[Errno 61] Connection refused
27.803072209004313,,0.291,ConnectionRefusedError:[Errno 61] Connection refused
27.810909416992217,,0.206,ConnectionRefusedError:[Errno 61] Connection refused
27.823936792090535,,0.183,ConnectionRefusedError:[Errno 61] Connection refused
27.83286879165098,,0.232,ConnectionRefusedError:[Errno 61] Connection refused
27.843425041995943,,0.229,ConnectionRefusedError:[Errno 61] Connection refused
27.85025520902127,,0.158,ConnectionRefusedError:[Errno 61] Connection refused
27.86317616701126,,0.158,ConnectionRefusedError:[Errno 61] Connection refused
27.87332708388567,,0.187,ConnectionRefusedError:[Errno 61] Connection refused
27.880993084050715,,0.142,ConnectionRefusedError:[Errno 61] Connection refused
27.894464584067464,,0.181,ConnectionRefusedError:[Errno 61] Connection refused
27.901267291978,,0.243,ConnectionRefusedError:[Errno 61] Connection refused
27.914188333787024,,0.211,ConnectionRefusedError:[Errno 61] Connection refused
27.92275920882821,,0.213,ConnectionRefusedError:[Errno 61] Connection refused
27.93349687475711,,0.182,ConnectionRefusedError:[Errno 61] Connection refused
27.94308437500149,,0.208,ConnectionRefusedError:[Errno 61] Connection refused
27.950773291755468,,0.149,ConnectionRefusedError:[Errno 61] Connection refused
27.96454054210335,,0.165,ConnectionRefusedError:[Errno 61] Connection refused
27.972657083999366,,0.457,ConnectionRefusedError:[Errno 61] Connection refused
27.982986541930586,,0.441,ConnectionRefusedError:[Errno 61] Connection refused
27.993103208951652,,0.4,ConnectionRefusedError:[Errno 61] Connection refused
28.003965416923165,,0.232,ConnectionRefusedError:[Errno 61] Connection refused
28.010892916936427,,0.25,ConnectionRefusedError:[Errno 61] Connection refused
28.024463249836117,,0.388,ConnectionRefusedError:[Errno 61] Connection refused
28.032571292016655,,0.187,ConnectionRefusedError:[Errno 61] Connection refused
28.0436011669226,,0.195,ConnectionRefusedError:[Errno 61] Connection refused
28.053096416871995,,0.17,ConnectionRefusedError:[Errno 61] Connection refused
28.06081529194489,,0.187,ConnectionRefusedError:[Errno 61] Connection refused
28.070808209013194,,0.501,ConnectionRefusedError:[Errno 61] Connection refused
28.083578041754663,,0.457,ConnectionRefusedError:[Errno 61] Connection refused
28.092104999814183,,0.432,ConnectionRefusedError:[Errno 61] Connection refused
28.102190209086984,,0.691,ConnectionRefusedError:[Errno 61] Connection refused
28.11073183408007,,0.387,ConnectionRefusedError:[Errno 61] Connection refused
28.124319458846003,,0.465,ConnectionRefusedError:[Errno 61] Connection refused
28.131518667098135,,0.347,ConnectionRefusedError:[Errno 61] Connection refused
28.14338062470779,,0.404,ConnectionRefusedError:[Errno 61] Connection refused
28.152671166695654,,0.373,ConnectionRefusedError:[Errno 61] Connection refused
28.161102291662246,,0.333,ConnectionRefusedError:[Errno 61] Connection refused
28.172816541977227,,0.271,ConnectionRefusedError:[Errno 61] Connection refused
28.180241958703846,,0.397,ConnectionRefusedError:[Errno 61] Connection refused
28.1921889167279,,0.275,ConnectionRefusedError:[Errno 61] Connection refused
28.20369549980387,,0.269,ConnectionRefusedError:[Errno 61] Connection refused
28.21156791690737,,0.158,ConnectionRefusedError:[Errno 61] Connection refused
28.224168749991804,,0.205,ConnectionRefusedError:[Errno 61] Connection refused
28.231006084010005,,0.155,ConnectionRefusedError:[Errno 61] Connection refused
28.244440250098705,,0.212,ConnectionRefusedError:[Errno 61] Connection refused
28.25248537492007,,0.177,ConnectionRefusedError:[Errno 61] Connection refused
28.26220670901239,,0.172,ConnectionRefusedError:[Errno 61] Connection refused
28.273798999842256,,0.168,ConnectionRefusedError:[Errno 61] Connection refused
28.281141083687544,,0.117,ConnectionRefusedError:[Errno 61] Connection refused
28.294373333919793,,0.144,ConnectionRefusedError:[Errno 61] Connection refused
28.30274787498638,,0.14,ConnectionRefusedError:[Errno 61] Connection refused
28.31356199970469,,0.159,ConnectionRefusedError:[Errno 61] Connection refused
28.3211722089909,,0.147,ConnectionRefusedError:[Errno 61] Connection refused
28.331288499757648,,0.159,ConnectionRefusedError:[Errno 61] Connection refused
28.34427091665566,,0.152,ConnectionRefusedError:[Errno 61] Connection refused
28.352803125046194,,0.191,ConnectionRefusedError:[Errno 61] Connection refused
28.363509833812714,,0.197,ConnectionRefusedError:[Errno 61] Connection refused
28.373159208800644,,0.176,ConnectionRefusedError:[Errno 61] Connection refused
28.382836708799005,,0.205,ConnectionRefusedError:[Errno 61] Connection refused
28.393512499984354,,0.243,ConnectionRefusedError:[Errno 61] Connection refused
28.401223625056446,,0.197,ConnectionRefusedError:[Errno 61] Connection refused
28.414019959047437,,0.194,ConnectionRefusedError:[Errno 61] Connection refused
28.42292037466541,,0.232,ConnectionRefusedError:[Errno 61] Connection refused
28.43240866670385,,0.231,ConnectionRefusedError:[Errno 61] Connection refused
28.443714916706085,,0.238,ConnectionRefusedError:[Errno 61] Connection refused
28.451380542013794,,0.18,ConnectionRefusedError:[Errno 61] Connection refused
28.46003874996677,,0.199,ConnectionRefusedError:[Errno 61] Connection refused
28.47488629166037,,0.192,ConnectionRefusedError:[Errno 61] Connection refused
28.482466083951294,,0.197,ConnectionRefusedError:[Errno 61] Connection refused
28.4901436669752,,0.179,ConnectionRefusedError:[Errno 61] Connection refused
28.50225262483582,,0.147,ConnectionRefusedError:[Errno 61] Connection refused
28.512436208780855,,0.333,ConnectionRefusedError:[Errno 61] Connection refused
28.523632917087525,,0.264,ConnectionRefusedError:[Errno 61] Connection refused
28.530354999937117,,0.333,ConnectionRefusedError:[Errno 61] Connection refused
28.541091833729297,,0.486,ConnectionRefusedError:[Errno 61] Connection refused
28.5542079587467,,0.211,ConnectionRefusedError:[Errno 61] Connection refused
28.562040166929364,,0.193,ConnectionRefusedError:[Errno 61] Connection refused
28.57386708399281,,0.189,ConnectionRefusedError:[Errno 61] Connection refused
28.58040854195133,,0.185,ConnectionRefusedError:[Errno 61] Connection refused
28.594738666899502,,0.173,ConnectionRefusedError:[Errno 61] Connection refused
28.60235029179603,,0.145,ConnectionRefusedError:[Errno 61] Connection refused
28.61379999993369,,0.16,ConnectionRefusedError:[Errno 61] Connection refused
28.62150362506509,,0.198,ConnectionRefusedError:[Errno 61] Connection refused
28.63255412504077,,0.224,ConnectionRefusedError:[Errno 61] Connection refused
28.64023270877078,,0.165,ConnectionRefusedError:[Errno 61] Connection refused
28.650803541764617,,0.172,ConnectionRefusedError:[Errno 61] Connection refused
28.66443733405322,,0.22,ConnectionRefusedError:[Errno 61] Connection refused
28.671348250005394,,0.15,ConnectionRefusedError:[Errno 61] Connection refused
28.68331504194066,,0.298,ConnectionRefusedError:[Errno 61] Connection refused
28.693218166939914,,0.225,ConnectionRefusedError:[Errno 61] Connection refused
28.70328849973157,,0.24,ConnectionRefusedError:[Errno 61] Connection refused
28.710042333696038,,0.264,ConnectionRefusedError:[Errno 61] Connection refused
28.72106208372861,,0.426,ConnectionRefusedError:[Errno 61] Connection refused
28.733538833912462,,0.455,ConnectionRefusedError:[Errno 61] Connection refused
28.740540833678097,,0.308,ConnectionRefusedError:[Errno 61] Connection refused
28.75375279178843,,0.321,ConnectionRefusedError:[Errno 61] Connection refused
28.765940874814987,,0.372,ConnectionRefusedError:[Errno 61] Connection refused
28.77100570872426,,0.314,ConnectionRefusedError:[Errno 61] Connection refused
28.783274499699473,,0.39,ConnectionRefusedError:[Errno 61] Connection refused
28.793196499813348,,0.531,ConnectionRefusedError:[Errno 61] Connection refused
28.80020520882681,,0.448,ConnectionRefusedError:[Errno 61] Connection refused
28.81523724971339,,0.738,ConnectionRefusedError:[Errno 61] Connection refused
28.821654583793133,,0.29,ConnectionRefusedError:[Errno 61] Connection refused
28.832835250068456,,0.356,ConnectionRefusedError:[Errno 61] Connection refused
28.843296208884567,,0.414,ConnectionRefusedError:[Errno 61] Connection refused
28.852188833989203,,0.401,ConnectionRefusedError:[Errno 61] Connection refused
28.863603542093188,,0.378,ConnectionRefusedError:[Errno 61] Connection refused
28.870466041844338,,0.21,ConnectionRefusedError:[Errno 61] Connection refused
28.88353883381933,,0.439,ConnectionRefusedError:[Errno 61] Connection refused
28.891351624857634,,0.322,ConnectionRefusedError:[Errno 61] Connection refused
28.904231375083327,,0.967,ConnectionRefusedError:[Errno 61] Connection refused
28.910715833771974,,0.475,ConnectionRefusedError:[Errno 61] Connection refused
28.923259374685585,,0.444,ConnectionRefusedError:[Errno 61] Connection refused
28.932933208998293,,0.736,ConnectionRefusedError:[Errno 61] Connection refused
28.94144987501204,,0.404,ConnectionRefusedError:[Errno 61] Connection refused
28.953376959078014,,0.387,ConnectionRefusedError:[Errno 61] Connection refused
28.961220333818346,,0.329,ConnectionRefusedError:[Errno 61] Connection refused
28.973496874794364,,0.326,ConnectionRefusedError:[Errno 61] Connection refused
28.98141529178247,,0.287,ConnectionRefusedError:[Errno 61] Connection refused
28.99349654186517,,0.32,ConnectionRefusedError:[Errno 61] Connection refused
29.00020366674289,,4.431,ConnectionRefusedError:[Errno 61] Connection refused
29.013319208752364,,0.33,ConnectionRefusedError:[Errno 61] Connection refused
29.023136999923736,,0.252,ConnectionRefusedError:[Errno 61] Connection refused
29.033213833812624,,0.228,ConnectionRefusedError:[Errno 61] Connection refused
29.040922791697085,,0.177,ConnectionRefusedError:[Errno 61] Connection refused
29.054452708922327,,0.211,ConnectionRefusedError:[Errno 61] Connection refused
29.06343899993226,,0.495,ConnectionRefusedError:[Errno 61] Connection refused
29.072575333993882,,0.291,ConnectionRefusedError:[Errno 61] Connection refused
29.083620708901435,,0.535,ConnectionRefusedError:[Errno 61] Connection refused
29.092736541759223,,0.461,ConnectionRefusedError:[Errno 61] Connection refused
29.10272058378905,,0.475,ConnectionRefusedError:[Errno 61] Connection refused
29.11087058391422,,0.427,ConnectionRefusedError:[Errno 61] Connection refused
29.124024542048573,,0.581,ConnectionRefusedError:[Errno 61] Connection refused
29.130471916869283,,0.335,ConnectionRefusedError:[Errno 61] Connection refused
29.143740041647106,,0.414,ConnectionRefusedError:[Errno 61] Connection refused
29.150199541822076,,0.315,ConnectionRefusedError:[Errno 61] Connection refused
29.16065524984151,,0.295,ConnectionRefusedError:[Errno 61] Connection refused
29.171642374712974,,0.32,ConnectionRefusedError:[Errno 61] Connection refused
29.183852166868746,,0.775,ConnectionRefusedError:[Errno 61] Connection refused
29.19211908383295,,0.541,ConnectionRefusedError:[Errno 61] Connection refused
29.203591499943286,,0.25,ConnectionRefusedError:[Errno 61] Connection refused
29.210035250056535,,0.214,ConnectionRefusedError:[Errno 61] Connection refused
29.223097125068307,,0.226,ConnectionRefusedError:[Errno 61] Connection refused
29.23290374968201,,0.522,ConnectionRefusedError:[Errno 61] Connection refused
29.241244167089462,,0.291,ConnectionRefusedError:[Errno 61] Connection refused
29.25418341672048,,0.377,ConnectionRefusedError:[Errno 61] Connection refused
29.262673833873123,,0.384,ConnectionRefusedError:[Errno 61] Connection refused
29.27050037495792,,0.286,ConnectionRefusedError:[Errno 61] Connection refused
29.283387917093933,,0.523,ConnectionRefusedError:[Errno 61] Connection refused
29.291593833826482,,0.334,ConnectionRefusedError:[Errno 61] Connection refused
29.3040268747136,,0.274,ConnectionRefusedError:[Errno 61] Connection refused
29.311834166757762,,0.513,ConnectionRefusedError:[Errno 61] Connection refused
29.32017079181969,,0.282,ConnectionRefusedError:[Errno 61] Connection refused
29.333741541951895,,0.581,ConnectionRefusedError:[Errno 61] Connection refused
29.341287749819458,,0.334,ConnectionRefusedError:[Errno 61] Connection refused
29.35179179208353,,0.297,ConnectionRefusedError:[Errno 61] Connection refused
29.36394829209894,,0.458,ConnectionRefusedError:[Errno 61] Connection refused
29.37238229205832,,0.362,ConnectionRefusedError:[Errno 61] Connection refused
29.380980249959975,,0.36,ConnectionRefusedError:[Errno 61] Connection refused
29.393362416885793,,0.328,ConnectionRefusedError:[Errno 61] Connection refused
29.403442834038287,,0.522,ConnectionRefusedError:[Errno 61] Connection refused
29.410745083820075,,0.2,ConnectionRefusedError:[Errno 61] Connection refused
29.422697708941996,,0.246,ConnectionRefusedError:[Errno 61] Connection refused
29.433531041722745,,0.351,ConnectionRefusedError:[Errno 61] Connection refused
29.44133891677484,,0.187,ConnectionRefusedError:[Errno 61] Connection refused
29.451472375076264,,0.209,ConnectionRefusedError:[Errno 61] Connection refused
29.464168916922063,,0.385,ConnectionRefusedError:[Errno 61] Connection refused
29.471232208888978,,0.23,ConnectionRefusedError:[Errno 61] Connection refused
29.484249166678637,,0.534,ConnectionRefusedError:[Errno 61] Connection refused
29.49243624974042,,0.297,ConnectionRefusedError:[Errno 61] Connection refused
29.50035170884803,,0.271,ConnectionRefusedError:[Errno 61] Connection refused
29.51206854172051,,0.254,ConnectionRefusedError:[Errno 61] Connection refused
29.521959874778986,,0.536,ConnectionRefusedError:[Errno 61] Connection refused
29.531575167085975,,0.357,ConnectionRefusedError:[Errno 61] Connection refused
29.54210220882669,,0.323,ConnectionRefusedError:[Errno 61] Connection refused
29.55073616700247,,0.548,ConnectionRefusedError:[Errno 61] Connection refused
29.564321458805352,,0.304,ConnectionRefusedError:[Errno 61] Connection refused
29.57141224993393,,0.281,ConnectionRefusedError:[Errno 61] Connection refused
29.584218124859035,,0.395,ConnectionRefusedError:[Errno 61] Connection refused
29.590055166743696,,0.314,ConnectionRefusedError:[Errno 61] Connection refused
29.60347062489018,,0.621,ConnectionRefusedError:[Errno 61] Connection refused
29.61271862499416,,0.38,ConnectionRefusedError:[Errno 61] Connection refused
29.621025084052235,,0.366,ConnectionRefusedError:[Errno 61] Connection refused
29.63125616684556,,0.441,ConnectionRefusedError:[Errno 61] Connection refused
29.643480666913092,,0.441,ConnectionRefusedError:[Errno 61] Connection refused
29.65275499969721,,0.583,ConnectionRefusedError:[Errno 61] Connection refused
29.66141283372417,,0.49,ConnectionRefusedError:[Errno 61] Connection refused
29.673875709064305,,0.357,ConnectionRefusedError:[Errno 61] Connection refused
29.681626374833286,,0.259,ConnectionRefusedError:[Errno 61] Connection refused
29.694074084050953,,0.364,ConnectionRefusedError:[Errno 61] Connection refused
29.7028178749606,,0.396,ConnectionRefusedError:[Errno 61] Connection refused
29.710472125094384,,0.419,ConnectionRefusedError:[Errno 61] Connection refused
29.72280704183504,,0.36,ConnectionRefusedError:[Errno 61] Connection refused
29.733459583949298,,0.396,ConnectionRefusedError:[Errno 61] Connection refused
29.74293666705489,,0.205,ConnectionRefusedError:[Errno 61] Connection refused
29.75228933384642,,0.22,ConnectionRefusedError:[Errno 61] Connection refused
29.763610208872706,,0.288,ConnectionRefusedError:[Errno 61] Connection refused
29.772682749666274,,0.235,ConnectionRefusedError:[Errno 61] Connection refused
29.782913124654442,,0.363,ConnectionRefusedError:[Errno 61] Connection refused
29.793491916731,,0.891,ConnectionRefusedError:[Errno 61] Connection refused
29.800223500002176,,0.342,ConnectionRefusedError:[Errno 61] Connection refused
29.81066062487662,,0.318,ConnectionRefusedError:[Errno 61] Connection refused
29.823128833901137,,0.38,ConnectionRefusedError:[Errno 61] Connection refused
29.832920958753675,,0.201,ConnectionRefusedError:[Errno 61] Connection refused
29.840659416746348,,0.268,ConnectionRefusedError:[Errno 61] Connection refused
29.854156666900963,,0.227,ConnectionRefusedError:[Errno 61] Connection refused
29.862623250111938,,0.236,ConnectionRefusedError:[Errno 61] Connection refused
29.87039670906961,,0.163,ConnectionRefusedError:[Errno 61] Connection refused
29.88471179176122,,0.242,ConnectionRefusedError:[Errno 61] Connection refused
29.890662458725274,,0.198,ConnectionRefusedError:[Errno 61] Connection refused
29.904591749887913,,0.34,ConnectionRefusedError:[Errno 61] Connection refused
29.912428416777402,,0.275,ConnectionRefusedError:[Errno 61] Connection refused
29.920122291892767,,0.23,ConnectionRefusedError:[Errno 61] Connection refused
29.934841749724,,0.253,ConnectionRefusedError:[Errno 61] Connection refused
29.942438167054206,,0.154,ConnectionRefusedError:[Errno 61] Connection refused
29.951133124995977,,0.177,ConnectionRefusedError:[Errno 61] Connection refused
29.964027292095125,,0.263,ConnectionRefusedError:[Errno 61] Connection refused
29.971750458702445,,0.248,ConnectionRefusedError:[Errno 61] Connection refused
29.984013083856553,,0.266,ConnectionRefusedError:[Errno 61] Connection refused
29.992891249712557,,0.463,ConnectionRefusedError:[Errno 61] Connection refused
30.002906959038228,,0.188,ConnectionRefusedError:[Errno 61] Connection refused
30.01002791710198,,0.415,ConnectionRefusedError:[Errno 61] Connection refused
30.023349334020168,,0.416,ConnectionRefusedError:[Errno 61] Connection refused
30.03312799986452,,0.419,ConnectionRefusedError:[Errno 61] Connection refused
30.04036791669205,,0.238,ConnectionRefusedError:[Errno 61] Connection refused
30.0502925417386,,0.24,ConnectionRefusedError:[Errno 61] Connection refused
30.064736541826278,,0.267,ConnectionRefusedError:[Errno 61] Connection refused
30.072435749694705,,0.316,ConnectionRefusedError:[Errno 61] Connection refused
30.080617500003427,,0.238,ConnectionRefusedError:[Errno 61] Connection refused
30.111521875020117,,0.37,ConnectionRefusedError:[Errno 61] Connection refused
30.111707749776542,,0.266,ConnectionRefusedError:[Errno 61] Connection refused
30.11187979206443,,0.143,ConnectionRefusedError:[Errno 61] Connection refused
30.121862291824073,,0.285,ConnectionRefusedError:[Errno 61] Connection refused
30.133880249690264,,0.28,ConnectionRefusedError:[Errno 61] Connection refused
30.141825249884278,,0.233,ConnectionRefusedError:[Errno 61] Connection refused
30.15320041682571,,0.51,ConnectionRefusedError:[Errno 61] Connection refused
30.16129470895976,,0.427,ConnectionRefusedError:[Errno 61] Connection refused
30.1704684169963,,0.391,ConnectionRefusedError:[Errno 61] Connection refused
30.182872124947608,,0.522,ConnectionRefusedError:[Errno 61] Connection refused
30.192622041795403,,1.229,ConnectionRefusedError:[Errno 61] Connection refused
30.200801624916494,,0.517,ConnectionRefusedError:[Errno 61] Connection refused
30.21356295887381,,0.364,ConnectionRefusedError:[Errno 61] Connection refused
30.223083208780736,,0.324,ConnectionRefusedError:[Errno 61] Connection refused
30.230945624876767,,0.504,ConnectionRefusedError:[Errno 61] Connection refused
30.242128749843687,,0.285,ConnectionRefusedError:[Errno 61] Connection refused
30.25005541695282,,0.34,ConnectionRefusedError:[Errno 61] Connection refused
30.26429295865819,,0.459,ConnectionRefusedError:[Errno 61] Connection refused
30.27181270904839,,0.511,ConnectionRefusedError:[Errno 61] Connection refused
30.283134167082608,,1.796,ConnectionRefusedError:[Errno 61] Connection refused
30.29268441675231,,0.425,ConnectionRefusedError:[Errno 61] Connection refused
30.3007028340362,,0.287,ConnectionRefusedError:[Errno 61] Connection refused
30.314536208752543,,0.541,ConnectionRefusedError:[Errno 61] Connection refused
30.32165029179305,,0.325,ConnectionRefusedError:[Errno 61] Connection refused
30.331231833901256,,0.423,ConnectionRefusedError:[Errno 61] Connection refused
30.343450708780438,,0.951,ConnectionRefusedError:[Errno 61] Connection refused
30.351039291825145,,0.389,ConnectionRefusedError:[Errno 61] Connection refused
30.363628333900124,,0.299,ConnectionRefusedError:[Errno 61] Connection refused
30.37205266673118,,0.457,ConnectionRefusedError:[Errno 61] Connection refused
30.383731124922633,,0.427,ConnectionRefusedError:[Errno 61] Connection refused
30.391242583747953,,0.419,ConnectionRefusedError:[Errno 61] Connection refused
30.403101792093366,,0.43,ConnectionRefusedError:[Errno 61] Connection refused
30.41076833382249,,0.253,ConnectionRefusedError:[Errno 61] Connection refused
30.424511666875333,,0.348,ConnectionRefusedError:[Errno 61] Connection refused
30.432228833902627,,1.133,ConnectionRefusedError:[Errno 61] Connection refused
30.443097916897386,,0.414,ConnectionRefusedError:[Errno 61] Connection refused
30.452588291838765,,0.357,ConnectionRefusedError:[Errno 61] Connection refused
30.460460334084928,,0.483,ConnectionRefusedError:[Errno 61] Connection refused
30.475346500054002,,0.603,ConnectionRefusedError:[Errno 61] Connection refused
30.482074624858797,,0.435,ConnectionRefusedError:[Errno 61] Connection refused
30.493712374940515,,0.336,ConnectionRefusedError:[Errno 61] Connection refused
30.500536709092557,,0.245,ConnectionRefusedError:[Errno 61] Connection refused
30.514617041684687,,0.498,ConnectionRefusedError:[Errno 61] Connection refused
30.52249108394608,,0.495,ConnectionRefusedError:[Errno 61] Connection refused
30.532920917030424,,0.273,ConnectionRefusedError:[Errno 61] Connection refused
30.541391749866307,,0.319,ConnectionRefusedError:[Errno 61] Connection refused
30.554021874908358,,0.538,ConnectionRefusedError:[Errno 61] Connection refused
30.560248916968703,,0.386,ConnectionRefusedError:[Errno 61] Connection refused
30.574604124762118,,0.349,ConnectionRefusedError:[Errno 61] Connection refused
30.582398499827832,,0.226,ConnectionRefusedError:[Errno 61] Connection refused
30.59012708393857,,0.297,ConnectionRefusedError:[Errno 61] Connection refused
30.60411712480709,,0.516,ConnectionRefusedError:[Errno 61] Connection refused
30.611472999677062,,0.342,ConnectionRefusedError:[Errno 61] Connection refused
30.62062754202634,,0.371,ConnectionRefusedError:[Errno 61] Connection refused
30.633523459080607,,0.41,ConnectionRefusedError:[Errno 61] Connection refused
30.643083999864757,,0.309,ConnectionRefusedError:[Errno 61] Connection refused
30.65324450004846,,0.504,ConnectionRefusedError:[Errno 61] Connection refused
30.660320374649018,,0.373,ConnectionRefusedError:[Errno 61] Connection refused
30.670145874843,,0.218,ConnectionRefusedError:[Errno 61] Connection refused
30.68480574991554,,0.228,ConnectionRefusedError:[Errno 61] Connection refused
30.69252504175529,,0.228,ConnectionRefusedError:[Errno 61] Connection refused
30.7036374588497,,0.167,ConnectionRefusedError:[Errno 61] Connection refused
30.713115124963224,,0.278,ConnectionRefusedError:[Errno 61] Connection refused
30.723361166659743,,0.152,ConnectionRefusedError:[Errno 61] Connection refused
30.731035499833524,,0.177,ConnectionRefusedError:[Errno 61] Connection refused
30.74432629207149,,0.21,ConnectionRefusedError:[Errno 61] Connection refused
30.752732125110924,,0.159,ConnectionRefusedError:[Errno 61] Connection refused
30.763558291830122,,0.181,ConnectionRefusedError:[Errno 61] Connection refused
30.77122220909223,,0.182,ConnectionRefusedError:[Errno 61] Connection refused
30.784286916721612,,0.176,ConnectionRefusedError:[Errno 61] Connection refused
30.790084541775286,,0.2,ConnectionRefusedError:[Errno 61] Connection refused
30.804867083672434,,0.198,ConnectionRefusedError:[Errno 61] Connection refused
30.812918916810304,,0.48,ConnectionRefusedError:[Errno 61] Connection refused
30.82303141709417,,0.293,ConnectionRefusedError:[Errno 61] Connection refused
30.83072099974379,,0.407,ConnectionRefusedError:[Errno 61] Connection refused
30.84148995904252,,0.501,ConnectionRefusedError:[Errno 61] Connection refused
30.853979709092528,,0.453,ConnectionRefusedError:[Errno 61] Connection refused
30.86203083395958,,0.357,ConnectionRefusedError:[Errno 61] Connection refused
30.87045666668564,,0.189,ConnectionRefusedError:[Errno 61] Connection refused
30.88349320879206,,0.312,ConnectionRefusedError:[Errno 61] Connection refused
30.892301458865404,,0.409,ConnectionRefusedError:[Errno 61] Connection refused
30.902051916811615,,0.518,ConnectionRefusedError:[Errno 61] Connection refused
30.914096541702747,,0.48,ConnectionRefusedError:[Errno 61] Connection refused
30.920618874952197,,0.243,ConnectionRefusedError:[Errno 61] Connection refused
30.933487416710705,,0.594,ConnectionRefusedError:[Errno 61] Connection refused
30.940290916711092,,0.381,ConnectionRefusedError:[Errno 61] Connection refused
30.950458749663085,,0.317,ConnectionRefusedError:[Errno 61] Connection refused
30.96205437509343,,0.445,ConnectionRefusedError:[Errno 61] Connection refused
30.973697208799422,,0.315,ConnectionRefusedError:[Errno 61] Connection refused
30.98199712485075,,0.349,ConnectionRefusedError:[Errno 61] Connection refused
30.99189129192382,,0.337,ConnectionRefusedError:[Errno 61] Connection refused
31.00352199980989,,0.233,ConnectionRefusedError:[Errno 61] Connection refused
31.010602166876197,,0.194,ConnectionRefusedError:[Errno 61] Connection refused
31.020254249684513,,0.212,ConnectionRefusedError:[Errno 61] Connection refused
31.03037558402866,,0.303,ConnectionRefusedError:[Errno 61] Connection refused
31.043361417017877,,0.54,ConnectionRefusedError:[Errno 61] Connection refused
31.051821749657393,,0.771,ConnectionRefusedError:[Errno 61] Connection refused
31.069162624888122,,0.26,ConnectionRefusedError:[Errno 61] Connection refused
31.070214749779552,,0.206,ConnectionRefusedError:[Errno 61] Connection refused
31.084824749734253,,0.178,ConnectionRefusedError:[Errno 61] Connection refused
31.0924782496877,,0.189,ConnectionRefusedError:[Errno 61] Connection refused
31.100269499700516,,0.28,ConnectionRefusedError:[Errno 61] Connection refused
31.112426541745663,,0.474,ConnectionRefusedError:[Errno 61] Connection refused
31.12215645890683,,0.427,ConnectionRefusedError:[Errno 61] Connection refused
31.133635208941996,,0.336,ConnectionRefusedError:[Errno 61] Connection refused
31.14125370886177,,0.25,ConnectionRefusedError:[Errno 61] Connection refused
31.150191499851644,,0.237,ConnectionRefusedError:[Errno 61] Connection refused
31.161377291660756,,0.303,ConnectionRefusedError:[Errno 61] Connection refused
31.170483625028282,,0.517,ConnectionRefusedError:[Errno 61] Connection refused
31.18584974994883,,0.262,ConnectionRefusedError:[Errno 61] Connection refused
31.190469624940306,,0.25,ConnectionRefusedError:[Errno 61] Connection refused
31.20404791692272,,0.212,ConnectionRefusedError:[Errno 61] Connection refused
31.212872916832566,,0.271,ConnectionRefusedError:[Errno 61] Connection refused
31.221154833678156,,0.231,ConnectionRefusedError:[Errno 61] Connection refused
31.23061441676691,,0.806,ConnectionRefusedError:[Errno 61] Connection refused
31.240165959112346,,2.923,ConnectionRefusedError:[Errno 61] Connection refused
31.250736374873668,,0.349,ConnectionRefusedError:[Errno 61] Connection refused
31.262379999738187,,0.28,ConnectionRefusedError:[Errno 61] Connection refused
31.272520124912262,,0.415,ConnectionRefusedError:[Errno 61] Connection refused
31.28289774991572,,0.248,ConnectionRefusedError:[Errno 61] Connection refused
31.29255887493491,,0.253,ConnectionRefusedError:[Errno 61] Connection refused
31.300904583651572,,0.661,ConnectionRefusedError:[Errno 61] Connection refused
31.31627199985087,,0.372,ConnectionRefusedError:[Errno 61] Connection refused
31.3215115419589,,0.236,ConnectionRefusedError:[Errno 61] Connection refused
31.33417933387682,,0.42,ConnectionRefusedError:[Errno 61] Connection refused
31.342596875037998,,0.337,ConnectionRefusedError:[Errno 61] Connection refused
31.3512415420264,,0.323,ConnectionRefusedError:[Errno 61] Connection refused
31.36438012495637,,0.441,ConnectionRefusedError:[Errno 61] Connection refused
31.370475916657597,,0.29,ConnectionRefusedError:[Errno 61] Connection refused
31.383524708915502,,0.525,ConnectionRefusedError:[Errno 61] Connection refused
31.390462167095393,,0.399,ConnectionRefusedError:[Errno 61] Connection refused
31.402396083809435,,0.515,ConnectionRefusedError:[Errno 61] Connection refused
31.412540374789387,,0.351,ConnectionRefusedError:[Errno 61] Connection refused
31.42188358400017,,0.727,ConnectionRefusedError:[Errno 61] Connection refused
31.433319749776274,,0.396,ConnectionRefusedError:[Errno 61] Connection refused
31.44163054181263,,0.391,ConnectionRefusedError:[Errno 61] Connection refused
31.450853916816413,,0.78,ConnectionRefusedError:[Errno 61] Connection refused
31.46322691673413,,0.361,ConnectionRefusedError:[Errno 61] Connection refused
31.47014516685158,,0.195,ConnectionRefusedError:[Errno 61] Connection refused
31.48321529198438,,0.246,ConnectionRefusedError:[Errno 61] Connection refused
31.49017620878294,,0.232,ConnectionRefusedError:[Errno 61] Connection refused
31.50155270891264,,0.223,ConnectionRefusedError:[Errno 61] Connection refused
31.510464374907315,,0.194,ConnectionRefusedError:[Errno 61] Connection refused
31.521943375002593,,0.256,ConnectionRefusedError:[Errno 61] Connection refused
31.5338689587079,,0.279,ConnectionRefusedError:[Errno 61] Connection refused
31.54021504195407,,0.283,ConnectionRefusedError:[Errno 61] Connection refused
31.55347058409825,,0.203,ConnectionRefusedError:[Errno 61] Connection refused
31.56269720895216,,0.244,ConnectionRefusedError:[Errno 61] Connection refused
31.572498249821365,,0.185,ConnectionRefusedError:[Errno 61] Connection refused
31.583649166859686,,0.178,ConnectionRefusedError:[Errno 61] Connection refused
31.592878208961338,,0.168,ConnectionRefusedError:[Errno 61] Connection refused
31.603470666799694,,0.161,ConnectionRefusedError:[Errno 61] Connection refused
31.610193874686956,,0.212,ConnectionRefusedError:[Errno 61] Connection refused
31.62211349979043,,0.206,ConnectionRefusedError:[Errno 61] Connection refused
31.633759791962802,,0.351,ConnectionRefusedError:[Errno 61] Connection refused
31.641231416724622,,0.253,ConnectionRefusedError:[Errno 61] Connection refused
31.654326417017728,,0.286,ConnectionRefusedError:[Errno 61] Connection refused
31.660771291702986,,0.269,ConnectionRefusedError:[Errno 61] Connection refused
31.672597833909094,,0.243,ConnectionRefusedError:[Errno 61] Connection refused
31.680354499723762,,0.193,ConnectionRefusedError:[Errno 61] Connection refused
31.691315749660134,,0.223,ConnectionRefusedError:[Errno 61] Connection refused
31.704293542075902,,0.495,ConnectionRefusedError:[Errno 61] Connection refused
31.71132691670209,,0.304,ConnectionRefusedError:[Errno 61] Connection refused
31.722015416715294,,0.247,ConnectionRefusedError:[Errno 61] Connection refused
31.733880541753024,,0.277,ConnectionRefusedError:[Errno 61] Connection refused
31.74140404164791,,0.151,ConnectionRefusedError:[Errno 61] Connection refused
31.75189420906827,,0.176,ConnectionRefusedError:[Errno 61] Connection refused
31.763393041677773,,0.204,ConnectionRefusedError:[Errno 61] Connection refused
31.773226958699524,,0.175,ConnectionRefusedError:[Errno 61] Connection refused
31.7833135840483,,0.266,ConnectionRefusedError:[Errno 61] Connection refused
31.79101616702974,,0.296,ConnectionRefusedError:[Errno 61] Connection refused
31.80437666689977,,0.209,ConnectionRefusedError:[Errno 61] Connection refused
31.812060916796327,,0.22,ConnectionRefusedError:[Errno 61] Connection refused
31.8224740838632,,0.23,ConnectionRefusedError:[Errno 61] Connection refused
31.833699666894972,,0.472,ConnectionRefusedError:[Errno 61] Connection refused
31.841657458804548,,0.363,ConnectionRefusedError:[Errno 61] Connection refused
31.852754124905914,,0.716,ConnectionRefusedError:[Errno 61] Connection refused
31.861556083895266,,0.36,ConnectionRefusedError:[Errno 61] Connection refused
31.873555792029947,,0.231,ConnectionRefusedError:[Errno 61] Connection refused
31.881368749774992,,0.165,ConnectionRefusedError:[Errno 61] Connection refused
31.89405995886773,,0.295,ConnectionRefusedError:[Errno 61] Connection refused
31.901748708914965,,0.254,ConnectionRefusedError:[Errno 61] Connection refused
31.91406275006011,,0.522,ConnectionRefusedError:[Errno 61] Connection refused
31.92022241698578,,0.236,ConnectionRefusedError:[Errno 61] Connection refused
31.934703833889216,,0.343,ConnectionRefusedError:[Errno 61] Connection refused
31.940562000032514,,0.293,ConnectionRefusedError:[Errno 61] Connection refused
31.95354912476614,,0.454,ConnectionRefusedError:[Errno 61] Connection refused
31.961340333800763,,0.411,ConnectionRefusedError:[Errno 61] Connection refused
31.970846334006637,,0.202,ConnectionRefusedError:[Errno 61] Connection refused
31.98399120895192,,0.332,ConnectionRefusedError:[Errno 61] Connection refused
31.991219624876976,,0.323,ConnectionRefusedError:[Errno 61] Connection refused
32.00403874972835,,0.23,ConnectionRefusedError:[Errno 61] Connection refused
32.01216695876792,,0.398,ConnectionRefusedError:[Errno 61] Connection refused
32.02078850008547,,0.504,ConnectionRefusedError:[Errno 61] Connection refused
32.03331662481651,,0.739,ConnectionRefusedError:[Errno 61] Connection refused
32.04174608364701,,0.511,ConnectionRefusedError:[Errno 61] Connection refused
32.050395959056914,,0.275,ConnectionRefusedError:[Errno 61] Connection refused
32.060172291938215,,0.365,ConnectionRefusedError:[Errno 61] Connection refused
32.07249033404514,,0.211,ConnectionRefusedError:[Errno 61] Connection refused
32.08359004184604,,0.239,ConnectionRefusedError:[Errno 61] Connection refused
32.091357375029474,,0.254,ConnectionRefusedError:[Errno 61] Connection refused
32.10418999986723,,0.464,ConnectionRefusedError:[Errno 61] Connection refused
32.11219924967736,,0.21,ConnectionRefusedError:[Errno 61] Connection refused
32.123804416973144,,0.161,ConnectionRefusedError:[Errno 61] Connection refused
32.13022412499413,,0.149,ConnectionRefusedError:[Errno 61] Connection refused
32.140244791749865,,0.163,ConnectionRefusedError:[Errno 61] Connection refused
32.154794834088534,,0.184,ConnectionRefusedError:[Errno 61] Connection refused
32.16253029182553,,0.116,ConnectionRefusedError:[Errno 61] Connection refused
32.17108491668478,,0.172,ConnectionRefusedError:[Errno 61] Connection refused
32.18434654176235,,0.187,ConnectionRefusedError:[Errno 61] Connection refused
32.192652666941285,,0.194,ConnectionRefusedError:[Errno 61] Connection refused
32.20030712476,,0.157,ConnectionRefusedError:[Errno 61] Connection refused
32.2111769169569,,0.247,ConnectionRefusedError:[Errno 61] Connection refused
32.22423145873472,,0.176,ConnectionRefusedError:[Errno 61] Connection refused
32.23013949999586,,0.157,ConnectionRefusedError:[Errno 61] Connection refused
32.24484533397481,,0.163,ConnectionRefusedError:[Errno 61] Connection refused
32.25247804168612,,0.139,ConnectionRefusedError:[Errno 61] Connection refused
32.26273316703737,,0.143,ConnectionRefusedError:[Errno 61] Connection refused
32.27355512510985,,0.138,ConnectionRefusedError:[Errno 61] Connection refused
32.280761084053665,,0.195,ConnectionRefusedError:[Errno 61] Connection refused
32.29420912498608,,0.27,ConnectionRefusedError:[Errno 61] Connection refused
32.302736334037036,,0.188,ConnectionRefusedError:[Errno 61] Connection refused
32.31222916673869,,1.061,ConnectionRefusedError:[Errno 61] Connection refused
32.323819166980684,,0.499,ConnectionRefusedError:[Errno 61] Connection refused
32.33030733373016,,0.424,ConnectionRefusedError:[Errno 61] Connection refused
32.34340333379805,,0.34,ConnectionRefusedError:[Errno 61] Connection refused
32.35309570888057,,0.345,ConnectionRefusedError:[Errno 61] Connection refused
32.36238641710952,,0.427,ConnectionRefusedError:[Errno 61] Connection refused
32.37326408410445,,0.441,ConnectionRefusedError:[Errno 61] Connection refused
32.38247137470171,,0.601,ConnectionRefusedError:[Errno 61] Connection refused
32.390121541917324,,0.432,ConnectionRefusedError:[Errno 61] Connection refused
32.40333570865914,,0.27,ConnectionRefusedError:[Errno 61] Connection refused
32.41297895880416,,0.468,ConnectionRefusedError:[Errno 61] Connection refused
32.42141841677949,,0.358,ConnectionRefusedError:[Errno 61] Connection refused
32.43406958365813,,0.384,ConnectionRefusedError:[Errno 61] Connection refused
32.44272812502459,,0.232,ConnectionRefusedError:[Errno 61] Connection refused
32.450925583951175,,0.329,ConnectionRefusedError:[Errno 61] Connection refused
32.46417749999091,,0.468,ConnectionRefusedError:[Errno 61] Connection refused
32.47047870885581,,0.265,ConnectionRefusedError:[Errno 61] Connection refused
32.48111379193142,,0.716,ConnectionRefusedError:[Errno 61] Connection refused
32.49178449995816,,0.282,ConnectionRefusedError:[Errno 61] Connection refused
32.50271704187617,,0.219,ConnectionRefusedError:[Errno 61] Connection refused
32.51205874979496,,0.187,ConnectionRefusedError:[Errno 61] Connection refused
32.52298687491566,,0.22,ConnectionRefusedError:[Errno 61] Connection refused
32.53071708371863,,0.156,ConnectionRefusedError:[Errno 61] Connection refused
32.54244541702792,,0.196,ConnectionRefusedError:[Errno 61] Connection refused
32.55327820871025,,0.203,ConnectionRefusedError:[Errno 61] Connection refused
32.56097387475893,,0.217,ConnectionRefusedError:[Errno 61] Connection refused
32.574453374836594,,0.181,ConnectionRefusedError:[Errno 61] Connection refused
32.58181008370593,,0.174,ConnectionRefusedError:[Errno 61] Connection refused
32.590810666792095,,0.162,ConnectionRefusedError:[Errno 61] Connection refused
32.60213312506676,,0.163,ConnectionRefusedError:[Errno 61] Connection refused
32.61250187503174,,0.162,ConnectionRefusedError:[Errno 61] Connection refused
32.623682458885014,,0.161,ConnectionRefusedError:[Errno 61] Connection refused
32.633090999908745,,0.219,ConnectionRefusedError:[Errno 61] Connection refused
32.64841104205698,,0.537,ConnectionRefusedError:[Errno 61] Connection refused
32.650872624944896,,0.314,ConnectionRefusedError:[Errno 61] Connection refused
32.66069533396512,,0.428,ConnectionRefusedError:[Errno 61] Connection refused
32.67146566696465,,0.445,ConnectionRefusedError:[Errno 61] Connection refused
32.68260074965656,,0.466,ConnectionRefusedError:[Errno 61] Connection refused
32.693452375009656,,0.268,ConnectionRefusedError:[Errno 61] Connection refused
32.700339667033404,,0.225,ConnectionRefusedError:[Errno 61] Connection refused
32.713367791846395,,0.162,ConnectionRefusedError:[Errno 61] Connection refused
32.720263625029474,,0.188,ConnectionRefusedError:[Errno 61] Connection refused
32.734782584011555,,0.181,ConnectionRefusedError:[Errno 61] Connection refused
32.74152508378029,,0.112,ConnectionRefusedError:[Errno 61] Connection refused
32.752394542098045,,0.196,ConnectionRefusedError:[Errno 61] Connection refused
32.760222875047475,,0.142,ConnectionRefusedError:[Errno 61] Connection refused
32.77041570888832,,0.165,ConnectionRefusedError:[Errno 61] Connection refused
32.78486916702241,,0.288,ConnectionRefusedError:[Errno 61] Connection refused
32.79242154210806,,0.196,ConnectionRefusedError:[Errno 61] Connection refused
32.8036139998585,,0.196,ConnectionRefusedError:[Errno 61] Connection refused
32.81308941682801,,0.132,ConnectionRefusedError:[Errno 61] Connection refused
32.823392333928496,,0.171,ConnectionRefusedError:[Errno 61] Connection refused
32.83320529200137,,0.143,ConnectionRefusedError:[Errno 61] Connection refused
32.84087637485936,,0.161,ConnectionRefusedError:[Errno 61] Connection refused
32.85255466680974,,0.246,ConnectionRefusedError:[Errno 61] Connection refused
32.86009545903653,,0.319,ConnectionRefusedError:[Errno 61] Connection refused
32.874764083884656,,0.232,ConnectionRefusedError:[Errno 61] Connection refused
32.88243520865217,,0.202,ConnectionRefusedError:[Errno 61] Connection refused
32.891052041668445,,0.14,ConnectionRefusedError:[Errno 61] Connection refused
32.90438991691917,,0.215,ConnectionRefusedError:[Errno 61] Connection refused
32.912708417046815,,0.148,ConnectionRefusedError:[Errno 61] Connection refused
32.920359999872744,,0.183,ConnectionRefusedError:[Errno 61] Connection refused
32.93410445889458,,0.216,ConnectionRefusedError:[Errno 61] Connection refused
32.9418019996956,,0.281,ConnectionRefusedError:[Errno 61] Connection refused
32.9534655418247,,0.419,ConnectionRefusedError:[Errno 61] Connection refused
32.96173524996266,,0.316,ConnectionRefusedError:[Errno 61] Connection refused
32.9703589589335,,0.194,ConnectionRefusedError:[Errno 61] Connection refused
32.98350983392447,,0.191,ConnectionRefusedError:[Errno 61] Connection refused
32.99320758366957,,0.356,ConnectionRefusedError:[Errno 61] Connection refused
33.00312395906076,,0.321,ConnectionRefusedError:[Errno 61] Connection refused
33.01046712510288,,0.245,ConnectionRefusedError:[Errno 61] Connection refused
33.02425220888108,,0.325,ConnectionRefusedError:[Errno 61] Connection refused
33.03267270885408,,0.368,ConnectionRefusedError:[Errno 61] Connection refused
33.043390084058046,,0.367,ConnectionRefusedError:[Errno 61] Connection refused
33.05138995870948,,0.173,ConnectionRefusedError:[Errno 61] Connection refused
33.064220666885376,,0.314,ConnectionRefusedError:[Errno 61] Connection refused
33.07212895900011,,0.377,ConnectionRefusedError:[Errno 61] Connection refused
33.083687833976,,0.28,ConnectionRefusedError:[Errno 61] Connection refused
33.09210754185915,,0.285,ConnectionRefusedError:[Errno 61] Connection refused
33.103832916822284,,0.496,ConnectionRefusedError:[Errno 61] Connection refused
33.11667116684839,,0.524,ConnectionRefusedError:[Errno 61] Connection refused
33.12093566684052,,0.372,ConnectionRefusedError:[Errno 61] Connection refused
33.134368541650474,,0.379,ConnectionRefusedError:[Errno 61] Connection refused
33.14066566666588,,0.307,ConnectionRefusedError:[Errno 61] Connection refused
33.15117445867509,,0.369,ConnectionRefusedError:[Errno 61] Connection refused
33.163806166965514,,0.966,ConnectionRefusedError:[Errno 61] Connection refused
33.17108991695568,,0.274,ConnectionRefusedError:[Errno 61] Connection refused
33.18180958367884,,0.316,ConnectionRefusedError:[Errno 61] Connection refused
33.19121991703287,,0.251,ConnectionRefusedError:[Errno 61] Connection refused
33.20054337475449,,0.477,ConnectionRefusedError:[Errno 61] Connection refused
33.21443354198709,,0.447,ConnectionRefusedError:[Errno 61] Connection refused
33.22035550000146,,0.307,ConnectionRefusedError:[Errno 61] Connection refused
33.23467929195613,,0.368,ConnectionRefusedError:[Errno 61] Connection refused
33.24209620896727,,0.506,ConnectionRefusedError:[Errno 61] Connection refused
33.25207408377901,,0.266,ConnectionRefusedError:[Errno 61] Connection refused
33.26380837475881,,0.323,ConnectionRefusedError:[Errno 61] Connection refused
33.271019416861236,,0.325,ConnectionRefusedError:[Errno 61] Connection refused
33.28404562501237,,0.383,ConnectionRefusedError:[Errno 61] Connection refused
33.29121212475002,,0.258,ConnectionRefusedError:[Errno 61] Connection refused
33.3042729170993,,0.269,ConnectionRefusedError:[Errno 61] Connection refused
33.31102379178628,,0.267,ConnectionRefusedError:[Errno 61] Connection refused
33.32359537482262,,0.314,ConnectionRefusedError:[Errno 61] Connection refused
33.33253045892343,,0.261,ConnectionRefusedError:[Errno 61] Connection refused
33.34108820883557,,0.265,ConnectionRefusedError:[Errno 61] Connection refused
33.3544842498377,,0.356,ConnectionRefusedError:[Errno 61] Connection refused
33.36593516683206,,0.344,ConnectionRefusedError:[Errno 61] Connection refused
33.37178804166615,,0.323,ConnectionRefusedError:[Errno 61] Connection refused
33.38073120871559,,0.246,ConnectionRefusedError:[Errno 61] Connection refused
33.39146229205653,,0.346,ConnectionRefusedError:[Errno 61] Connection refused
33.40018420899287,,0.628,ConnectionRefusedError:[Errno 61] Connection refused
33.410918791778386,,0.331,ConnectionRefusedError:[Errno 61] Connection refused
33.4231185419485,,0.381,ConnectionRefusedError:[Errno 61] Connection refused
33.431601624935865,,0.37,ConnectionRefusedError:[Errno 61] Connection refused
33.442516333889216,,6.71,ConnectionRefusedError:[Errno 61] Connection refused
33.45125204185024,,0.317,ConnectionRefusedError:[Errno 61] Connection refused
33.46035270905122,,0.329,ConnectionRefusedError:[Errno 61] Connection refused
33.47458866704255,,0.361,ConnectionRefusedError:[Errno 61] Connection refused
33.48244549985975,,0.334,ConnectionRefusedError:[Errno 61] Connection refused
33.49065445875749,,0.274,ConnectionRefusedError:[Errno 61] Connection refused
33.504002375062555,,0.245,ConnectionRefusedError:[Errno 61] Connection refused
33.51032275008038,,0.229,ConnectionRefusedError:[Errno 61] Connection refused
33.52012758376077,,0.239,ConnectionRefusedError:[Errno 61] Connection refused
33.53475754195824,,0.235,ConnectionRefusedError:[Errno 61] Connection refused
33.54101591696963,,0.254,ConnectionRefusedError:[Errno 61] Connection refused
33.55231462465599,,0.255,ConnectionRefusedError:[Errno 61] Connection refused
33.56156629184261,,0.2,ConnectionRefusedError:[Errno 61] Connection refused
33.574104874860495,,0.233,ConnectionRefusedError:[Errno 61] Connection refused
33.58180349972099,,0.19,ConnectionRefusedError:[Errno 61] Connection refused
33.59381120884791,,0.235,ConnectionRefusedError:[Errno 61] Connection refused
33.60068033402786,,0.207,ConnectionRefusedError:[Errno 61] Connection refused
33.61454495880753,,0.19,ConnectionRefusedError:[Errno 61] Connection refused
33.62119066668674,,0.211,ConnectionRefusedError:[Errno 61] Connection refused
33.634301791898906,,0.222,ConnectionRefusedError:[Errno 61] Connection refused
33.640108291991055,,0.164,ConnectionRefusedError:[Errno 61] Connection refused
33.654879041947424,,0.169,ConnectionRefusedError:[Errno 61] Connection refused
33.66247379174456,,0.198,ConnectionRefusedError:[Errno 61] Connection refused
33.673671083990484,,0.266,ConnectionRefusedError:[Errno 61] Connection refused
33.681347749661654,,0.191,ConnectionRefusedError:[Errno 61] Connection refused
33.69295458402485,,0.229,ConnectionRefusedError:[Errno 61] Connection refused
33.700731167104095,,0.21,ConnectionRefusedError:[Errno 61] Connection refused
33.714549999684095,,0.203,ConnectionRefusedError:[Errno 61] Connection refused
33.72257191687822,,0.19,ConnectionRefusedError:[Errno 61] Connection refused
33.733564749825746,,0.154,ConnectionRefusedError:[Errno 61] Connection refused
33.74049424985424,,0.158,ConnectionRefusedError:[Errno 61] Connection refused
33.75467904191464,,0.158,ConnectionRefusedError:[Errno 61] Connection refused
33.76234958367422,,0.162,ConnectionRefusedError:[Errno 61] Connection refused
33.77263945899904,,0.19,ConnectionRefusedError:[Errno 61] Connection refused
33.78002399997786,,0.157,ConnectionRefusedError:[Errno 61] Connection refused
33.79060412477702,,0.214,ConnectionRefusedError:[Errno 61] Connection refused
33.80212720902637,,0.198,ConnectionRefusedError:[Errno 61] Connection refused
33.81381504191086,,0.239,ConnectionRefusedError:[Errno 61] Connection refused
33.82028537476435,,0.143,ConnectionRefusedError:[Errno 61] Connection refused
33.83479345869273,,0.157,ConnectionRefusedError:[Errno 61] Connection refused
33.84252866683528,,0.107,ConnectionRefusedError:[Errno 61] Connection refused
33.85003854194656,,0.183,ConnectionRefusedError:[Errno 61] Connection refused
33.86408679187298,,0.259,ConnectionRefusedError:[Errno 61] Connection refused
33.8700398337096,,0.206,ConnectionRefusedError:[Errno 61] Connection refused
33.880034416913986,,0.264,ConnectionRefusedError:[Errno 61] Connection refused
33.89042979199439,,0.222,ConnectionRefusedError:[Errno 61] Connection refused
33.90006837481633,,0.237,ConnectionRefusedError:[Errno 61] Connection refused
33.91481745894998,,0.445,ConnectionRefusedError:[Errno 61] Connection refused
33.922272166702896,,0.2,ConnectionRefusedError:[Errno 61] Connection refused
33.93375804182142,,0.218,ConnectionRefusedError:[Errno 61] Connection refused
33.94299437478185,,0.157,ConnectionRefusedError:[Errno 61] Connection refused
33.953411041758955,,0.233,ConnectionRefusedError:[Errno 61] Connection refused
33.963195541873574,,0.17,ConnectionRefusedError:[Errno 61] Connection refused
33.971577333752066,,0.206,ConnectionRefusedError:[Errno 61] Connection refused
33.98001637496054,,0.232,ConnectionRefusedError:[Errno 61] Connection refused
33.99487241683528,,0.186,ConnectionRefusedError:[Errno 61] Connection refused
34.002443708945066,,0.17,ConnectionRefusedError:[Errno 61] Connection refused
34.01174274971709,,0.22,ConnectionRefusedError:[Errno 61] Connection refused
34.02398579195142,,0.229,ConnectionRefusedError:[Errno 61] Connection refused
34.03169249976054,,0.175,ConnectionRefusedError:[Errno 61] Connection refused
34.04341862490401,,0.265,ConnectionRefusedError:[Errno 61] Connection refused
34.050279167015105,,0.182,ConnectionRefusedError:[Errno 61] Connection refused
34.06236708397046,,0.198,ConnectionRefusedError:[Errno 61] Connection refused
34.070097874850035,,0.189,ConnectionRefusedError:[Errno 61] Connection refused
34.08041674969718,,0.272,ConnectionRefusedError:[Errno 61] Connection refused
34.09468541666865,,0.265,ConnectionRefusedError:[Errno 61] Connection refused
34.1024023341015,,0.172,ConnectionRefusedError:[Errno 61] Connection refused
34.11371212499216,,0.212,ConnectionRefusedError:[Errno 61] Connection refused
34.12032862473279,,0.192,ConnectionRefusedError:[Errno 61] Connection refused
34.133136458694935,,0.202,ConnectionRefusedError:[Errno 61] Connection refused
34.14254599995911,,0.17,ConnectionRefusedError:[Errno 61] Connection refused
34.15007858397439,,0.125,ConnectionRefusedError:[Errno 61] Connection refused
34.160053041763604,,0.345,ConnectionRefusedError:[Errno 61] Connection refused
34.170422124676406,,0.354,ConnectionRefusedError:[Errno 61] Connection refused
34.18439729185775,,0.214,ConnectionRefusedError:[Errno 61] Connection refused
34.192630416713655,,0.197,ConnectionRefusedError:[Errno 61] Connection refused
34.20005887467414,,0.223,ConnectionRefusedError:[Errno 61] Connection refused
34.21437137480825,,0.229,ConnectionRefusedError:[Errno 61] Connection refused
34.22110245889053,,0.225,ConnectionRefusedError:[Errno 61] Connection refused
34.234346666838974,,0.169,ConnectionRefusedError:[Errno 61] Connection refused
34.24273420870304,,0.139,ConnectionRefusedError:[Errno 61] Connection refused
34.25002545909956,,0.188,ConnectionRefusedError:[Errno 61] Connection refused
34.26017712475732,,0.447,ConnectionRefusedError:[Errno 61] Connection refused
34.27444270905107,,0.5,ConnectionRefusedError:[Errno 61] Connection refused
34.28487883368507,,0.407,ConnectionRefusedError:[Errno 61] Connection refused
34.291471333708614,,0.266,ConnectionRefusedError:[Errno 61] Connection refused
34.30171583406627,,0.275,ConnectionRefusedError:[Errno 61] Connection refused
34.31393662467599,,0.335,ConnectionRefusedError:[Errno 61] Connection refused
34.32263187505305,,0.393,ConnectionRefusedError:[Errno 61] Connection refused
34.33102783374488,,0.256,ConnectionRefusedError:[Errno 61] Connection refused
34.34200158389285,,0.406,ConnectionRefusedError:[Errno 61] Connection refused
34.351969041861594,,0.31,ConnectionRefusedError:[Errno 61] Connection refused
34.363627458922565,,0.228,ConnectionRefusedError:[Errno 61] Connection refused
34.37213766667992,,0.38,ConnectionRefusedError:[Errno 61] Connection refused
34.38088429206982,,0.224,ConnectionRefusedError:[Errno 61] Connection refused
34.39404020877555,,0.273,ConnectionRefusedError:[Errno 61] Connection refused
34.40015720902011,,0.217,ConnectionRefusedError:[Errno 61] Connection refused
34.416747875045985,,0.219,ConnectionRefusedError:[Errno 61] Connection refused
34.420881083700806,,0.148,ConnectionRefusedError:[Errno 61] Connection refused
34.430359249934554,,0.33,ConnectionRefusedError:[Errno 61] Connection refused
34.44123441679403,,3.84,ConnectionRefusedError:[Errno 61] Connection refused
34.450606291648,,1.362,ConnectionRefusedError:[Errno 61] Connection refused
34.46198849985376,,0.314,ConnectionRefusedError:[Errno 61] Connection refused
34.473211667034775,,0.285,ConnectionRefusedError:[Errno 61] Connection refused
34.482520416844636,,0.514,ConnectionRefusedError:[Errno 61] Connection refused
34.49301629187539,,0.224,ConnectionRefusedError:[Errno 61] Connection refused
34.500849458854645,,0.264,ConnectionRefusedError:[Errno 61] Connection refused
34.511756292078644,,0.363,ConnectionRefusedError:[Errno 61] Connection refused
34.52251687506214,,0.294,ConnectionRefusedError:[Errno 61] Connection refused
34.532433124724776,,0.304,ConnectionRefusedError:[Errno 61] Connection refused
34.54071045899764,,0.203,ConnectionRefusedError:[Errno 61] Connection refused
34.55453124968335,,0.213,ConnectionRefusedError:[Errno 61] Connection refused
34.56261687492952,,0.246,ConnectionRefusedError:[Errno 61] Connection refused
34.573025583755225,,0.213,ConnectionRefusedError:[Errno 61] Connection refused
34.58340674964711,,0.352,ConnectionRefusedError:[Errno 61] Connection refused
34.59306558407843,,0.272,ConnectionRefusedError:[Errno 61] Connection refused
34.60333075001836,,0.218,ConnectionRefusedError:[Errno 61] Connection refused
34.61321137472987,,0.546,ConnectionRefusedError:[Errno 61] Connection refused
34.62196762487292,,0.329,ConnectionRefusedError:[Errno 61] Connection refused
34.63436358375475,,0.674,ConnectionRefusedError:[Errno 61] Connection refused
34.641853666864336,,0.359,ConnectionRefusedError:[Errno 61] Connection refused
34.65266962489113,,0.292,ConnectionRefusedError:[Errno 61] Connection refused
34.66216195886955,,0.316,ConnectionRefusedError:[Errno 61] Connection refused
34.673791584093124,,0.345,ConnectionRefusedError:[Errno 61] Connection refused
34.68171741673723,,0.217,ConnectionRefusedError:[Errno 61] Connection refused
34.690699792001396,,0.214,ConnectionRefusedError:[Errno 61] Connection refused
34.703622417058796,,0.234,ConnectionRefusedError:[Errno 61] Connection refused
34.71308529190719,,0.266,ConnectionRefusedError:[Errno 61] Connection refused
34.721045958809555,,0.196,ConnectionRefusedError:[Errno 61] Connection refused
34.73230141680688,,0.284,ConnectionRefusedError:[Errno 61] Connection refused
34.74244033405557,,0.454,ConnectionRefusedError:[Errno 61] Connection refused
34.75279466668144,,0.355,ConnectionRefusedError:[Errno 61] Connection refused
34.76161825004965,,0.37,ConnectionRefusedError:[Errno 61] Connection refused
34.77425141679123,,0.369,ConnectionRefusedError:[Errno 61] Connection refused
34.78429770888761,,0.394,ConnectionRefusedError:[Errno 61] Connection refused
34.79047383368015,,0.397,ConnectionRefusedError:[Errno 61] Connection refused
34.80455299979076,,0.543,ConnectionRefusedError:[Errno 61] Connection refused
34.81655179196969,,0.616,ConnectionRefusedError:[Errno 61] Connection refused
34.820262792054564,,0.343,ConnectionRefusedError:[Errno 61] Connection refused
34.832913499791175,,0.416,ConnectionRefusedError:[Errno 61] Connection refused
34.84330820897594,,0.48,ConnectionRefusedError:[Errno 61] Connection refused
34.852357083931565,,0.317,ConnectionRefusedError:[Errno 61] Connection refused
34.864718459080905,,0.577,ConnectionRefusedError:[Errno 61] Connection refused
34.87187383370474,,0.522,ConnectionRefusedError:[Errno 61] Connection refused
34.883403124753386,,2.589,ConnectionRefusedError:[Errno 61] Connection refused
34.890387958846986,,0.452,ConnectionRefusedError:[Errno 61] Connection refused
34.90018574986607,,0.316,ConnectionRefusedError:[Errno 61] Connection refused
34.91481191664934,,1.145,ConnectionRefusedError:[Errno 61] Connection refused
34.92070375010371,,0.248,ConnectionRefusedError:[Errno 61] Connection refused
34.932805583812296,,0.291,ConnectionRefusedError:[Errno 61] Connection refused
34.942682791966945,,0.284,ConnectionRefusedError:[Errno 61] Connection refused
34.95347645878792,,0.609,ConnectionRefusedError:[Errno 61] Connection refused
34.96136520896107,,0.486,ConnectionRefusedError:[Errno 61] Connection refused
34.972847249824554,,0.278,ConnectionRefusedError:[Errno 61] Connection refused
34.982912208884954,,0.453,ConnectionRefusedError:[Errno 61] Connection refused
34.99159441702068,,0.298,ConnectionRefusedError:[Errno 61] Connection refused
35.00036433385685,,0.277,ConnectionRefusedError:[Errno 61] Connection refused
35.010435624979436,,0.385,ConnectionRefusedError:[Errno 61] Connection refused
35.02259479183704,,0.33,ConnectionRefusedError:[Errno 61] Connection refused
35.03348987502977,,0.385,ConnectionRefusedError:[Errno 61] Connection refused
35.041202624794096,,0.289,ConnectionRefusedError:[Errno 61] Connection refused
35.052242166828364,,0.209,ConnectionRefusedError:[Errno 61] Connection refused
35.06379620870575,,0.233,ConnectionRefusedError:[Errno 61] Connection refused
35.07006637472659,,0.287,ConnectionRefusedError:[Errno 61] Connection refused
35.084838958922774,,0.301,ConnectionRefusedError:[Errno 61] Connection refused
35.0908397086896,,0.396,ConnectionRefusedError:[Errno 61] Connection refused
35.10200629197061,,0.435,ConnectionRefusedError:[Errno 61] Connection refused
35.11096812505275,,0.403,ConnectionRefusedError:[Errno 61] Connection refused
35.121464000083506,,0.371,ConnectionRefusedError:[Errno 61] Connection refused
35.134048958774656,,0.33,ConnectionRefusedError:[Errno 61] Connection refused
35.14018187485635,,0.227,ConnectionRefusedError:[Errno 61] Connection refused
35.15254224976525,,0.516,ConnectionRefusedError:[Errno 61] Connection refused
35.162036833819,,0.367,ConnectionRefusedError:[Errno 61] Connection refused
35.17205654177815,,0.505,ConnectionRefusedError:[Errno 61] Connection refused
35.18151479167864,,0.335,ConnectionRefusedError:[Errno 61] Connection refused
35.193335792049766,,0.251,ConnectionRefusedError:[Errno 61] Connection refused
35.20250424975529,,0.321,ConnectionRefusedError:[Errno 61] Connection refused
35.212526708841324,,0.23,ConnectionRefusedError:[Errno 61] Connection refused
35.220258709043264,,0.2,ConnectionRefusedError:[Errno 61] Connection refused
35.230629541911185,,0.471,ConnectionRefusedError:[Errno 61] Connection refused
35.24340237490833,,0.398,ConnectionRefusedError:[Errno 61] Connection refused
35.2522798338905,,0.193,ConnectionRefusedError:[Errno 61] Connection refused
35.26190433371812,,0.517,ConnectionRefusedError:[Errno 61] Connection refused
35.27262399997562,,0.323,ConnectionRefusedError:[Errno 61] Connection refused
35.282546791713685,,0.257,ConnectionRefusedError:[Errno 61] Connection refused
35.29985895892605,,0.824,ConnectionRefusedError:[Errno 61] Connection refused
35.30175054166466,,0.261,ConnectionRefusedError:[Errno 61] Connection refused
35.31182774994522,,0.296,ConnectionRefusedError:[Errno 61] Connection refused
35.32314420910552,,0.253,ConnectionRefusedError:[Errno 61] Connection refused
35.33092449977994,,0.259,ConnectionRefusedError:[Errno 61] Connection refused
35.34215737506747,,0.24,ConnectionRefusedError:[Errno 61] Connection refused
35.35027500009164,,0.224,ConnectionRefusedError:[Errno 61] Connection refused
35.36541520897299,,0.317,ConnectionRefusedError:[Errno 61] Connection refused
35.37190141668543,,0.287,ConnectionRefusedError:[Errno 61] Connection refused
35.38079524971545,,0.278,ConnectionRefusedError:[Errno 61] Connection refused
35.39242324978113,,0.301,ConnectionRefusedError:[Errno 61] Connection refused
35.40354949980974,,0.185,ConnectionRefusedError:[Errno 61] Connection refused
35.412429791875184,,0.277,ConnectionRefusedError:[Errno 61] Connection refused
35.42016725009307,,0.189,ConnectionRefusedError:[Errno 61] Connection refused
35.43414437491447,,0.212,ConnectionRefusedError:[Errno 61] Connection refused
35.44001716701314,,0.266,ConnectionRefusedError:[Errno 61] Connection refused
35.4547755420208,,0.523,ConnectionRefusedError:[Errno 61] Connection refused
35.46060929168016,,0.237,ConnectionRefusedError:[Errno 61] Connection refused
35.47360712476075,,0.512,ConnectionRefusedError:[Errno 61] Connection refused
35.4845162499696,,0.266,ConnectionRefusedError:[Errno 61] Connection refused
35.4909894997254,,0.246,ConnectionRefusedError:[Errno 61] Connection refused
35.50432920875028,,0.715,ConnectionRefusedError:[Errno 61] Connection refused
35.51202049991116,,0.493,ConnectionRefusedError:[Errno 61] Connection refused
35.52284216694534,,0.416,ConnectionRefusedError:[Errno 61] Connection refused
35.533085208851844,,0.461,ConnectionRefusedError:[Errno 61] Connection refused
35.54299966664985,,0.275,ConnectionRefusedError:[Errno 61] Connection refused
35.55105158407241,,0.238,ConnectionRefusedError:[Errno 61] Connection refused
35.564345499966294,,0.239,ConnectionRefusedError:[Errno 61] Connection refused
35.5726504586637,,0.224,ConnectionRefusedError:[Errno 61] Connection refused
35.58281400008127,,0.21,ConnectionRefusedError:[Errno 61] Connection refused
35.59054254181683,,0.252,ConnectionRefusedError:[Errno 61] Connection refused
35.60276983398944,,0.189,ConnectionRefusedError:[Errno 61] Connection refused
35.614647834096104,,0.308,ConnectionRefusedError:[Errno 61] Connection refused
35.62089945888147,,0.293,ConnectionRefusedError:[Errno 61] Connection refused
35.63077566679567,,0.315,ConnectionRefusedError:[Errno 61] Connection refused
35.64939949987456,,0.318,ConnectionRefusedError:[Errno 61] Connection refused
35.65012912498787,,0.453,ConnectionRefusedError:[Errno 61] Connection refused
35.664322124794126,,0.327,ConnectionRefusedError:[Errno 61] Connection refused
35.67245833389461,,0.304,ConnectionRefusedError:[Errno 61] Connection refused
35.683604458812624,,0.25,ConnectionRefusedError:[Errno 61] Connection refused
35.69141629198566,,0.234,ConnectionRefusedError:[Errno 61] Connection refused
35.70296104205772,,0.298,ConnectionRefusedError:[Errno 61] Connection refused
35.710743667092174,,0.215,ConnectionRefusedError:[Errno 61] Connection refused
35.724377458915114,,0.209,ConnectionRefusedError:[Errno 61] Connection refused
35.73211045889184,,0.315,ConnectionRefusedError:[Errno 61] Connection refused
35.740628958679736,,0.409,ConnectionRefusedError:[Errno 61] Connection refused
35.750412666704506,,0.355,ConnectionRefusedError:[Errno 61] Connection refused
35.761282458901405,,0.439,ConnectionRefusedError:[Errno 61] Connection refused
35.77372987475246,,0.3,ConnectionRefusedError:[Errno 61] Connection refused
35.7828987496905,,0.196,ConnectionRefusedError:[Errno 61] Connection refused
35.791746583767235,,0.237,ConnectionRefusedError:[Errno 61] Connection refused
35.802475249860436,,0.216,ConnectionRefusedError:[Errno 61] Connection refused
35.81362795876339,,0.202,ConnectionRefusedError:[Errno 61] Connection refused
35.823034833651036,,0.2,ConnectionRefusedError:[Errno 61] Connection refused
35.83338812505826,,0.159,ConnectionRefusedError:[Errno 61] Connection refused
35.841068958863616,,0.152,ConnectionRefusedError:[Errno 61] Connection refused
35.854387499857694,,0.23,ConnectionRefusedError:[Errno 61] Connection refused
35.861752584110945,,0.206,ConnectionRefusedError:[Errno 61] Connection refused
35.874013625085354,,0.195,ConnectionRefusedError:[Errno 61] Connection refused
35.880431124940515,,0.181,ConnectionRefusedError:[Errno 61] Connection refused
35.89171624975279,,0.513,ConnectionRefusedError:[Errno 61] Connection refused
35.902610833756626,,0.287,ConnectionRefusedError:[Errno 61] Connection refused
35.91074174968526,,0.61,ConnectionRefusedError:[Errno 61] Connection refused
35.92395449988544,,0.894,ConnectionRefusedError:[Errno 61] Connection refused
35.932507916819304,,1.336,ConnectionRefusedError:[Errno 61] Connection refused
35.94122450007126,,0.342,ConnectionRefusedError:[Errno 61] Connection refused
35.95295658381656,,0.61,ConnectionRefusedError:[Errno 61] Connection refused
35.96299804188311,,0.428,ConnectionRefusedError:[Errno 61] Connection refused
35.97020637476817,,0.255,ConnectionRefusedError:[Errno 61] Connection refused
35.98151829186827,,0.294,ConnectionRefusedError:[Errno 61] Connection refused
35.991819750051945,,0.288,ConnectionRefusedError:[Errno 61] Connection refused
36.00249958410859,,0.539,ConnectionRefusedError:[Errno 61] Connection refused
36.010454416740686,,0.168,ConnectionRefusedError:[Errno 61] Connection refused
36.02097083395347,,0.191,ConnectionRefusedError:[Errno 61] Connection refused
36.034343749750406,,0.193,ConnectionRefusedError:[Errno 61] Connection refused
36.04270804207772,,0.283,ConnectionRefusedError:[Errno 61] Connection refused
36.05253216670826,,0.343,ConnectionRefusedError:[Errno 61] Connection refused
36.06513924989849,,0.292,ConnectionRefusedError:[Errno 61] Connection refused
36.071262708865106,,0.548,ConnectionRefusedError:[Errno 61] Connection refused
36.08348729182035,,0.373,ConnectionRefusedError:[Errno 61] Connection refused
36.092964249663055,,0.545,ConnectionRefusedError:[Errno 61] Connection refused
36.10093079181388,,0.428,ConnectionRefusedError:[Errno 61] Connection refused
36.110490541905165,,0.34,ConnectionRefusedError:[Errno 61] Connection refused
36.121049374807626,,0.299,ConnectionRefusedError:[Errno 61] Connection refused
36.13422595895827,,0.484,ConnectionRefusedError:[Errno 61] Connection refused
36.14240537490696,,0.29,ConnectionRefusedError:[Errno 61] Connection refused
36.15366599988192,,0.44,ConnectionRefusedError:[Errno 61] Connection refused
36.16208754200488,,0.295,ConnectionRefusedError:[Errno 61] Connection refused
36.17379754176363,,0.576,ConnectionRefusedError:[Errno 61] Connection refused
36.182039292063564,,0.265,ConnectionRefusedError:[Errno 61] Connection refused
36.19187508383766,,0.215,ConnectionRefusedError:[Errno 61] Connection refused
36.203957583755255,,0.517,ConnectionRefusedError:[Errno 61] Connection refused
36.21241374965757,,0.223,ConnectionRefusedError:[Errno 61] Connection refused
36.22038795892149,,0.256,ConnectionRefusedError:[Errno 61] Connection refused
36.2333075418137,,0.467,ConnectionRefusedError:[Errno 61] Connection refused
36.24267587484792,,0.416,ConnectionRefusedError:[Errno 61] Connection refused
36.25056108366698,,0.26,ConnectionRefusedError:[Errno 61] Connection refused
36.26431966666132,,0.882,ConnectionRefusedError:[Errno 61] Connection refused
36.271906124893576,,0.247,ConnectionRefusedError:[Errno 61] Connection refused
36.28395220870152,,0.576,ConnectionRefusedError:[Errno 61] Connection refused
36.29205304197967,,0.317,ConnectionRefusedError:[Errno 61] Connection refused
36.30272612487897,,0.292,ConnectionRefusedError:[Errno 61] Connection refused
36.314885458908975,,0.454,ConnectionRefusedError:[Errno 61] Connection refused
36.321415999904275,,0.342,ConnectionRefusedError:[Errno 61] Connection refused
36.33333891676739,,0.29,ConnectionRefusedError:[Errno 61] Connection refused
36.34119883365929,,0.272,ConnectionRefusedError:[Errno 61] Connection refused
36.35208541667089,,0.549,ConnectionRefusedError:[Errno 61] Connection refused
36.36253562476486,,0.37,ConnectionRefusedError:[Errno 61] Connection refused
36.370610458776355,,0.193,ConnectionRefusedError:[Errno 61] Connection refused
36.38460462493822,,0.297,ConnectionRefusedError:[Errno 61] Connection refused
36.392504749819636,,0.209,ConnectionRefusedError:[Errno 61] Connection refused
36.400199291761965,,0.195,ConnectionRefusedError:[Errno 61] Connection refused
36.411890000104904,,0.211,ConnectionRefusedError:[Errno 61] Connection refused
36.42333441693336,,0.232,ConnectionRefusedError:[Errno 61] Connection refused
36.433217791840434,,0.219,ConnectionRefusedError:[Errno 61] Connection refused
36.44135154178366,,0.188,ConnectionRefusedError:[Errno 61] Connection refused
36.45157187478617,,0.442,ConnectionRefusedError:[Errno 61] Connection refused
36.46271104179323,,0.372,ConnectionRefusedError:[Errno 61] Connection refused
36.47367083374411,,0.976,ConnectionRefusedError:[Errno 61] Connection refused
36.48271304182708,,0.204,ConnectionRefusedError:[Errno 61] Connection refused
36.49262566678226,,0.306,ConnectionRefusedError:[Errno 61] Connection refused
36.500450334046036,,0.198,ConnectionRefusedError:[Errno 61] Connection refused
36.514685709029436,,0.534,ConnectionRefusedError:[Errno 61] Connection refused
36.52206104202196,,0.351,ConnectionRefusedError:[Errno 61] Connection refused
36.53047091700137,,0.166,ConnectionRefusedError:[Errno 61] Connection refused
36.543365166988224,,0.628,ConnectionRefusedError:[Errno 61] Connection refused
36.55283225001767,,0.27,ConnectionRefusedError:[Errno 61] Connection refused
36.56072404189035,,0.282,ConnectionRefusedError:[Errno 61] Connection refused
36.57066766684875,,0.396,ConnectionRefusedError:[Errno 61] Connection refused
36.58097870880738,,0.283,ConnectionRefusedError:[Errno 61] Connection refused
36.59440487483516,,0.513,ConnectionRefusedError:[Errno 61] Connection refused
36.60143058374524,,0.406,ConnectionRefusedError:[Errno 61] Connection refused
36.61659674998373,,5.738,ConnectionRefusedError:[Errno 61] Connection refused
36.62220420874655,,0.505,ConnectionRefusedError:[Errno 61] Connection refused
36.63286970881745,,0.466,ConnectionRefusedError:[Errno 61] Connection refused
36.64323487505317,,0.244,ConnectionRefusedError:[Errno 61] Connection refused
36.65095295896754,,0.294,ConnectionRefusedError:[Errno 61] Connection refused
36.664376583881676,,0.334,ConnectionRefusedError:[Errno 61] Connection refused
36.67073854198679,,0.196,ConnectionRefusedError:[Errno 61] Connection refused
36.68041079165414,,0.26,ConnectionRefusedError:[Errno 61] Connection refused
36.693364792037755,,0.176,ConnectionRefusedError:[Errno 61] Connection refused
36.70102049969137,,0.162,ConnectionRefusedError:[Errno 61] Connection refused
36.71232108399272,,0.262,ConnectionRefusedError:[Errno 61] Connection refused
36.72307220892981,,0.194,ConnectionRefusedError:[Errno 61] Connection refused
36.73336254199967,,0.176,ConnectionRefusedError:[Errno 61] Connection refused
36.74043866666034,,0.182,ConnectionRefusedError:[Errno 61] Connection refused
36.754681166727096,,0.157,ConnectionRefusedError:[Errno 61] Connection refused
36.761872791685164,,0.222,ConnectionRefusedError:[Errno 61] Connection refused
36.77146162465215,,0.208,ConnectionRefusedError:[Errno 61] Connection refused
36.78465154208243,,0.333,ConnectionRefusedError:[Errno 61] Connection refused
36.792428583838046,,0.278,ConnectionRefusedError:[Errno 61] Connection refused
36.80359449982643,,0.279,ConnectionRefusedError:[Errno 61] Connection refused
36.813035958912224,,0.339,ConnectionRefusedError:[Errno 61] Connection refused
36.82321945903823,,0.242,ConnectionRefusedError:[Errno 61] Connection refused
36.83319091703743,,0.208,ConnectionRefusedError:[Errno 61] Connection refused
36.8420774997212,,0.207,ConnectionRefusedError:[Errno 61] Connection refused
36.85190887469798,,0.217,ConnectionRefusedError:[Errno 61] Connection refused
36.86390733392909,,0.211,ConnectionRefusedError:[Errno 61] Connection refused
36.87169974995777,,0.203,ConnectionRefusedError:[Errno 61] Connection refused
36.8824761249125,,0.151,ConnectionRefusedError:[Errno 61] Connection refused
36.89373925002292,,0.224,ConnectionRefusedError:[Errno 61] Connection refused
36.90030216705054,,0.129,ConnectionRefusedError:[Errno 61] Connection refused
36.91224483400583,,0.183,ConnectionRefusedError:[Errno 61] Connection refused
36.92047104192898,,0.157,ConnectionRefusedError:[Errno 61] Connection refused
36.93470299988985,,0.173,ConnectionRefusedError:[Errno 61] Connection refused
36.94055425003171,,0.172,ConnectionRefusedError:[Errno 61] Connection refused
36.952716124709696,,0.223,ConnectionRefusedError:[Errno 61] Connection refused
36.96054545883089,,0.185,ConnectionRefusedError:[Errno 61] Connection refused
36.97460895869881,,0.262,ConnectionRefusedError:[Errno 61] Connection refused
36.98251354182139,,0.23,ConnectionRefusedError:[Errno 61] Connection refused
36.993311958853155,,0.177,ConnectionRefusedError:[Errno 61] Connection refused
37.00133208371699,,0.147,ConnectionRefusedError:[Errno 61] Connection refused
37.012810749933124,,0.188,ConnectionRefusedError:[Errno 61] Connection refused
37.020604541990906,,0.179,ConnectionRefusedError:[Errno 61] Connection refused
37.03052741708234,,0.171,ConnectionRefusedError:[Errno 61] Connection refused
37.041640624869615,,0.162,ConnectionRefusedError:[Errno 61] Connection refused
37.05410304199904,,0.188,ConnectionRefusedError:[Errno 61] Connection refused
37.06282812496647,,0.187,ConnectionRefusedError:[Errno 61] Connection refused
37.07351233391091,,0.344,ConnectionRefusedError:[Errno 61] Connection refused
37.08137649996206,,0.317,ConnectionRefusedError:[Errno 61] Connection refused
37.094189167022705,,0.48,ConnectionRefusedError:[Errno 61] Connection refused
37.100389999803156,,0.31,ConnectionRefusedError:[Errno 61] Connection refused
37.112286208663136,,0.308,ConnectionRefusedError:[Errno 61] Connection refused
37.12066145893186,,0.264,ConnectionRefusedError:[Errno 61] Connection refused
37.13290745904669,,0.244,ConnectionRefusedError:[Errno 61] Connection refused
37.143304666969925,,0.304,ConnectionRefusedError:[Errno 61] Connection refused
37.15293445903808,,0.227,ConnectionRefusedError:[Errno 61] Connection refused
37.16171962488443,,0.223,ConnectionRefusedError:[Errno 61] Connection refused
37.17259462503716,,0.208,ConnectionRefusedError:[Errno 61] Connection refused
37.18058954179287,,0.207,ConnectionRefusedError:[Errno 61] Connection refused
37.19455133378506,,0.164,ConnectionRefusedError:[Errno 61] Connection refused
37.20262495893985,,0.18,ConnectionRefusedError:[Errno 61] Connection refused
37.21036483393982,,0.156,ConnectionRefusedError:[Errno 61] Connection refused
37.2247413340956,,0.183,ConnectionRefusedError:[Errno 61] Connection refused
37.23252991680056,,0.203,ConnectionRefusedError:[Errno 61] Connection refused
37.24361883383244,,0.111,ConnectionRefusedError:[Errno 61] Connection refused
37.250061959028244,,0.176,ConnectionRefusedError:[Errno 61] Connection refused
37.264843499753624,,0.28,ConnectionRefusedError:[Errno 61] Connection refused
37.270250249654055,,0.143,ConnectionRefusedError:[Errno 61] Connection refused
37.280372333712876,,0.286,ConnectionRefusedError:[Errno 61] Connection refused
37.294539750088006,,0.233,ConnectionRefusedError:[Errno 61] Connection refused
37.30113112507388,,0.538,ConnectionRefusedError:[Errno 61] Connection refused
37.31048366706818,,0.305,ConnectionRefusedError:[Errno 61] Connection refused
37.323478375095874,,0.201,ConnectionRefusedError:[Errno 61] Connection refused
37.333221917040646,,0.489,ConnectionRefusedError:[Errno 61] Connection refused
37.341188083868474,,0.254,ConnectionRefusedError:[Errno 61] Connection refused
37.353695458732545,,0.382,ConnectionRefusedError:[Errno 61] Connection refused
37.361372124869376,,0.38,ConnectionRefusedError:[Errno 61] Connection refused
37.37267274968326,,0.231,ConnectionRefusedError:[Errno 61] Connection refused
37.381440584082156,,0.195,ConnectionRefusedError:[Errno 61] Connection refused
37.390452874824405,,0.319,ConnectionRefusedError:[Errno 61] Connection refused
37.40437929192558,,0.237,ConnectionRefusedError:[Errno 61] Connection refused
37.41203691670671,,0.233,ConnectionRefusedError:[Errno 61] Connection refused
37.42068604193628,,0.29,ConnectionRefusedError:[Errno 61] Connection refused
37.432306124828756,,0.794,ConnectionRefusedError:[Errno 61] Connection refused
37.44245441677049,,0.329,ConnectionRefusedError:[Errno 61] Connection refused
37.45048158382997,,0.583,ConnectionRefusedError:[Errno 61] Connection refused
37.46282187476754,,0.359,ConnectionRefusedError:[Errno 61] Connection refused
37.472668542061,,0.385,ConnectionRefusedError:[Errno 61] Connection refused
37.481527334079146,,0.237,ConnectionRefusedError:[Errno 61] Connection refused
37.49168379185721,,0.345,ConnectionRefusedError:[Errno 61] Connection refused
37.503539291676134,,0.276,ConnectionRefusedError:[Errno 61] Connection refused
37.51246624998748,,0.266,ConnectionRefusedError:[Errno 61] Connection refused
37.520636125002056,,0.267,ConnectionRefusedError:[Errno 61] Connection refused
37.53433649986982,,0.212,ConnectionRefusedError:[Errno 61] Connection refused
37.54083012510091,,0.323,ConnectionRefusedError:[Errno 61] Connection refused
37.55133841698989,,0.263,ConnectionRefusedError:[Errno 61] Connection refused
37.56006554188207,,0.397,ConnectionRefusedError:[Errno 61] Connection refused
37.57403700007126,,0.275,ConnectionRefusedError:[Errno 61] Connection refused
37.581808666698635,,0.235,ConnectionRefusedError:[Errno 61] Connection refused
37.591174833942205,,0.262,ConnectionRefusedError:[Errno 61] Connection refused
37.601467083673924,,0.45,ConnectionRefusedError:[Errno 61] Connection refused
37.611874791793525,,0.426,ConnectionRefusedError:[Errno 61] Connection refused
37.62269854173064,,0.401,ConnectionRefusedError:[Errno 61] Connection refused
37.632851749658585,,0.732,ConnectionRefusedError:[Errno 61] Connection refused
37.642433708999306,,0.563,ConnectionRefusedError:[Errno 61] Connection refused
37.653540124651045,,0.673,ConnectionRefusedError:[Errno 61] Connection refused
37.66122266696766,,1.038,ConnectionRefusedError:[Errno 61] Connection refused
37.67242125002667,,0.209,ConnectionRefusedError:[Errno 61] Connection refused
37.6801573750563,,0.438,ConnectionRefusedError:[Errno 61] Connection refused
37.691973249893636,,0.269,ConnectionRefusedError:[Errno 61] Connection refused
37.70126166706905,,0.319,ConnectionRefusedError:[Errno 61] Connection refused
37.714185083750635,,0.52,ConnectionRefusedError:[Errno 61] Connection refused
37.722069167066365,,0.831,ConnectionRefusedError:[Errno 61] Connection refused
37.7334962496534,,0.449,ConnectionRefusedError:[Errno 61] Connection refused
37.741569167003036,,0.18,ConnectionRefusedError:[Errno 61] Connection refused
37.75355883408338,,0.234,ConnectionRefusedError:[Errno 61] Connection refused
37.76313245901838,,0.496,ConnectionRefusedError:[Errno 61] Connection refused
37.77111229207367,,0.415,ConnectionRefusedError:[Errno 61] Connection refused
37.783142666798085,,0.606,ConnectionRefusedError:[Errno 61] Connection refused
37.79286529170349,,0.293,ConnectionRefusedError:[Errno 61] Connection refused
37.80240458389744,,0.485,ConnectionRefusedError:[Errno 61] Connection refused
37.81111045880243,,0.348,ConnectionRefusedError:[Errno 61] Connection refused
37.82160983374342,,0.548,ConnectionRefusedError:[Errno 61] Connection refused
37.830914333928376,,0.271,ConnectionRefusedError:[Errno 61] Connection refused
37.843190459068865,,0.408,ConnectionRefusedError:[Errno 61] Connection refused
37.85094162495807,,0.375,ConnectionRefusedError:[Errno 61] Connection refused
37.864658541977406,,0.624,ConnectionRefusedError:[Errno 61] Connection refused
37.8721592919901,,0.345,ConnectionRefusedError:[Errno 61] Connection refused
37.88017770880833,,0.42,ConnectionRefusedError:[Errno 61] Connection refused
37.89225183380768,,0.265,ConnectionRefusedError:[Errno 61] Connection refused
37.9036440839991,,0.281,ConnectionRefusedError:[Errno 61] Connection refused
37.9114303747192,,0.352,ConnectionRefusedError:[Errno 61] Connection refused
37.92108020884916,,0.569,ConnectionRefusedError:[Errno 61] Connection refused
37.93366533378139,,0.458,ConnectionRefusedError:[Errno 61] Connection refused
37.94225529208779,,0.456,ConnectionRefusedError:[Errno 61] Connection refused
37.9524952089414,,0.696,ConnectionRefusedError:[Errno 61] Connection refused
37.96320095891133,,0.311,ConnectionRefusedError:[Errno 61] Connection refused
37.97077145893127,,0.283,ConnectionRefusedError:[Errno 61] Connection refused
37.981060166843235,,0.282,ConnectionRefusedError:[Errno 61] Connection refused
37.994364167097956,,0.47,ConnectionRefusedError:[Errno 61] Connection refused
38.00015366682783,,0.318,ConnectionRefusedError:[Errno 61] Connection refused
38.0124079589732,,0.303,ConnectionRefusedError:[Errno 61] Connection refused
38.020182666834444,,0.272,ConnectionRefusedError:[Errno 61] Connection refused
38.030434833839536,,0.527,ConnectionRefusedError:[Errno 61] Connection refused
38.04365437477827,,0.331,ConnectionRefusedError:[Errno 61] Connection refused
38.05301562510431,,0.242,ConnectionRefusedError:[Errno 61] Connection refused
38.06073037488386,,0.271,ConnectionRefusedError:[Errno 61] Connection refused
38.07162933377549,,0.276,ConnectionRefusedError:[Errno 61] Connection refused
38.08345145871863,,0.228,ConnectionRefusedError:[Errno 61] Connection refused
38.0911443750374,,0.236,ConnectionRefusedError:[Errno 61] Connection refused
38.10305349994451,,0.233,ConnectionRefusedError:[Errno 61] Connection refused
38.1133440840058,,0.213,ConnectionRefusedError:[Errno 61] Connection refused
38.12321629188955,,0.241,ConnectionRefusedError:[Errno 61] Connection refused
38.13097641710192,,0.435,ConnectionRefusedError:[Errno 61] Connection refused
38.144043874926865,,1.414,ConnectionRefusedError:[Errno 61] Connection refused
38.150634499732405,,0.467,ConnectionRefusedError:[Errno 61] Connection refused
38.164366624783725,,0.266,ConnectionRefusedError:[Errno 61] Connection refused
38.17270849971101,,0.456,ConnectionRefusedError:[Errno 61] Connection refused
38.18059283401817,,0.371,ConnectionRefusedError:[Errno 61] Connection refused
38.19335220893845,,0.335,ConnectionRefusedError:[Errno 61] Connection refused
38.20142020890489,,0.387,ConnectionRefusedError:[Errno 61] Connection refused
38.21417004195973,,0.226,ConnectionRefusedError:[Errno 61] Connection refused
38.22270966693759,,0.278,ConnectionRefusedError:[Errno 61] Connection refused
38.2337684170343,,0.361,ConnectionRefusedError:[Errno 61] Connection refused
38.24278649967164,,0.719,ConnectionRefusedError:[Errno 61] Connection refused
38.25035662483424,,0.298,ConnectionRefusedError:[Errno 61] Connection refused
38.2623787089251,,0.472,ConnectionRefusedError:[Errno 61] Connection refused
38.273679041769356,,0.48,ConnectionRefusedError:[Errno 61] Connection refused
38.28489591693506,,0.869,ConnectionRefusedError:[Errno 61] Connection refused
38.29077433375642,,0.305,ConnectionRefusedError:[Errno 61] Connection refused
38.304462333675474,,0.555,ConnectionRefusedError:[Errno 61] Connection refused
38.31025754194707,,0.288,ConnectionRefusedError:[Errno 61] Connection refused
38.3201298750937,,0.405,ConnectionRefusedError:[Errno 61] Connection refused
38.3321463749744,,0.492,ConnectionRefusedError:[Errno 61] Connection refused
38.34330979175866,,0.428,ConnectionRefusedError:[Errno 61] Connection refused
38.35078754182905,,0.301,ConnectionRefusedError:[Errno 61] Connection refused
38.362703166902065,,0.385,ConnectionRefusedError:[Errno 61] Connection refused
38.37153020873666,,0.342,ConnectionRefusedError:[Errno 61] Connection refused
38.38116737501696,,0.256,ConnectionRefusedError:[Errno 61] Connection refused
38.393395208753645,,0.406,ConnectionRefusedError:[Errno 61] Connection refused
38.402795041911304,,0.53,ConnectionRefusedError:[Errno 61] Connection refused
38.413240833673626,,0.339,ConnectionRefusedError:[Errno 61] Connection refused
38.42293212469667,,0.3,ConnectionRefusedError:[Errno 61] Connection refused
38.43093449994922,,0.302,ConnectionRefusedError:[Errno 61] Connection refused
38.443601249717176,,0.412,ConnectionRefusedError:[Errno 61] Connection refused
38.45194499986246,,0.319,ConnectionRefusedError:[Errno 61] Connection refused
38.461785374674946,,0.466,ConnectionRefusedError:[Errno 61] Connection refused
38.472732041962445,,0.439,ConnectionRefusedError:[Errno 61] Connection refused
38.481144583784044,,0.486,ConnectionRefusedError:[Errno 61] Connection refused
38.49225249979645,,0.241,ConnectionRefusedError:[Errno 61] Connection refused
38.50017866678536,,0.965,ConnectionRefusedError:[Errno 61] Connection refused
38.5112024997361,,0.39,ConnectionRefusedError:[Errno 61] Connection refused
38.52393591683358,,0.338,ConnectionRefusedError:[Errno 61] Connection refused
38.532809333875775,,0.285,ConnectionRefusedError:[Errno 61] Connection refused
38.54053358407691,,0.221,ConnectionRefusedError:[Errno 61] Connection refused
38.550264708697796,,0.257,ConnectionRefusedError:[Errno 61] Connection refused
38.56554579176009,,0.292,ConnectionRefusedError:[Errno 61] Connection refused
38.57125929184258,,0.206,ConnectionRefusedError:[Errno 61] Connection refused
38.584268333856016,,0.244,ConnectionRefusedError:[Errno 61] Connection refused
38.5927042090334,,0.141,ConnectionRefusedError:[Errno 61] Connection refused
38.602307667024434,,0.169,ConnectionRefusedError:[Errno 61] Connection refused
38.61374620907009,,0.204,ConnectionRefusedError:[Errno 61] Connection refused
38.62033504201099,,0.165,ConnectionRefusedError:[Errno 61] Connection refused
38.63475325005129,,0.186,ConnectionRefusedError:[Errno 61] Connection refused
38.64252037508413,,0.213,ConnectionRefusedError:[Errno 61] Connection refused
38.65364745911211,,0.135,ConnectionRefusedError:[Errno 61] Connection refused
38.66196004208177,,0.194,ConnectionRefusedError:[Errno 61] Connection refused
38.67372658383101,,0.147,ConnectionRefusedError:[Errno 61] Connection refused
38.68132770899683,,0.139,ConnectionRefusedError:[Errno 61] Connection refused
38.6917666667141,,0.221,ConnectionRefusedError:[Errno 61] Connection refused
38.70202370872721,,0.257,ConnectionRefusedError:[Errno 61] Connection refused
38.71337745897472,,0.291,ConnectionRefusedError:[Errno 61] Connection refused
38.72247354174033,,0.229,ConnectionRefusedError:[Errno 61] Connection refused
38.73362533375621,,0.208,ConnectionRefusedError:[Errno 61] Connection refused
38.74302820907906,,0.254,ConnectionRefusedError:[Errno 61] Connection refused
38.750458208844066,,0.229,ConnectionRefusedError:[Errno 61] Connection refused
38.761073166970164,,0.401,ConnectionRefusedError:[Errno 61] Connection refused
38.77118933387101,,0.263,ConnectionRefusedError:[Errno 61] Connection refused
38.78120570909232,,0.331,ConnectionRefusedError:[Errno 61] Connection refused
38.791504624765366,,0.291,ConnectionRefusedError:[Errno 61] Connection refused
38.80207004165277,,0.264,ConnectionRefusedError:[Errno 61] Connection refused
38.814955291803926,,0.423,ConnectionRefusedError:[Errno 61] Connection refused
38.82209408376366,,0.215,ConnectionRefusedError:[Errno 61] Connection refused
38.83120866678655,,0.395,ConnectionRefusedError:[Errno 61] Connection refused
38.84341016691178,,0.548,ConnectionRefusedError:[Errno 61] Connection refused
38.85344074992463,,0.287,ConnectionRefusedError:[Errno 61] Connection refused
38.865778625011444,,0.322,ConnectionRefusedError:[Errno 61] Connection refused
38.87086370866746,,0.27,ConnectionRefusedError:[Errno 61] Connection refused
38.8829917088151,,0.444,ConnectionRefusedError:[Errno 61] Connection refused
38.891767291817814,,6.864,ConnectionRefusedError:[Errno 61] Connection refused
38.900132833980024,,0.245,ConnectionRefusedError:[Errno 61] Connection refused
38.91286400007084,,0.549,ConnectionRefusedError:[Errno 61] Connection refused
38.923021791968495,,0.45,ConnectionRefusedError:[Errno 61] Connection refused
38.93045604182407,,0.254,ConnectionRefusedError:[Errno 61] Connection refused
38.942316833883524,,0.221,ConnectionRefusedError:[Errno 61] Connection refused
38.95049366680905,,0.27,ConnectionRefusedError:[Errno 61] Connection refused
38.96045925002545,,0.266,ConnectionRefusedError:[Errno 61] Connection refused
38.97104983404279,,0.26,ConnectionRefusedError:[Errno 61] Connection refused
38.98005895875394,,0.411,ConnectionRefusedError:[Errno 61] Connection refused
38.993304249830544,,0.628,ConnectionRefusedError:[Errno 61] Connection refused
39.00137829175219,,0.331,ConnectionRefusedError:[Errno 61] Connection refused
39.014130083844066,,0.367,ConnectionRefusedError:[Errno 61] Connection refused
39.02204033406451,,0.303,ConnectionRefusedError:[Errno 61] Connection refused
39.033777916803956,,0.296,ConnectionRefusedError:[Errno 61] Connection refused
39.04229204170406,,0.227,ConnectionRefusedError:[Errno 61] Connection refused
39.05372520908713,,0.198,ConnectionRefusedError:[Errno 61] Connection refused
39.06269641686231,,0.249,ConnectionRefusedError:[Errno 61] Connection refused
39.070423958823085,,0.245,ConnectionRefusedError:[Errno 61] Connection refused
39.084684249944985,,0.242,ConnectionRefusedError:[Errno 61] Connection refused
39.09246262488887,,0.201,ConnectionRefusedError:[Errno 61] Connection refused
39.10005091689527,,0.252,ConnectionRefusedError:[Errno 61] Connection refused
39.11286074994132,,0.146,ConnectionRefusedError:[Errno 61] Connection refused
39.12002304196358,,0.164,ConnectionRefusedError:[Errno 61] Connection refused
39.134851791895926,,0.25,ConnectionRefusedError:[Errno 61] Connection refused
39.14240095904097,,0.178,ConnectionRefusedError:[Errno 61] Connection refused
39.15371495904401,,0.211,ConnectionRefusedError:[Errno 61] Connection refused
39.16144849965349,,0.125,ConnectionRefusedError:[Errno 61] Connection refused
39.1742090000771,,0.197,ConnectionRefusedError:[Errno 61] Connection refused
39.182632042095065,,0.215,ConnectionRefusedError:[Errno 61] Connection refused
39.1900761667639,,0.185,ConnectionRefusedError:[Errno 61] Connection refused
39.20481795910746,,0.242,ConnectionRefusedError:[Errno 61] Connection refused
39.21241783397272,,0.174,ConnectionRefusedError:[Errno 61] Connection refused
39.22369666676968,,0.146,ConnectionRefusedError:[Errno 61] Connection refused
39.232475666794926,,0.265,ConnectionRefusedError:[Errno 61] Connection refused
39.24294620892033,,0.216,ConnectionRefusedError:[Errno 61] Connection refused
39.25196508364752,,0.216,ConnectionRefusedError:[Errno 61] Connection refused
39.261466916650534,,0.264,ConnectionRefusedError:[Errno 61] Connection refused
39.274143708869815,,0.194,ConnectionRefusedError:[Errno 61] Connection refused
39.28240270866081,,0.164,ConnectionRefusedError:[Errno 61] Connection refused
39.290109124965966,,0.195,ConnectionRefusedError:[Errno 61] Connection refused
39.30352383386344,,0.195,ConnectionRefusedError:[Errno 61] Connection refused
39.31312112510204,,0.263,ConnectionRefusedError:[Errno 61] Connection refused
39.320199583657086,,0.25,ConnectionRefusedError:[Errno 61] Connection refused
39.3307425417006,,0.391,ConnectionRefusedError:[Errno 61] Connection refused
39.34417845867574,,0.397,ConnectionRefusedError:[Errno 61] Connection refused
39.35261099971831,,0.495,ConnectionRefusedError:[Errno 61] Connection refused
39.362610208801925,,2.228,ConnectionRefusedError:[Errno 61] Connection refused
39.37215391686186,,0.375,ConnectionRefusedError:[Errno 61] Connection refused
39.38018379174173,,1.892,ConnectionRefusedError:[Errno 61] Connection refused
39.394125416874886,,0.935,ConnectionRefusedError:[Errno 61] Connection refused
39.40137358382344,,0.236,ConnectionRefusedError:[Errno 61] Connection refused
39.41047508409247,,0.237,ConnectionRefusedError:[Errno 61] Connection refused
39.421094208955765,,0.418,ConnectionRefusedError:[Errno 61] Connection refused
39.43351512495428,,0.997,ConnectionRefusedError:[Errno 61] Connection refused
39.4406640836969,,0.386,ConnectionRefusedError:[Errno 61] Connection refused
39.45092754205689,,0.26,ConnectionRefusedError:[Errno 61] Connection refused
39.46215279167518,,0.306,ConnectionRefusedError:[Errno 61] Connection refused
39.47267120890319,,0.307,ConnectionRefusedError:[Errno 61] Connection refused
39.4815892088227,,0.297,ConnectionRefusedError:[Errno 61] Connection refused
39.490313624963164,,0.241,ConnectionRefusedError:[Errno 61] Connection refused
39.50445937504992,,0.181,ConnectionRefusedError:[Errno 61] Connection refused
39.5100571247749,,0.149,ConnectionRefusedError:[Errno 61] Connection refused
39.52089675003663,,0.246,ConnectionRefusedError:[Errno 61] Connection refused
39.53037933399901,,0.188,ConnectionRefusedError:[Errno 61] Connection refused
39.544671083800495,,0.174,ConnectionRefusedError:[Errno 61] Connection refused
39.552108499687165,,0.193,ConnectionRefusedError:[Errno 61] Connection refused
39.562614124733955,,0.213,ConnectionRefusedError:[Errno 61] Connection refused
39.572633292060345,,0.167,ConnectionRefusedError:[Errno 61] Connection refused
39.58349904185161,,0.249,ConnectionRefusedError:[Errno 61] Connection refused
39.59292274992913,,0.171,ConnectionRefusedError:[Errno 61] Connection refused
39.600018166936934,,0.142,ConnectionRefusedError:[Errno 61] Connection refused
39.61428804183379,,0.358,ConnectionRefusedError:[Errno 61] Connection refused
39.6224906668067,,0.481,ConnectionRefusedError:[Errno 61] Connection refused
39.630739791784436,,0.312,ConnectionRefusedError:[Errno 61] Connection refused
39.64439049968496,,0.484,ConnectionRefusedError:[Errno 61] Connection refused
39.65236737485975,,0.236,ConnectionRefusedError:[Errno 61] Connection refused
39.6631550421007,,0.625,ConnectionRefusedError:[Errno 61] Connection refused
39.67109191697091,,0.344,ConnectionRefusedError:[Errno 61] Connection refused
39.683974999934435,,0.442,ConnectionRefusedError:[Errno 61] Connection refused
39.69117641681805,,0.614,ConnectionRefusedError:[Errno 61] Connection refused
39.70239662472159,,0.516,ConnectionRefusedError:[Errno 61] Connection refused
39.71255349973217,,0.605,ConnectionRefusedError:[Errno 61] Connection refused
39.72050029179081,,0.344,ConnectionRefusedError:[Errno 61] Connection refused
39.73454516706988,,0.359,ConnectionRefusedError:[Errno 61] Connection refused
39.741273833904415,,0.278,ConnectionRefusedError:[Errno 61] Connection refused
39.750835708808154,,0.375,ConnectionRefusedError:[Errno 61] Connection refused
39.763582416810095,,0.386,ConnectionRefusedError:[Errno 61] Connection refused
39.77120287483558,,0.337,ConnectionRefusedError:[Errno 61] Connection refused
39.78009470878169,,0.429,ConnectionRefusedError:[Errno 61] Connection refused
39.792855833657086,,1.014,ConnectionRefusedError:[Errno 61] Connection refused
39.80134329199791,,0.291,ConnectionRefusedError:[Errno 61] Connection refused
39.812044667080045,,0.318,ConnectionRefusedError:[Errno 61] Connection refused
39.820662959013134,,0.292,ConnectionRefusedError:[Errno 61] Connection refused
39.830683124717325,,0.37,ConnectionRefusedError:[Errno 61] Connection refused
39.84409579169005,,0.53,ConnectionRefusedError:[Errno 61] Connection refused
39.85190920904279,,0.244,ConnectionRefusedError:[Errno 61] Connection refused
39.86289016669616,,0.419,ConnectionRefusedError:[Errno 61] Connection refused
39.87269066693261,,0.465,ConnectionRefusedError:[Errno 61] Connection refused
39.883250792045146,,0.371,ConnectionRefusedError:[Errno 61] Connection refused
39.890833583660424,,0.519,ConnectionRefusedError:[Errno 61] Connection refused
39.90438533388078,,0.316,ConnectionRefusedError:[Errno 61] Connection refused
39.91059637488797,,0.349,ConnectionRefusedError:[Errno 61] Connection refused
39.92091591702774,,0.457,ConnectionRefusedError:[Errno 61] Connection refused
39.93224374996498,,0.427,ConnectionRefusedError:[Errno 61] Connection refused
39.94128995900974,,0.352,ConnectionRefusedError:[Errno 61] Connection refused
39.95374279189855,,0.387,ConnectionRefusedError:[Errno 61] Connection refused
39.96197908371687,,0.321,ConnectionRefusedError:[Errno 61] Connection refused
39.97271779179573,,0.418,ConnectionRefusedError:[Errno 61] Connection refused
39.98127324972302,,0.261,ConnectionRefusedError:[Errno 61] Connection refused
39.99132545897737,,0.481,ConnectionRefusedError:[Errno 61] Connection refused
40.000138875097036,,0.387,ConnectionRefusedError:[Errno 61] Connection refused
40.0104563748464,,0.412,ConnectionRefusedError:[Errno 61] Connection refused
40.024586458690464,,0.398,ConnectionRefusedError:[Errno 61] Connection refused
40.03241770900786,,0.257,ConnectionRefusedError:[Errno 61] Connection refused
40.04092395910993,,0.309,ConnectionRefusedError:[Errno 61] Connection refused
40.05004616687074,,0.311,ConnectionRefusedError:[Errno 61] Connection refused
40.06002620887011,,0.322,ConnectionRefusedError:[Errno 61] Connection refused
40.073709916789085,,0.233,ConnectionRefusedError:[Errno 61] Connection refused
40.08139641676098,,0.214,ConnectionRefusedError:[Errno 61] Connection refused
40.09380799997598,,0.325,ConnectionRefusedError:[Errno 61] Connection refused
40.10287662502378,,0.214,ConnectionRefusedError:[Errno 61] Connection refused
40.110593541990966,,0.256,ConnectionRefusedError:[Errno 61] Connection refused
40.12090600002557,,0.299,ConnectionRefusedError:[Errno 61] Connection refused
40.13210966670886,,0.44,ConnectionRefusedError:[Errno 61] Connection refused
40.143091541714966,,0.358,ConnectionRefusedError:[Errno 61] Connection refused
40.153252792079,,0.213,ConnectionRefusedError:[Errno 61] Connection refused
40.16104383394122,,0.203,ConnectionRefusedError:[Errno 61] Connection refused
40.17437033401802,,0.207,ConnectionRefusedError:[Errno 61] Connection refused
40.182702583726496,,0.2,ConnectionRefusedError:[Errno 61] Connection refused
40.19041754165664,,0.17,ConnectionRefusedError:[Errno 61] Connection refused
40.20178687479347,,0.215,ConnectionRefusedError:[Errno 61] Connection refused
40.21309074992314,,0.259,ConnectionRefusedError:[Errno 61] Connection refused
40.22333141695708,,0.167,ConnectionRefusedError:[Errno 61] Connection refused
40.23105029202998,,0.183,ConnectionRefusedError:[Errno 61] Connection refused
40.24436766700819,,0.216,ConnectionRefusedError:[Errno 61] Connection refused
40.25143074989319,,0.243,ConnectionRefusedError:[Errno 61] Connection refused
40.26418437482789,,0.302,ConnectionRefusedError:[Errno 61] Connection refused
40.27043304173276,,0.242,ConnectionRefusedError:[Errno 61] Connection refused
40.28047554194927,,0.208,ConnectionRefusedError:[Errno 61] Connection refused
40.29080970864743,,0.252,ConnectionRefusedError:[Errno 61] Connection refused
40.30253312503919,,0.254,ConnectionRefusedError:[Errno 61] Connection refused
40.3136204588227,,0.213,ConnectionRefusedError:[Errno 61] Connection refused
40.32138083409518,,0.146,ConnectionRefusedError:[Errno 61] Connection refused
40.331425374839455,,0.229,ConnectionRefusedError:[Errno 61] Connection refused
40.34311154205352,,0.217,ConnectionRefusedError:[Errno 61] Connection refused
40.35324224969372,,0.255,ConnectionRefusedError:[Errno 61] Connection refused
40.36192091694102,,0.242,ConnectionRefusedError:[Errno 61] Connection refused
40.37172591686249,,0.24,ConnectionRefusedError:[Errno 61] Connection refused
40.380014166701585,,0.222,ConnectionRefusedError:[Errno 61] Connection refused
40.39311479171738,,0.245,ConnectionRefusedError:[Errno 61] Connection refused
40.40325445868075,,0.211,ConnectionRefusedError:[Errno 61] Connection refused
40.41325599979609,,0.224,ConnectionRefusedError:[Errno 61] Connection refused
40.42077370872721,,0.229,ConnectionRefusedError:[Errno 61] Connection refused
40.430706958752126,,0.168,ConnectionRefusedError:[Errno 61] Connection refused
40.44454645877704,,0.214,ConnectionRefusedError:[Errno 61] Connection refused
40.452573749702424,,0.231,ConnectionRefusedError:[Errno 61] Connection refused
40.46253166673705,,0.154,ConnectionRefusedError:[Errno 61] Connection refused
40.473656999878585,,0.204,ConnectionRefusedError:[Errno 61] Connection refused
40.48134029190987,,0.17,ConnectionRefusedError:[Errno 61] Connection refused
40.49245087476447,,0.177,ConnectionRefusedError:[Errno 61] Connection refused
40.50325008388609,,0.176,ConnectionRefusedError:[Errno 61] Connection refused
40.513253416866064,,0.193,ConnectionRefusedError:[Errno 61] Connection refused
40.52318562474102,,0.162,ConnectionRefusedError:[Errno 61] Connection refused
40.53324333392084,,0.23,ConnectionRefusedError:[Errno 61] Connection refused
40.54073524987325,,0.221,ConnectionRefusedError:[Errno 61] Connection refused
40.55126020871103,,0.257,ConnectionRefusedError:[Errno 61] Connection refused
40.56002416694537,,0.231,ConnectionRefusedError:[Errno 61] Connection refused
40.57480387482792,,0.252,ConnectionRefusedError:[Errno 61] Connection refused
40.58238962478936,,0.233,ConnectionRefusedError:[Errno 61] Connection refused
40.59026554180309,,0.171,ConnectionRefusedError:[Errno 61] Connection refused
40.601391499862075,,0.211,ConnectionRefusedError:[Errno 61] Connection refused
40.61113858409226,,0.234,ConnectionRefusedError:[Errno 61] Connection refused
40.62394933402538,,0.199,ConnectionRefusedError:[Errno 61] Connection refused
40.63288420904428,,0.147,ConnectionRefusedError:[Errno 61] Connection refused
40.64055108372122,,0.111,ConnectionRefusedError:[Errno 61] Connection refused
40.65400733379647,,0.108,ConnectionRefusedError:[Errno 61] Connection refused
40.66294908383861,,0.13,ConnectionRefusedError:[Errno 61] Connection refused
40.67346974974498,,0.218,ConnectionRefusedError:[Errno 61] Connection refused
40.68065508408472,,0.157,ConnectionRefusedError:[Errno 61] Connection refused
40.69193833367899,,0.164,ConnectionRefusedError:[Errno 61] Connection refused
40.70396991679445,,0.172,ConnectionRefusedError:[Errno 61] Connection refused
40.712900375016034,,0.133,ConnectionRefusedError:[Errno 61] Connection refused
40.72052791668102,,0.125,ConnectionRefusedError:[Errno 61] Connection refused
40.73349020909518,,0.14,ConnectionRefusedError:[Errno 61] Connection refused
40.74049829179421,,0.116,ConnectionRefusedError:[Errno 61] Connection refused
40.75467595877126,,0.179,ConnectionRefusedError:[Errno 61] Connection refused
40.762364542111754,,0.207,ConnectionRefusedError:[Errno 61] Connection refused
40.7721077920869,,0.139,ConnectionRefusedError:[Errno 61] Connection refused
40.78381845867261,,0.174,ConnectionRefusedError:[Errno 61] Connection refused
40.79065075004473,,0.103,ConnectionRefusedError:[Errno 61] Connection refused
40.80462779197842,,0.18,ConnectionRefusedError:[Errno 61] Connection refused
40.812278791796416,,0.161,ConnectionRefusedError:[Errno 61] Connection refused
40.82377512473613,,0.134,ConnectionRefusedError:[Errno 61] Connection refused
40.8310607499443,,0.136,ConnectionRefusedError:[Errno 61] Connection refused
40.841903374996036,,0.202,ConnectionRefusedError:[Errno 61] Connection refused
40.85168100008741,,0.332,ConnectionRefusedError:[Errno 61] Connection refused
40.86008574999869,,0.405,ConnectionRefusedError:[Errno 61] Connection refused
40.874408666975796,,0.243,ConnectionRefusedError:[Errno 61] Connection refused
40.88260945910588,,0.2,ConnectionRefusedError:[Errno 61] Connection refused
40.89197412505746,,0.297,ConnectionRefusedError:[Errno 61] Connection refused
40.90390779171139,,0.21,ConnectionRefusedError:[Errno 61] Connection refused
40.91293220873922,,0.233,ConnectionRefusedError:[Errno 61] Connection refused
40.92337683402002,,0.515,ConnectionRefusedError:[Errno 61] Connection refused
40.93260124977678,,0.389,ConnectionRefusedError:[Errno 61] Connection refused
40.94140658387914,,0.229,ConnectionRefusedError:[Errno 61] Connection refused
40.9541782499291,,0.35,ConnectionRefusedError:[Errno 61] Connection refused
40.96246999967843,,0.226,ConnectionRefusedError:[Errno 61] Connection refused
40.97277699969709,,0.44,ConnectionRefusedError:[Errno 61] Connection refused
40.98282541707158,,0.372,ConnectionRefusedError:[Errno 61] Connection refused
40.99969966709614,,0.629,ConnectionRefusedError:[Errno 61] Connection refused
41.00054212473333,,0.405,ConnectionRefusedError:[Errno 61] Connection refused
41.01107858400792,,0.329,ConnectionRefusedError:[Errno 61] Connection refused
41.02204104186967,,0.385,ConnectionRefusedError:[Errno 61] Connection refused
41.03374379174784,,0.226,ConnectionRefusedError:[Errno 61] Connection refused
41.041702083777636,,0.143,ConnectionRefusedError:[Errno 61] Connection refused
41.054047249723226,,0.188,ConnectionRefusedError:[Errno 61] Connection refused
41.062875458970666,,0.213,ConnectionRefusedError:[Errno 61] Connection refused
41.0719582089223,,0.237,ConnectionRefusedError:[Errno 61] Connection refused
41.08388516679406,,0.342,ConnectionRefusedError:[Errno 61] Connection refused
41.0915218340233,,0.197,ConnectionRefusedError:[Errno 61] Connection refused
41.10410137474537,,0.192,ConnectionRefusedError:[Errno 61] Connection refused
41.112343708984554,,0.145,ConnectionRefusedError:[Errno 61] Connection refused
41.12001912482083,,0.19,ConnectionRefusedError:[Errno 61] Connection refused
41.13029429176822,,0.171,ConnectionRefusedError:[Errno 61] Connection refused
41.14123666705564,,0.156,ConnectionRefusedError:[Errno 61] Connection refused
41.15428625000641,,0.149,ConnectionRefusedError:[Errno 61] Connection refused
41.16195375006646,,0.207,ConnectionRefusedError:[Errno 61] Connection refused
41.17139979172498,,0.216,ConnectionRefusedError:[Errno 61] Connection refused
41.18412870867178,,0.24,ConnectionRefusedError:[Errno 61] Connection refused
41.19112504180521,,0.17,ConnectionRefusedError:[Errno 61] Connection refused
41.20375179173425,,0.264,ConnectionRefusedError:[Errno 61] Connection refused
41.21292249998078,,0.35,ConnectionRefusedError:[Errno 61] Connection refused
41.22340683406219,,0.213,ConnectionRefusedError:[Errno 61] Connection refused
41.231125958729535,,0.191,ConnectionRefusedError:[Errno 61] Connection refused
41.24371120892465,,0.215,ConnectionRefusedError:[Errno 61] Connection refused
41.25305020902306,,0.239,ConnectionRefusedError:[Errno 61] Connection refused
41.2623400837183,,0.401,ConnectionRefusedError:[Errno 61] Connection refused
41.27104145893827,,0.245,ConnectionRefusedError:[Errno 61] Connection refused
41.28406137507409,,0.507,ConnectionRefusedError:[Errno 61] Connection refused
41.2925508338958,,0.369,ConnectionRefusedError:[Errno 61] Connection refused
41.30013145878911,,0.359,ConnectionRefusedError:[Errno 61] Connection refused
41.31049120891839,,0.454,ConnectionRefusedError:[Errno 61] Connection refused
41.32163733383641,,0.328,ConnectionRefusedError:[Errno 61] Connection refused
41.33513058396056,,0.81,ConnectionRefusedError:[Errno 61] Connection refused
41.341196292079985,,0.339,ConnectionRefusedError:[Errno 61] Connection refused
41.3512534997426,,0.437,ConnectionRefusedError:[Errno 61] Connection refused
41.36347108380869,,0.46,ConnectionRefusedError:[Errno 61] Connection refused
41.37185391690582,,0.436,ConnectionRefusedError:[Errno 61] Connection refused
41.38201804179698,,0.407,ConnectionRefusedError:[Errno 61] Connection refused
41.3924626247026,,0.438,ConnectionRefusedError:[Errno 61] Connection refused
41.403639249969274,,0.422,ConnectionRefusedError:[Errno 61] Connection refused
41.41267504170537,,0.345,ConnectionRefusedError:[Errno 61] Connection refused
41.42086162464693,,0.309,ConnectionRefusedError:[Errno 61] Connection refused
41.43025666708127,,0.431,ConnectionRefusedError:[Errno 61] Connection refused
41.441842624917626,,7.124,ConnectionRefusedError:[Errno 61] Connection refused
41.450258291792125,,0.513,ConnectionRefusedError:[Errno 61] Connection refused
41.464600999839604,,0.645,ConnectionRefusedError:[Errno 61] Connection refused
41.47047020867467,,0.216,ConnectionRefusedError:[Errno 61] Connection refused
41.48081299988553,,0.341,ConnectionRefusedError:[Errno 61] Connection refused
41.49353462504223,,0.255,ConnectionRefusedError:[Errno 61] Connection refused
41.5019804998301,,0.407,ConnectionRefusedError:[Errno 61] Connection refused
41.5116017088294,,0.517,ConnectionRefusedError:[Errno 61] Connection refused
41.522558874916285,,0.309,ConnectionRefusedError:[Errno 61] Connection refused
41.530359958764166,,0.222,ConnectionRefusedError:[Errno 61] Connection refused
41.54180374974385,,0.345,ConnectionRefusedError:[Errno 61] Connection refused
41.55065391678363,,0.384,ConnectionRefusedError:[Errno 61] Connection refused
41.560072749853134,,0.189,ConnectionRefusedError:[Errno 61] Connection refused
41.57477983366698,,0.258,ConnectionRefusedError:[Errno 61] Connection refused
41.58152800006792,,0.234,ConnectionRefusedError:[Errno 61] Connection refused
41.59366491669789,,0.179,ConnectionRefusedError:[Errno 61] Connection refused
41.60256633395329,,0.242,ConnectionRefusedError:[Errno 61] Connection refused
41.612749916967005,,0.527,ConnectionRefusedError:[Errno 61] Connection refused
41.62118916679174,,0.439,ConnectionRefusedError:[Errno 61] Connection refused
41.634272874798626,,0.275,ConnectionRefusedError:[Errno 61] Connection refused
41.641170791815966,,0.518,ConnectionRefusedError:[Errno 61] Connection refused
41.65180212492123,,0.398,ConnectionRefusedError:[Errno 61] Connection refused
41.66009654197842,,0.768,ConnectionRefusedError:[Errno 61] Connection refused
41.670473041944206,,0.297,ConnectionRefusedError:[Errno 61] Connection refused
41.68454704200849,,0.274,ConnectionRefusedError:[Errno 61] Connection refused
41.692360791843385,,0.32,ConnectionRefusedError:[Errno 61] Connection refused
41.7007446247153,,0.652,ConnectionRefusedError:[Errno 61] Connection refused
41.712468249723315,,0.252,ConnectionRefusedError:[Errno 61] Connection refused
41.72326837480068,,0.513,ConnectionRefusedError:[Errno 61] Connection refused
41.732665999792516,,0.26,ConnectionRefusedError:[Errno 61] Connection refused
41.740151084028184,,0.197,ConnectionRefusedError:[Errno 61] Connection refused
41.75478654168546,,0.463,ConnectionRefusedError:[Errno 61] Connection refused
41.7620653337799,,0.329,ConnectionRefusedError:[Errno 61] Connection refused
41.772792499978095,,0.457,ConnectionRefusedError:[Errno 61] Connection refused
41.78210937511176,,0.448,ConnectionRefusedError:[Errno 61] Connection refused
41.79329225001857,,0.316,ConnectionRefusedError:[Errno 61] Connection refused
41.80037954170257,,0.388,ConnectionRefusedError:[Errno 61] Connection refused
41.81129362480715,,0.752,ConnectionRefusedError:[Errno 61] Connection refused
41.82364070881158,,0.329,ConnectionRefusedError:[Errno 61] Connection refused
41.834759125020355,,1.305,ConnectionRefusedError:[Errno 61] Connection refused
41.841040833853185,,0.552,ConnectionRefusedError:[Errno 61] Connection refused
41.85294266697019,,0.246,ConnectionRefusedError:[Errno 61] Connection refused
41.863193249795586,,0.482,ConnectionRefusedError:[Errno 61] Connection refused
41.87037937482819,,0.426,ConnectionRefusedError:[Errno 61] Connection refused
41.88304658373818,,0.892,ConnectionRefusedError:[Errno 61] Connection refused
41.89204845903441,,0.464,ConnectionRefusedError:[Errno 61] Connection refused
41.90355033380911,,0.543,ConnectionRefusedError:[Errno 61] Connection refused
41.91628637490794,,0.514,ConnectionRefusedError:[Errno 61] Connection refused
41.92010479187593,,0.266,ConnectionRefusedError:[Errno 61] Connection refused
41.93347025010735,,0.304,ConnectionRefusedError:[Errno 61] Connection refused
41.94286558404565,,1.336,ConnectionRefusedError:[Errno 61] Connection refused
41.9566933340393,,0.289,ConnectionRefusedError:[Errno 61] Connection refused
41.9613195839338,,0.221,ConnectionRefusedError:[Errno 61] Connection refused
41.97315883403644,,0.197,ConnectionRefusedError:[Errno 61] Connection refused
41.98333049984649,,0.234,ConnectionRefusedError:[Errno 61] Connection refused
41.99149787472561,,0.217,ConnectionRefusedError:[Errno 61] Connection refused
42.00353058381006,,0.217,ConnectionRefusedError:[Errno 61] Connection refused
42.01295966701582,,0.269,ConnectionRefusedError:[Errno 61] Connection refused
42.023302792105824,,0.17,ConnectionRefusedError:[Errno 61] Connection refused
42.03318666666746,,0.269,ConnectionRefusedError:[Errno 61] Connection refused
42.04308237507939,,0.148,ConnectionRefusedError:[Errno 61] Connection refused
42.050321083981544,,0.245,ConnectionRefusedError:[Errno 61] Connection refused
42.0647167917341,,0.233,ConnectionRefusedError:[Errno 61] Connection refused
42.07223020866513,,0.187,ConnectionRefusedError:[Errno 61] Connection refused
42.083777874708176,,0.202,ConnectionRefusedError:[Errno 61] Connection refused
42.09302066685632,,0.175,ConnectionRefusedError:[Errno 61] Connection refused
42.10341012477875,,0.115,ConnectionRefusedError:[Errno 61] Connection refused
42.11075279209763,,0.141,ConnectionRefusedError:[Errno 61] Connection refused
42.12455016700551,,0.192,ConnectionRefusedError:[Errno 61] Connection refused
42.13263583369553,,0.154,ConnectionRefusedError:[Errno 61] Connection refused
42.1436185836792,,0.153,ConnectionRefusedError:[Errno 61] Connection refused
42.15310495905578,,0.132,ConnectionRefusedError:[Errno 61] Connection refused
42.16078524990007,,0.157,ConnectionRefusedError:[Errno 61] Connection refused
42.17112495889887,,0.21,ConnectionRefusedError:[Errno 61] Connection refused
42.184238583780825,,0.217,ConnectionRefusedError:[Errno 61] Connection refused
42.19194258376956,,0.172,ConnectionRefusedError:[Errno 61] Connection refused
42.20172808365896,,0.192,ConnectionRefusedError:[Errno 61] Connection refused
42.21360354172066,,0.296,ConnectionRefusedError:[Errno 61] Connection refused
42.223000541795045,,0.284,ConnectionRefusedError:[Errno 61] Connection refused
42.230781791731715,,0.189,ConnectionRefusedError:[Errno 61] Connection refused
42.24450170900673,,0.493,ConnectionRefusedError:[Errno 61] Connection refused
42.251808708999306,,0.33,ConnectionRefusedError:[Errno 61] Connection refused
42.26385870901868,,0.359,ConnectionRefusedError:[Errno 61] Connection refused
42.27275204192847,,0.267,ConnectionRefusedError:[Errno 61] Connection refused
42.28351370897144,,0.433,ConnectionRefusedError:[Errno 61] Connection refused
42.291147666983306,,0.281,ConnectionRefusedError:[Errno 61] Connection refused
42.30374666675925,,0.35,ConnectionRefusedError:[Errno 61] Connection refused
42.311926333699375,,0.464,ConnectionRefusedError:[Errno 61] Connection refused
42.323185791727155,,0.257,ConnectionRefusedError:[Errno 61] Connection refused
42.332841916941106,,0.389,ConnectionRefusedError:[Errno 61] Connection refused
42.34005887480453,,0.542,ConnectionRefusedError:[Errno 61] Connection refused
42.350710708647966,,0.338,ConnectionRefusedError:[Errno 61] Connection refused
42.360144834034145,,1.693,ConnectionRefusedError:[Errno 61] Connection refused
42.37305362476036,,0.314,ConnectionRefusedError:[Errno 61] Connection refused
42.38301549991593,,0.394,ConnectionRefusedError:[Errno 61] Connection refused
42.39377774996683,,0.493,ConnectionRefusedError:[Errno 61] Connection refused
42.402256291825324,,0.297,ConnectionRefusedError:[Errno 61] Connection refused
42.412412291858345,,0.336,ConnectionRefusedError:[Errno 61] Connection refused
42.42215712508187,,0.291,ConnectionRefusedError:[Errno 61] Connection refused
42.43253758409992,,0.235,ConnectionRefusedError:[Errno 61] Connection refused
42.44401349965483,,0.487,ConnectionRefusedError:[Errno 61] Connection refused
42.451389208901674,,0.313,ConnectionRefusedError:[Errno 61] Connection refused
42.46404941705987,,0.406,ConnectionRefusedError:[Errno 61] Connection refused
42.472808042075485,,0.352,ConnectionRefusedError:[Errno 61] Connection refused
42.483405333943665,,0.339,ConnectionRefusedError:[Errno 61] Connection refused
42.49305337481201,,1.003,ConnectionRefusedError:[Errno 61] Connection refused
42.50240504182875,,0.321,ConnectionRefusedError:[Errno 61] Connection refused
42.51114983391017,,0.344,ConnectionRefusedError:[Errno 61] Connection refused
42.521978416945785,,0.329,ConnectionRefusedError:[Errno 61] Connection refused
42.533840249758214,,0.55,ConnectionRefusedError:[Errno 61] Connection refused
42.54251924995333,,0.365,ConnectionRefusedError:[Errno 61] Connection refused
42.56225045910105,,1.865,ConnectionRefusedError:[Errno 61] Connection refused
42.56320333387703,,0.367,ConnectionRefusedError:[Errno 61] Connection refused
42.57273945910856,,0.265,ConnectionRefusedError:[Errno 61] Connection refused
42.58352329209447,,0.468,ConnectionRefusedError:[Errno 61] Connection refused
42.59162829210982,,0.301,ConnectionRefusedError:[Errno 61] Connection refused
42.604033208917826,,0.295,ConnectionRefusedError:[Errno 61] Connection refused
42.61520729167387,,0.49,ConnectionRefusedError:[Errno 61] Connection refused
42.62137604178861,,0.656,ConnectionRefusedError:[Errno 61] Connection refused
42.63276137504727,,0.353,ConnectionRefusedError:[Errno 61] Connection refused
42.64339066669345,,0.304,ConnectionRefusedError:[Errno 61] Connection refused
42.65045891702175,,0.296,ConnectionRefusedError:[Errno 61] Connection refused
42.66421491699293,,0.217,ConnectionRefusedError:[Errno 61] Connection refused
42.67528033396229,,0.406,ConnectionRefusedError:[Errno 61] Connection refused
42.6819934588857,,0.335,ConnectionRefusedError:[Errno 61] Connection refused
42.69350537471473,,0.267,ConnectionRefusedError:[Errno 61] Connection refused
42.703014958649874,,0.506,ConnectionRefusedError:[Errno 61] Connection refused
42.71300758374855,,0.651,ConnectionRefusedError:[Errno 61] Connection refused
42.72258179169148,,0.251,ConnectionRefusedError:[Errno 61] Connection refused
42.730375417042524,,0.197,ConnectionRefusedError:[Errno 61] Connection refused
42.7415867918171,,0.426,ConnectionRefusedError:[Errno 61] Connection refused
42.75083191692829,,0.368,ConnectionRefusedError:[Errno 61] Connection refused
42.76400958374143,,0.436,ConnectionRefusedError:[Errno 61] Connection refused
42.771006791852415,,0.279,ConnectionRefusedError:[Errno 61] Connection refused
42.783453084062785,,0.596,ConnectionRefusedError:[Errno 61] Connection refused
42.79267358407378,,0.306,ConnectionRefusedError:[Errno 61] Connection refused
42.800601250026375,,0.327,ConnectionRefusedError:[Errno 61] Connection refused
42.810470750089735,,0.351,ConnectionRefusedError:[Errno 61] Connection refused
42.824487291742116,,0.364,ConnectionRefusedError:[Errno 61] Connection refused
42.83134733373299,,0.392,ConnectionRefusedError:[Errno 61] Connection refused
42.84327608393505,,0.305,ConnectionRefusedError:[Errno 61] Connection refused
42.85033195884898,,0.214,ConnectionRefusedError:[Errno 61] Connection refused
42.86472462490201,,0.523,ConnectionRefusedError:[Errno 61] Connection refused
42.8717583748512,,0.425,ConnectionRefusedError:[Errno 61] Connection refused
42.88389129191637,,0.392,ConnectionRefusedError:[Errno 61] Connection refused
42.891907500103116,,0.243,ConnectionRefusedError:[Errno 61] Connection refused
42.900445624720305,,0.394,ConnectionRefusedError:[Errno 61] Connection refused
42.914532917086035,,0.28,ConnectionRefusedError:[Errno 61] Connection refused
42.922660666983575,,0.213,ConnectionRefusedError:[Errno 61] Connection refused
42.93358104210347,,0.278,ConnectionRefusedError:[Errno 61] Connection refused
42.94119866704568,,0.341,ConnectionRefusedError:[Errno 61] Connection refused
42.95429695909843,,0.218,ConnectionRefusedError:[Errno 61] Connection refused
42.96265587490052,,0.152,ConnectionRefusedError:[Errno 61] Connection refused
42.970583458896726,,0.168,ConnectionRefusedError:[Errno 61] Connection refused
42.981194499880075,,0.147,ConnectionRefusedError:[Errno 61] Connection refused
42.99442720878869,,0.276,ConnectionRefusedError:[Errno 61] Connection refused
43.00221937475726,,0.255,ConnectionRefusedError:[Errno 61] Connection refused
43.01339679164812,,0.227,ConnectionRefusedError:[Errno 61] Connection refused
43.020021666772664,,0.206,ConnectionRefusedError:[Errno 61] Connection refused
43.033632083795965,,0.201,ConnectionRefusedError:[Errno 61] Connection refused
43.04144070902839,,0.167,ConnectionRefusedError:[Errno 61] Connection refused
43.050209749955684,,0.199,ConnectionRefusedError:[Errno 61] Connection refused
43.062383874785155,,0.211,ConnectionRefusedError:[Errno 61] Connection refused
43.07369299978018,,0.155,ConnectionRefusedError:[Errno 61] Connection refused
43.082922250032425,,0.286,ConnectionRefusedError:[Errno 61] Connection refused
43.09325391706079,,0.267,ConnectionRefusedError:[Errno 61] Connection refused
43.1023804997094,,0.229,ConnectionRefusedError:[Errno 61] Connection refused
43.11076316703111,,1.365,ConnectionRefusedError:[Errno 61] Connection refused
43.12374162487686,,0.423,ConnectionRefusedError:[Errno 61] Connection refused
43.131581999827176,,0.311,ConnectionRefusedError:[Errno 61] Connection refused
43.14327995898202,,0.444,ConnectionRefusedError:[Errno 61] Connection refused
43.15305066667497,,0.35,ConnectionRefusedError:[Errno 61] Connection refused
43.162306250073016,,0.353,ConnectionRefusedError:[Errno 61] Connection refused
43.173087124712765,,0.361,ConnectionRefusedError:[Errno 61] Connection refused
43.1805150420405,,0.297,ConnectionRefusedError:[Errno 61] Connection refused
43.194837416987866,,0.517,ConnectionRefusedError:[Errno 61] Connection refused
43.200585917104036,,0.325,ConnectionRefusedError:[Errno 61] Connection refused
43.214475583750755,,0.476,ConnectionRefusedError:[Errno 61] Connection refused
43.22027437482029,,0.242,ConnectionRefusedError:[Errno 61] Connection refused
43.23467658367008,,0.233,ConnectionRefusedError:[Errno 61] Connection refused
43.24248329177499,,0.366,ConnectionRefusedError:[Errno 61] Connection refused
43.25350291701034,,0.189,ConnectionRefusedError:[Errno 61] Connection refused
43.2614190839231,,0.203,ConnectionRefusedError:[Errno 61] Connection refused
43.27309929206967,,0.203,ConnectionRefusedError:[Errno 61] Connection refused
43.28068899968639,,0.227,ConnectionRefusedError:[Errno 61] Connection refused
43.29246291704476,,0.222,ConnectionRefusedError:[Errno 61] Connection refused
43.303603374864906,,0.189,ConnectionRefusedError:[Errno 61] Connection refused
43.31135037494823,,0.165,ConnectionRefusedError:[Errno 61] Connection refused
43.32041283370927,,0.192,ConnectionRefusedError:[Errno 61] Connection refused
43.3346320418641,,0.206,ConnectionRefusedError:[Errno 61] Connection refused
43.342425416689366,,0.205,ConnectionRefusedError:[Errno 61] Connection refused
43.351109167095274,,0.196,ConnectionRefusedError:[Errno 61] Connection refused
43.36405379185453,,0.208,ConnectionRefusedError:[Errno 61] Connection refused
43.37263354193419,,0.146,ConnectionRefusedError:[Errno 61] Connection refused
43.38023562496528,,0.144,ConnectionRefusedError:[Errno 61] Connection refused
43.392563624773175,,0.222,ConnectionRefusedError:[Errno 61] Connection refused
43.4005652917549,,0.169,ConnectionRefusedError:[Errno 61] Connection refused
43.41058708401397,,0.22,ConnectionRefusedError:[Errno 61] Connection refused
43.42034125002101,,0.257,ConnectionRefusedError:[Errno 61] Connection refused
43.43046574993059,,0.253,ConnectionRefusedError:[Errno 61] Connection refused
43.4402683340013,,0.258,ConnectionRefusedError:[Errno 61] Connection refused
43.45469008386135,,0.248,ConnectionRefusedError:[Errno 61] Connection refused
43.46144845895469,,0.219,ConnectionRefusedError:[Errno 61] Connection refused
43.47103099990636,,0.245,ConnectionRefusedError:[Errno 61] Connection refused
43.484397042077035,,0.245,ConnectionRefusedError:[Errno 61] Connection refused
43.49258462479338,,0.197,ConnectionRefusedError:[Errno 61] Connection refused
43.50366795901209,,0.183,ConnectionRefusedError:[Errno 61] Connection refused
43.511464917100966,,0.172,ConnectionRefusedError:[Errno 61] Connection refused
43.52392608392984,,0.169,ConnectionRefusedError:[Errno 61] Connection refused
43.53083316702396,,0.176,ConnectionRefusedError:[Errno 61] Connection refused
43.5445006666705,,0.155,ConnectionRefusedError:[Errno 61] Connection refused
43.55003062495962,,0.145,ConnectionRefusedError:[Errno 61] Connection refused
43.56445737509057,,0.188,ConnectionRefusedError:[Errno 61] Connection refused
43.572661541868,,0.166,ConnectionRefusedError:[Errno 61] Connection refused
43.58110570907593,,0.149,ConnectionRefusedError:[Errno 61] Connection refused
43.594370958860964,,0.112,ConnectionRefusedError:[Errno 61] Connection refused
43.60172929195687,,0.107,ConnectionRefusedError:[Errno 61] Connection refused
43.614061458967626,,0.167,ConnectionRefusedError:[Errno 61] Connection refused
43.62113441666588,,0.167,ConnectionRefusedError:[Errno 61] Connection refused
43.634251709096134,,0.193,ConnectionRefusedError:[Errno 61] Connection refused
43.64276383398101,,0.153,ConnectionRefusedError:[Errno 61] Connection refused
43.65237337490544,,0.116,ConnectionRefusedError:[Errno 61] Connection refused
43.66374099999666,,0.154,ConnectionRefusedError:[Errno 61] Connection refused
43.67139399982989,,0.188,ConnectionRefusedError:[Errno 61] Connection refused
43.684168541803956,,0.242,ConnectionRefusedError:[Errno 61] Connection refused
43.69166966667399,,0.164,ConnectionRefusedError:[Errno 61] Connection refused
43.704080916941166,,0.264,ConnectionRefusedError:[Errno 61] Connection refused
43.71235866704956,,0.157,ConnectionRefusedError:[Errno 61] Connection refused
43.720071458723396,,0.148,ConnectionRefusedError:[Errno 61] Connection refused
43.73289866698906,,0.205,ConnectionRefusedError:[Errno 61] Connection refused
43.74336395878345,,0.357,ConnectionRefusedError:[Errno 61] Connection refused
43.75086524989456,,0.232,ConnectionRefusedError:[Errno 61] Connection refused
43.7608064590022,,0.228,ConnectionRefusedError:[Errno 61] Connection refused
43.77402741694823,,0.501,ConnectionRefusedError:[Errno 61] Connection refused
43.78231954202056,,0.41,ConnectionRefusedError:[Errno 61] Connection refused
43.79007937479764,,1.055,ConnectionRefusedError:[Errno 61] Connection refused
43.80011325003579,,0.588,ConnectionRefusedError:[Errno 61] Connection refused
43.812055124901235,,0.565,ConnectionRefusedError:[Errno 61] Connection refused
43.82161495881155,,0.683,ConnectionRefusedError:[Errno 61] Connection refused
43.83470683405176,,0.501,ConnectionRefusedError:[Errno 61] Connection refused
43.84064720897004,,0.261,ConnectionRefusedError:[Errno 61] Connection refused
43.85252408403903,,0.261,ConnectionRefusedError:[Errno 61] Connection refused
43.86797979194671,,1.679,ConnectionRefusedError:[Errno 61] Connection refused
43.8700235420838,,0.535,ConnectionRefusedError:[Errno 61] Connection refused
43.88465087488294,,0.364,ConnectionRefusedError:[Errno 61] Connection refused
43.89222470903769,,0.25,ConnectionRefusedError:[Errno 61] Connection refused
43.901015291921794,,0.357,ConnectionRefusedError:[Errno 61] Connection refused
43.91045620897785,,0.282,ConnectionRefusedError:[Errno 61] Connection refused
43.92020158376545,,0.439,ConnectionRefusedError:[Errno 61] Connection refused
43.93342695897445,,0.386,ConnectionRefusedError:[Errno 61] Connection refused
43.943023916799575,,0.276,ConnectionRefusedError:[Errno 61] Connection refused
43.95110762491822,,0.325,ConnectionRefusedError:[Errno 61] Connection refused
43.96416383376345,,0.545,ConnectionRefusedError:[Errno 61] Connection refused
43.9720492917113,,0.406,ConnectionRefusedError:[Errno 61] Connection refused
43.98370229173452,,0.449,ConnectionRefusedError:[Errno 61] Connection refused
43.99285149993375,,0.275,ConnectionRefusedError:[Errno 61] Connection refused
44.000933999661356,,0.21,ConnectionRefusedError:[Errno 61] Connection refused
44.01290720887482,,0.266,ConnectionRefusedError:[Errno 61] Connection refused
44.02065279195085,,0.328,ConnectionRefusedError:[Errno 61] Connection refused
44.03441658383235,,0.245,ConnectionRefusedError:[Errno 61] Connection refused
44.04142525000498,,0.238,ConnectionRefusedError:[Errno 61] Connection refused
44.05415320908651,,0.242,ConnectionRefusedError:[Errno 61] Connection refused
44.061966416891664,,0.205,ConnectionRefusedError:[Errno 61] Connection refused
44.072204833850265,,0.214,ConnectionRefusedError:[Errno 61] Connection refused
44.08519733371213,,0.498,ConnectionRefusedError:[Errno 61] Connection refused
44.091962249949574,,0.369,ConnectionRefusedError:[Errno 61] Connection refused
44.10208804206923,,0.344,ConnectionRefusedError:[Errno 61] Connection refused
44.11047641700134,,0.627,ConnectionRefusedError:[Errno 61] Connection refused
44.1204947498627,,0.425,ConnectionRefusedError:[Errno 61] Connection refused
44.13205474987626,,0.511,ConnectionRefusedError:[Errno 61] Connection refused
44.14351687487215,,0.319,ConnectionRefusedError:[Errno 61] Connection refused
44.15010345866904,,0.39,ConnectionRefusedError:[Errno 61] Connection refused
44.19964304193854,,0.36,ConnectionRefusedError:[Errno 61] Connection refused
44.203252249863,,19.867,ConnectionRefusedError:[Errno 61] Connection refused
44.21165220905095,,9.929,ConnectionRefusedError:[Errno 61] Connection refused
44.22425187472254,,1.455,ConnectionRefusedError:[Errno 61] Connection refused
44.22531387489289,,0.876,ConnectionRefusedError:[Errno 61] Connection refused
44.225561666768044,,0.498,ConnectionRefusedError:[Errno 61] Connection refused
44.22601379174739,,0.202,ConnectionRefusedError:[Errno 61] Connection refused
44.23010366689414,,0.335,ConnectionRefusedError:[Errno 61] Connection refused
44.24161541694775,,0.343,ConnectionRefusedError:[Errno 61] Connection refused
44.253721666987985,,0.223,ConnectionRefusedError:[Errno 61] Connection refused
44.26002358365804,,0.386,ConnectionRefusedError:[Errno 61] Connection refused
44.27470066677779,,0.319,ConnectionRefusedError:[Errno 61] Connection refused
44.28171074995771,,0.383,ConnectionRefusedError:[Errno 61] Connection refused
44.292065291665494,,0.297,ConnectionRefusedError:[Errno 61] Connection refused
44.302819499745965,,0.369,ConnectionRefusedError:[Errno 61] Connection refused
44.31063991691917,,0.36,ConnectionRefusedError:[Errno 61] Connection refused
44.32079991698265,,0.337,ConnectionRefusedError:[Errno 61] Connection refused
44.33343570865691,,0.522,ConnectionRefusedError:[Errno 61] Connection refused
44.340962334070355,,0.217,ConnectionRefusedError:[Errno 61] Connection refused
44.35060766665265,,0.319,ConnectionRefusedError:[Errno 61] Connection refused
44.37142270896584,,1.204,ConnectionRefusedError:[Errno 61] Connection refused
44.37221133382991,,0.316,ConnectionRefusedError:[Errno 61] Connection refused
44.38183916686103,,0.221,ConnectionRefusedError:[Errno 61] Connection refused
44.39168179174885,,0.283,ConnectionRefusedError:[Errno 61] Connection refused
44.40385912498459,,0.306,ConnectionRefusedError:[Errno 61] Connection refused
44.4100561668165,,0.328,ConnectionRefusedError:[Errno 61] Connection refused
44.421649374999106,,0.227,ConnectionRefusedError:[Errno 61] Connection refused
44.43398770876229,,0.246,ConnectionRefusedError:[Errno 61] Connection refused
44.44191737473011,,0.581,ConnectionRefusedError:[Errno 61] Connection refused
44.453898374922574,,0.259,ConnectionRefusedError:[Errno 61] Connection refused
44.46222245879471,,0.219,ConnectionRefusedError:[Errno 61] Connection refused
44.47360241692513,,0.296,ConnectionRefusedError:[Errno 61] Connection refused
44.48160733375698,,0.314,ConnectionRefusedError:[Errno 61] Connection refused
44.493712208699435,,0.618,ConnectionRefusedError:[Errno 61] Connection refused
44.50130575010553,,0.192,ConnectionRefusedError:[Errno 61] Connection refused
44.511913042049855,,0.233,ConnectionRefusedError:[Errno 61] Connection refused
44.52053620899096,,0.298,ConnectionRefusedError:[Errno 61] Connection refused
44.53446454182267,,0.232,ConnectionRefusedError:[Errno 61] Connection refused
44.540258541703224,,0.285,ConnectionRefusedError:[Errno 61] Connection refused
44.55467533366755,,0.308,ConnectionRefusedError:[Errno 61] Connection refused
44.56232729181647,,0.354,ConnectionRefusedError:[Errno 61] Connection refused
44.573499749880284,,0.275,ConnectionRefusedError:[Errno 61] Connection refused
44.58036220865324,,0.253,ConnectionRefusedError:[Errno 61] Connection refused
44.590013874694705,,0.297,ConnectionRefusedError:[Errno 61] Connection refused
44.60286037484184,,0.244,ConnectionRefusedError:[Errno 61] Connection refused
44.61342795891687,,0.178,ConnectionRefusedError:[Errno 61] Connection refused
44.62320916680619,,0.177,ConnectionRefusedError:[Errno 61] Connection refused
44.63099208381027,,0.188,ConnectionRefusedError:[Errno 61] Connection refused
44.6443882919848,,0.167,ConnectionRefusedError:[Errno 61] Connection refused
44.652704999782145,,0.146,ConnectionRefusedError:[Errno 61] Connection refused
44.66363154165447,,0.31,ConnectionRefusedError:[Errno 61] Connection refused
44.670041624922305,,0.767,ConnectionRefusedError:[Errno 61] Connection refused
44.684428666718304,,0.212,ConnectionRefusedError:[Errno 61] Connection refused
44.692279959097505,,0.173,ConnectionRefusedError:[Errno 61] Connection refused
44.70373166678473,,0.249,ConnectionRefusedError:[Errno 61] Connection refused
44.71161024970934,,0.246,ConnectionRefusedError:[Errno 61] Connection refused
44.72406379180029,,0.174,ConnectionRefusedError:[Errno 61] Connection refused
44.73285070899874,,0.209,ConnectionRefusedError:[Errno 61] Connection refused
44.743467499967664,,0.224,ConnectionRefusedError:[Errno 61] Connection refused
44.75305929174647,,0.181,ConnectionRefusedError:[Errno 61] Connection refused
44.76336291665211,,0.148,ConnectionRefusedError:[Errno 61] Connection refused
44.77282691700384,,0.17,ConnectionRefusedError:[Errno 61] Connection refused
44.78072216687724,,0.142,ConnectionRefusedError:[Errno 61] Connection refused
44.79084041668102,,0.254,ConnectionRefusedError:[Errno 61] Connection refused
44.80442645866424,,0.538,ConnectionRefusedError:[Errno 61] Connection refused
44.81267970893532,,0.437,ConnectionRefusedError:[Errno 61] Connection refused
44.822832209058106,,0.205,ConnectionRefusedError:[Errno 61] Connection refused
44.83424004167318,,0.504,ConnectionRefusedError:[Errno 61] Connection refused
44.84218233404681,,0.342,ConnectionRefusedError:[Errno 61] Connection refused
44.85006787488237,,0.638,ConnectionRefusedError:[Errno 61] Connection refused
44.862554624676704,,0.474,ConnectionRefusedError:[Errno 61] Connection refused
44.87313341675326,,0.334,ConnectionRefusedError:[Errno 61] Connection refused
44.88147995900363,,0.395,ConnectionRefusedError:[Errno 61] Connection refused
44.89045675005764,,0.297,ConnectionRefusedError:[Errno 61] Connection refused
44.90130824968219,,0.363,ConnectionRefusedError:[Errno 61] Connection refused
44.91401962470263,,0.269,ConnectionRefusedError:[Errno 61] Connection refused
44.92180645884946,,0.313,ConnectionRefusedError:[Errno 61] Connection refused
44.93206520890817,,0.315,ConnectionRefusedError:[Errno 61] Connection refused
44.941134499851614,,0.265,ConnectionRefusedError:[Errno 61] Connection refused
44.95420395908877,,0.279,ConnectionRefusedError:[Errno 61] Connection refused
44.96115016704425,,0.389,ConnectionRefusedError:[Errno 61] Connection refused
44.97270066710189,,0.325,ConnectionRefusedError:[Errno 61] Connection refused
44.98044162476435,,0.287,ConnectionRefusedError:[Errno 61] Connection refused
44.99224749999121,,1.614,ConnectionRefusedError:[Errno 61] Connection refused
45.0018634586595,,0.368,ConnectionRefusedError:[Errno 61] Connection refused
45.01357208378613,,0.307,ConnectionRefusedError:[Errno 61] Connection refused
45.02014845889062,,0.33,ConnectionRefusedError:[Errno 61] Connection refused
45.0300552919507,,0.246,ConnectionRefusedError:[Errno 61] Connection refused
45.0447897920385,,0.194,ConnectionRefusedError:[Errno 61] Connection refused
45.050175291951746,,0.229,ConnectionRefusedError:[Errno 61] Connection refused
45.06302554206923,,0.412,ConnectionRefusedError:[Errno 61] Connection refused
45.07212487468496,,0.208,ConnectionRefusedError:[Errno 61] Connection refused
45.08308941684663,,0.234,ConnectionRefusedError:[Errno 61] Connection refused
45.092029499821365,,0.235,ConnectionRefusedError:[Errno 61] Connection refused
45.100106792058796,,0.273,ConnectionRefusedError:[Errno 61] Connection refused
45.12235666671768,,0.613,ConnectionRefusedError:[Errno 61] Connection refused
45.12310816673562,,0.289,ConnectionRefusedError:[Errno 61] Connection refused
45.13330045901239,,0.259,ConnectionRefusedError:[Errno 61] Connection refused
45.14195491699502,,0.22,ConnectionRefusedError:[Errno 61] Connection refused
45.15146349975839,,0.312,ConnectionRefusedError:[Errno 61] Connection refused
45.163958666846156,,0.327,ConnectionRefusedError:[Errno 61] Connection refused
45.172706292010844,,0.187,ConnectionRefusedError:[Errno 61] Connection refused
45.18256712472066,,0.229,ConnectionRefusedError:[Errno 61] Connection refused
45.19965008366853,,2.445,ConnectionRefusedError:[Errno 61] Connection refused
45.20313566690311,,0.217,ConnectionRefusedError:[Errno 61] Connection refused
45.210023750085384,,0.239,ConnectionRefusedError:[Errno 61] Connection refused
45.223716042004526,,0.21,ConnectionRefusedError:[Errno 61] Connection refused
45.23186024976894,,0.259,ConnectionRefusedError:[Errno 61] Connection refused
45.24364670878276,,0.223,ConnectionRefusedError:[Errno 61] Connection refused
45.25173974968493,,0.298,ConnectionRefusedError:[Errno 61] Connection refused
45.26341516710818,,0.264,ConnectionRefusedError:[Errno 61] Connection refused
45.27263495884836,,0.175,ConnectionRefusedError:[Errno 61] Connection refused
45.28357004188001,,1.167,ConnectionRefusedError:[Errno 61] Connection refused
45.29060887498781,,0.158,ConnectionRefusedError:[Errno 61] Connection refused
45.3008470418863,,0.227,ConnectionRefusedError:[Errno 61] Connection refused
45.3134454167448,,0.207,ConnectionRefusedError:[Errno 61] Connection refused
45.32307779183611,,0.21,ConnectionRefusedError:[Errno 61] Connection refused
45.33081854181364,,0.168,ConnectionRefusedError:[Errno 61] Connection refused
45.34002633392811,,0.223,ConnectionRefusedError:[Errno 61] Connection refused
45.35488145891577,,0.224,ConnectionRefusedError:[Errno 61] Connection refused
45.36238345876336,,0.195,ConnectionRefusedError:[Errno 61] Connection refused
45.373706167098135,,0.184,ConnectionRefusedError:[Errno 61] Connection refused
45.38003420876339,,0.165,ConnectionRefusedError:[Errno 61] Connection refused
45.39321016706526,,0.318,ConnectionRefusedError:[Errno 61] Connection refused
45.40260716667399,,0.308,ConnectionRefusedError:[Errno 61] Connection refused
45.412069167010486,,0.314,ConnectionRefusedError:[Errno 61] Connection refused
45.42352125002071,,0.265,ConnectionRefusedError:[Errno 61] Connection refused
45.433015666902065,,0.23,ConnectionRefusedError:[Errno 61] Connection refused
45.4400240839459,,0.228,ConnectionRefusedError:[Errno 61] Connection refused
45.45123354205862,,0.25,ConnectionRefusedError:[Errno 61] Connection refused
45.46168895903975,,0.214,ConnectionRefusedError:[Errno 61] Connection refused
45.47397824982181,,0.246,ConnectionRefusedError:[Errno 61] Connection refused
45.48020158382133,,0.264,ConnectionRefusedError:[Errno 61] Connection refused
45.49215545877814,,0.239,ConnectionRefusedError:[Errno 61] Connection refused
45.502346749883145,,0.181,ConnectionRefusedError:[Errno 61] Connection refused
45.51059874985367,,4.529,ConnectionRefusedError:[Errno 61] Connection refused
45.52372708404437,,0.264,ConnectionRefusedError:[Errno 61] Connection refused
45.53289862489328,,0.247,ConnectionRefusedError:[Errno 61] Connection refused
45.54057541675866,,0.204,ConnectionRefusedError:[Errno 61] Connection refused
45.55349999992177,,0.264,ConnectionRefusedError:[Errno 61] Connection refused
45.56128862500191,,0.239,ConnectionRefusedError:[Errno 61] Connection refused
45.57017199974507,,0.207,ConnectionRefusedError:[Errno 61] Connection refused
45.584818416740745,,0.193,ConnectionRefusedError:[Errno 61] Connection refused
45.592408374883235,,0.177,ConnectionRefusedError:[Errno 61] Connection refused
45.60348733374849,,0.206,ConnectionRefusedError:[Errno 61] Connection refused
45.61314295884222,,0.147,ConnectionRefusedError:[Errno 61] Connection refused
45.621497499756515,,0.199,ConnectionRefusedError:[Errno 61] Connection refused
45.63058541668579,,0.211,ConnectionRefusedError:[Errno 61] Connection refused
45.64032995887101,,0.359,ConnectionRefusedError:[Errno 61] Connection refused
45.653305208776146,,0.294,ConnectionRefusedError:[Errno 61] Connection refused
45.66059562470764,,0.324,ConnectionRefusedError:[Errno 61] Connection refused
45.673787999898195,,0.28,ConnectionRefusedError:[Errno 61] Connection refused
45.68280908372253,,0.271,ConnectionRefusedError:[Errno 61] Connection refused
45.6905629998073,,0.236,ConnectionRefusedError:[Errno 61] Connection refused
45.704478666651994,,0.232,ConnectionRefusedError:[Errno 61] Connection refused
45.71061625005677,,0.264,ConnectionRefusedError:[Errno 61] Connection refused
45.72446379205212,,0.263,ConnectionRefusedError:[Errno 61] Connection refused
45.730031999759376,,0.359,ConnectionRefusedError:[Errno 61] Connection refused
45.74022308411077,,0.283,ConnectionRefusedError:[Errno 61] Connection refused
45.75019966671243,,0.329,ConnectionRefusedError:[Errno 61] Connection refused
45.76099120872095,,0.301,ConnectionRefusedError:[Errno 61] Connection refused
45.77128929179162,,0.171,ConnectionRefusedError:[Errno 61] Connection refused
45.780072499997914,,0.243,ConnectionRefusedError:[Errno 61] Connection refused
45.79234766680747,,0.3,ConnectionRefusedError:[Errno 61] Connection refused
45.80342970881611,,0.292,ConnectionRefusedError:[Errno 61] Connection refused
45.8106277086772,,0.353,ConnectionRefusedError:[Errno 61] Connection refused
45.820542541798204,,0.271,ConnectionRefusedError:[Errno 61] Connection refused
45.83425650000572,,0.29,ConnectionRefusedError:[Errno 61] Connection refused
45.842628750018775,,0.251,ConnectionRefusedError:[Errno 61] Connection refused
45.85080745909363,,0.354,ConnectionRefusedError:[Errno 61] Connection refused
45.86040662508458,,0.303,ConnectionRefusedError:[Errno 61] Connection refused
45.87264279183,,0.334,ConnectionRefusedError:[Errno 61] Connection refused
45.88330808375031,,0.297,ConnectionRefusedError:[Errno 61] Connection refused
45.89003604184836,,0.325,ConnectionRefusedError:[Errno 61] Connection refused
45.900132291950285,,0.254,ConnectionRefusedError:[Errno 61] Connection refused
45.911286166869104,,0.223,ConnectionRefusedError:[Errno 61] Connection refused
45.92416841676459,,0.413,ConnectionRefusedError:[Errno 61] Connection refused
45.930255458690226,,0.266,ConnectionRefusedError:[Errno 61] Connection refused
45.941912083886564,,0.292,ConnectionRefusedError:[Errno 61] Connection refused
45.951618999708444,,0.242,ConnectionRefusedError:[Errno 61] Connection refused
45.961839667055756,,0.244,ConnectionRefusedError:[Errno 61] Connection refused
45.972657083999366,,0.257,ConnectionRefusedError:[Errno 61] Connection refused
45.98067995905876,,0.319,ConnectionRefusedError:[Errno 61] Connection refused
45.990196167025715,,0.281,ConnectionRefusedError:[Errno 61] Connection refused
46.004667750094086,,0.235,ConnectionRefusedError:[Errno 61] Connection refused
46.01040841685608,,0.282,ConnectionRefusedError:[Errno 61] Connection refused
46.02426974987611,,0.457,ConnectionRefusedError:[Errno 61] Connection refused
46.032374541740865,,0.298,ConnectionRefusedError:[Errno 61] Connection refused
46.04064720869064,,0.33,ConnectionRefusedError:[Errno 61] Connection refused
46.051926041953266,,0.397,ConnectionRefusedError:[Errno 61] Connection refused
46.06305987481028,,0.375,ConnectionRefusedError:[Errno 61] Connection refused
46.07316999975592,,0.266,ConnectionRefusedError:[Errno 61] Connection refused
46.083005083724856,,0.496,ConnectionRefusedError:[Errno 61] Connection refused
46.090251416899264,,0.284,ConnectionRefusedError:[Errno 61] Connection refused
46.100634458940476,,0.342,ConnectionRefusedError:[Errno 61] Connection refused
46.11138941673562,,0.281,ConnectionRefusedError:[Errno 61] Connection refused
46.12269874988124,,0.297,ConnectionRefusedError:[Errno 61] Connection refused
46.13345245877281,,0.28,ConnectionRefusedError:[Errno 61] Connection refused
46.1412068749778,,0.249,ConnectionRefusedError:[Errno 61] Connection refused
46.15075083402917,,0.259,ConnectionRefusedError:[Errno 61] Connection refused
46.16033883392811,,0.243,ConnectionRefusedError:[Errno 61] Connection refused
46.170198916923255,,0.239,ConnectionRefusedError:[Errno 61] Connection refused
46.18009899975732,,0.335,ConnectionRefusedError:[Errno 61] Connection refused
46.19324937509373,,0.283,ConnectionRefusedError:[Errno 61] Connection refused
46.20096091693267,,0.34,ConnectionRefusedError:[Errno 61] Connection refused
46.21012029191479,,0.303,ConnectionRefusedError:[Errno 61] Connection refused
46.223245166707784,,0.251,ConnectionRefusedError:[Errno 61] Connection refused
46.230144625063986,,0.277,ConnectionRefusedError:[Errno 61] Connection refused
46.2400513747707,,0.334,ConnectionRefusedError:[Errno 61] Connection refused
46.250077416654676,,0.312,ConnectionRefusedError:[Errno 61] Connection refused
46.2600739588961,,0.282,ConnectionRefusedError:[Errno 61] Connection refused
46.270061624702066,,0.335,ConnectionRefusedError:[Errno 61] Connection refused
46.283964541740716,,0.253,ConnectionRefusedError:[Errno 61] Connection refused
46.29018595907837,,0.268,ConnectionRefusedError:[Errno 61] Connection refused
46.30355645902455,,0.416,ConnectionRefusedError:[Errno 61] Connection refused
46.310562166851014,,0.376,ConnectionRefusedError:[Errno 61] Connection refused
46.321067709010094,,0.343,ConnectionRefusedError:[Errno 61] Connection refused
46.33198583405465,,0.262,ConnectionRefusedError:[Errno 61] Connection refused
46.3415649170056,,0.407,ConnectionRefusedError:[Errno 61] Connection refused
46.35024870885536,,0.301,ConnectionRefusedError:[Errno 61] Connection refused
46.36027291696519,,0.272,ConnectionRefusedError:[Errno 61] Connection refused
46.371120541822165,,0.286,ConnectionRefusedError:[Errno 61] Connection refused
46.38409141683951,,0.263,ConnectionRefusedError:[Errno 61] Connection refused
46.390094874892384,,0.26,ConnectionRefusedError:[Errno 61] Connection refused
46.40003141667694,,0.326,ConnectionRefusedError:[Errno 61] Connection refused
46.414286375045776,,0.311,ConnectionRefusedError:[Errno 61] Connection refused
46.42016216693446,,0.238,ConnectionRefusedError:[Errno 61] Connection refused
46.43020712491125,,0.273,ConnectionRefusedError:[Errno 61] Connection refused
46.44115533400327,,0.472,ConnectionRefusedError:[Errno 61] Connection refused
46.45200829207897,,0.376,ConnectionRefusedError:[Errno 61] Connection refused
46.46013991674408,,0.285,ConnectionRefusedError:[Errno 61] Connection refused
46.47102262498811,,0.377,ConnectionRefusedError:[Errno 61] Connection refused
46.48253925004974,,0.252,ConnectionRefusedError:[Errno 61] Connection refused
46.4914039587602,,0.29,ConnectionRefusedError:[Errno 61] Connection refused
46.50004283385351,,0.423,ConnectionRefusedError:[Errno 61] Connection refused
46.510715666692704,,0.266,ConnectionRefusedError:[Errno 61] Connection refused
46.52140466682613,,0.347,ConnectionRefusedError:[Errno 61] Connection refused
46.53070899983868,,0.342,ConnectionRefusedError:[Errno 61] Connection refused
46.54417270887643,,0.344,ConnectionRefusedError:[Errno 61] Connection refused
46.550223416648805,,0.267,ConnectionRefusedError:[Errno 61] Connection refused
46.56215824978426,,0.273,ConnectionRefusedError:[Errno 61] Connection refused
46.57190104201436,,0.288,ConnectionRefusedError:[Errno 61] Connection refused
46.58007854176685,,0.299,ConnectionRefusedError:[Errno 61] Connection refused
46.59318850003183,,0.364,ConnectionRefusedError:[Errno 61] Connection refused
46.601484208833426,,0.248,ConnectionRefusedError:[Errno 61] Connection refused
46.61348508391529,,0.355,ConnectionRefusedError:[Errno 61] Connection refused
46.62068849988282,,0.297,ConnectionRefusedError:[Errno 61] Connection refused
46.63029491668567,,0.424,ConnectionRefusedError:[Errno 61] Connection refused
46.64325954206288,,0.37,ConnectionRefusedError:[Errno 61] Connection refused
46.65048229182139,,0.343,ConnectionRefusedError:[Errno 61] Connection refused
46.6609633336775,,0.39,ConnectionRefusedError:[Errno 61] Connection refused
46.67199483374134,,0.295,ConnectionRefusedError:[Errno 61] Connection refused
46.68011158378795,,0.268,ConnectionRefusedError:[Errno 61] Connection refused
46.69011745881289,,0.264,ConnectionRefusedError:[Errno 61] Connection refused
46.70229949988425,,0.258,ConnectionRefusedError:[Errno 61] Connection refused
46.71066604182124,,0.291,ConnectionRefusedError:[Errno 61] Connection refused
46.72049920866266,,0.285,ConnectionRefusedError:[Errno 61] Connection refused
46.731550625059754,,0.258,ConnectionRefusedError:[Errno 61] Connection refused
46.7409232086502,,0.251,ConnectionRefusedError:[Errno 61] Connection refused
46.75169424992055,,0.229,ConnectionRefusedError:[Errno 61] Connection refused
46.76302820909768,,0.265,ConnectionRefusedError:[Errno 61] Connection refused
46.77018383378163,,1.068,ConnectionRefusedError:[Errno 61] Connection refused
46.78175208391622,,0.255,ConnectionRefusedError:[Errno 61] Connection refused
46.7938990839757,,0.243,ConnectionRefusedError:[Errno 61] Connection refused
46.80003570904955,,0.292,ConnectionRefusedError:[Errno 61] Connection refused
46.81417874991894,,0.283,ConnectionRefusedError:[Errno 61] Connection refused
46.820295333862305,,0.393,ConnectionRefusedError:[Errno 61] Connection refused
46.833525917027146,,0.386,ConnectionRefusedError:[Errno 61] Connection refused
46.84134304197505,,0.256,ConnectionRefusedError:[Errno 61] Connection refused
46.851324167102575,,0.362,ConnectionRefusedError:[Errno 61] Connection refused
46.862276083789766,,0.263,ConnectionRefusedError:[Errno 61] Connection refused
46.873477374669164,,0.379,ConnectionRefusedError:[Errno 61] Connection refused
46.880736416671425,,0.388,ConnectionRefusedError:[Errno 61] Connection refused
46.89430170878768,,0.276,ConnectionRefusedError:[Errno 61] Connection refused
46.902527959086,,0.278,ConnectionRefusedError:[Errno 61] Connection refused
46.91092741675675,,0.335,ConnectionRefusedError:[Errno 61] Connection refused
46.92315058410168,,0.33,ConnectionRefusedError:[Errno 61] Connection refused
46.93062941683456,,0.412,ConnectionRefusedError:[Errno 61] Connection refused
46.94442649977282,,0.257,ConnectionRefusedError:[Errno 61] Connection refused
46.950172416865826,,0.289,ConnectionRefusedError:[Errno 61] Connection refused
46.960953583940864,,0.433,ConnectionRefusedError:[Errno 61] Connection refused
46.97429799987003,,0.285,ConnectionRefusedError:[Errno 61] Connection refused
46.98259370867163,,0.286,ConnectionRefusedError:[Errno 61] Connection refused
46.99002829194069,,0.293,ConnectionRefusedError:[Errno 61] Connection refused
47.000166333746165,,0.259,ConnectionRefusedError:[Errno 61] Connection refused
47.01293866708875,,0.432,ConnectionRefusedError:[Errno 61] Connection refused
47.02108008367941,,0.269,ConnectionRefusedError:[Errno 61] Connection refused
47.030664917081594,,0.258,ConnectionRefusedError:[Errno 61] Connection refused
47.04057012498379,,0.411,ConnectionRefusedError:[Errno 61] Connection refused
47.05292991688475,,0.332,ConnectionRefusedError:[Errno 61] Connection refused
47.06040612468496,,0.312,ConnectionRefusedError:[Errno 61] Connection refused
47.07086437474936,,0.31,ConnectionRefusedError:[Errno 61] Connection refused
47.0808945838362,,0.313,ConnectionRefusedError:[Errno 61] Connection refused
47.09004637505859,,0.277,ConnectionRefusedError:[Errno 61] Connection refused
47.10007054172456,,0.228,ConnectionRefusedError:[Errno 61] Connection refused
47.111234416719526,,0.399,ConnectionRefusedError:[Errno 61] Connection refused
47.12190466700122,,0.274,ConnectionRefusedError:[Errno 61] Connection refused
47.13026370899752,,0.535,ConnectionRefusedError:[Errno 61] Connection refused
47.143299624789506,,1.825,ConnectionRefusedError:[Errno 61] Connection refused
47.15061050001532,,0.296,ConnectionRefusedError:[Errno 61] Connection refused
47.16044091666117,,0.291,ConnectionRefusedError:[Errno 61] Connection refused
47.17275729170069,,0.272,ConnectionRefusedError:[Errno 61] Connection refused
47.18039916688576,,0.371,ConnectionRefusedError:[Errno 61] Connection refused
47.1910913339816,,0.24,ConnectionRefusedError:[Errno 61] Connection refused
47.20059174997732,,0.321,ConnectionRefusedError:[Errno 61] Connection refused
47.213447249960154,,0.544,ConnectionRefusedError:[Errno 61] Connection refused
47.222019916865975,,0.558,ConnectionRefusedError:[Errno 61] Connection refused
47.233423749916255,,0.427,ConnectionRefusedError:[Errno 61] Connection refused
47.241541124880314,,0.266,ConnectionRefusedError:[Errno 61] Connection refused
47.25020504184067,,0.316,ConnectionRefusedError:[Errno 61] Connection refused
47.26029245881364,,0.297,ConnectionRefusedError:[Errno 61] Connection refused
47.27166354190558,,0.301,ConnectionRefusedError:[Errno 61] Connection refused
47.28084879182279,,0.408,ConnectionRefusedError:[Errno 61] Connection refused
47.290603833738714,,0.446,ConnectionRefusedError:[Errno 61] Connection refused
47.30005491711199,,0.314,ConnectionRefusedError:[Errno 61] Connection refused
47.31296724965796,,0.29,ConnectionRefusedError:[Errno 61] Connection refused
47.321398249827325,,0.345,ConnectionRefusedError:[Errno 61] Connection refused
47.33048270875588,,0.264,ConnectionRefusedError:[Errno 61] Connection refused
47.34414391685277,,0.277,ConnectionRefusedError:[Errno 61] Connection refused
47.351997749879956,,0.244,ConnectionRefusedError:[Errno 61] Connection refused
47.36008937470615,,0.355,ConnectionRefusedError:[Errno 61] Connection refused
47.37462762510404,,0.482,ConnectionRefusedError:[Errno 61] Connection refused
47.38022120902315,,0.381,ConnectionRefusedError:[Errno 61] Connection refused
47.393744291737676,,0.276,ConnectionRefusedError:[Errno 61] Connection refused
47.40138579206541,,0.259,ConnectionRefusedError:[Errno 61] Connection refused
47.41407791664824,,0.505,ConnectionRefusedError:[Errno 61] Connection refused
47.421466124709696,,0.466,ConnectionRefusedError:[Errno 61] Connection refused
47.4301017918624,,0.536,ConnectionRefusedError:[Errno 61] Connection refused
47.441475874744356,,0.266,ConnectionRefusedError:[Errno 61] Connection refused
47.45269287470728,,0.365,ConnectionRefusedError:[Errno 61] Connection refused
47.46066499967128,,0.383,ConnectionRefusedError:[Errno 61] Connection refused
47.470386624801904,,0.281,ConnectionRefusedError:[Errno 61] Connection refused
47.48358979169279,,0.314,ConnectionRefusedError:[Errno 61] Connection refused
47.497671084012836,,0.285,ConnectionRefusedError:[Errno 61] Connection refused
47.50057208398357,,0.284,ConnectionRefusedError:[Errno 61] Connection refused
47.51140066701919,,0.436,ConnectionRefusedError:[Errno 61] Connection refused
47.52132158400491,,0.5,ConnectionRefusedError:[Errno 61] Connection refused
47.53031783364713,,0.476,ConnectionRefusedError:[Errno 61] Connection refused
47.541360166855156,,0.47,ConnectionRefusedError:[Errno 61] Connection refused
47.55224204203114,,0.449,ConnectionRefusedError:[Errno 61] Connection refused
47.56007645884529,,0.349,ConnectionRefusedError:[Errno 61] Connection refused
47.57012999989092,,0.406,ConnectionRefusedError:[Errno 61] Connection refused
47.58282058406621,,0.318,ConnectionRefusedError:[Errno 61] Connection refused
47.590646458789706,,0.306,ConnectionRefusedError:[Errno 61] Connection refused
47.60090674972162,,0.409,ConnectionRefusedError:[Errno 61] Connection refused
47.61003954196349,,0.35,ConnectionRefusedError:[Errno 61] Connection refused
47.620494042057544,,1.231,ConnectionRefusedError:[Errno 61] Connection refused
47.631456249859184,,0.298,ConnectionRefusedError:[Errno 61] Connection refused
47.64379658410326,,0.304,ConnectionRefusedError:[Errno 61] Connection refused
47.6515570837073,,0.243,ConnectionRefusedError:[Errno 61] Connection refused
47.66004945896566,,0.473,ConnectionRefusedError:[Errno 61] Connection refused
47.67216820875183,,0.261,ConnectionRefusedError:[Errno 61] Connection refused
47.68017750000581,,0.34,ConnectionRefusedError:[Errno 61] Connection refused
47.6906118337065,,0.365,ConnectionRefusedError:[Errno 61] Connection refused
47.70197395887226,,0.26,ConnectionRefusedError:[Errno 61] Connection refused
47.71174329193309,,0.45,ConnectionRefusedError:[Errno 61] Connection refused
47.72368974983692,,0.49,ConnectionRefusedError:[Errno 61] Connection refused
47.73094249982387,,0.342,ConnectionRefusedError:[Errno 61] Connection refused
47.74046366708353,,0.497,ConnectionRefusedError:[Errno 61] Connection refused
47.751321834046394,,0.298,ConnectionRefusedError:[Errno 61] Connection refused
47.760066667106,,0.309,ConnectionRefusedError:[Errno 61] Connection refused
47.772195084020495,,0.345,ConnectionRefusedError:[Errno 61] Connection refused
47.783550874795765,,0.393,ConnectionRefusedError:[Errno 61] Connection refused
47.79289779206738,,0.367,ConnectionRefusedError:[Errno 61] Connection refused
47.80326333409175,,0.292,ConnectionRefusedError:[Errno 61] Connection refused
47.81005574995652,,0.254,ConnectionRefusedError:[Errno 61] Connection refused
47.82473837491125,,0.321,ConnectionRefusedError:[Errno 61] Connection refused
47.83248187508434,,0.335,ConnectionRefusedError:[Errno 61] Connection refused
47.840038541704416,,0.29,ConnectionRefusedError:[Errno 61] Connection refused
47.853571666870266,,0.311,ConnectionRefusedError:[Errno 61] Connection refused
47.86285029165447,,0.265,ConnectionRefusedError:[Errno 61] Connection refused
47.87159458408132,,0.232,ConnectionRefusedError:[Errno 61] Connection refused
47.88219349971041,,0.248,ConnectionRefusedError:[Errno 61] Connection refused
47.89330904185772,,0.38,ConnectionRefusedError:[Errno 61] Connection refused
47.902640958782285,,0.347,ConnectionRefusedError:[Errno 61] Connection refused
47.911101249977946,,0.332,ConnectionRefusedError:[Errno 61] Connection refused
47.92419066699222,,0.282,ConnectionRefusedError:[Errno 61] Connection refused
47.93194245873019,,0.231,ConnectionRefusedError:[Errno 61] Connection refused
47.94377287477255,,0.303,ConnectionRefusedError:[Errno 61] Connection refused
47.95291441679001,,0.265,ConnectionRefusedError:[Errno 61] Connection refused
47.961641708854586,,0.234,ConnectionRefusedError:[Errno 61] Connection refused
47.97259133402258,,0.315,ConnectionRefusedError:[Errno 61] Connection refused
47.98218762502074,,0.336,ConnectionRefusedError:[Errno 61] Connection refused
47.99389204196632,,0.328,ConnectionRefusedError:[Errno 61] Connection refused
48.00131633365527,,0.309,ConnectionRefusedError:[Errno 61] Connection refused
48.01046074973419,,0.316,ConnectionRefusedError:[Errno 61] Connection refused
48.02288891701028,,0.319,ConnectionRefusedError:[Errno 61] Connection refused
48.032910499721766,,0.262,ConnectionRefusedError:[Errno 61] Connection refused
48.041242291685194,,0.308,ConnectionRefusedError:[Errno 61] Connection refused
48.050070833880454,,0.264,ConnectionRefusedError:[Errno 61] Connection refused
48.06458200002089,,0.418,ConnectionRefusedError:[Errno 61] Connection refused
48.07057979190722,,0.292,ConnectionRefusedError:[Errno 61] Connection refused
48.08156620897353,,0.307,ConnectionRefusedError:[Errno 61] Connection refused
48.09021991677582,,0.242,ConnectionRefusedError:[Errno 61] Connection refused
48.10270266700536,,0.314,ConnectionRefusedError:[Errno 61] Connection refused
48.11248862510547,,0.307,ConnectionRefusedError:[Errno 61] Connection refused
48.121555749792606,,0.422,ConnectionRefusedError:[Errno 61] Connection refused
48.1320797088556,,0.305,ConnectionRefusedError:[Errno 61] Connection refused
48.14271679194644,,0.316,ConnectionRefusedError:[Errno 61] Connection refused
48.15143112465739,,0.332,ConnectionRefusedError:[Errno 61] Connection refused
48.16140633402392,,0.324,ConnectionRefusedError:[Errno 61] Connection refused
48.171698624733835,,0.309,ConnectionRefusedError:[Errno 61] Connection refused
48.18373970873654,,0.321,ConnectionRefusedError:[Errno 61] Connection refused
48.1927969167009,,0.303,ConnectionRefusedError:[Errno 61] Connection refused
48.20197287481278,,0.347,ConnectionRefusedError:[Errno 61] Connection refused
48.21213979180902,,0.307,ConnectionRefusedError:[Errno 61] Connection refused
48.2206797497347,,0.379,ConnectionRefusedError:[Errno 61] Connection refused
48.23450079187751,,0.355,ConnectionRefusedError:[Errno 61] Connection refused
48.242330458946526,,4.58,ConnectionRefusedError:[Errno 61] Connection refused
48.25098975002766,,0.295,ConnectionRefusedError:[Errno 61] Connection refused
48.261508791707456,,0.289,ConnectionRefusedError:[Errno 61] Connection refused
48.27253020880744,,0.323,ConnectionRefusedError:[Errno 61] Connection refused
48.28137904172763,,0.323,ConnectionRefusedError:[Errno 61] Connection refused
48.29394525010139,,0.437,ConnectionRefusedError:[Errno 61] Connection refused
48.301349041983485,,0.312,ConnectionRefusedError:[Errno 61] Connection refused
48.31024108408019,,0.292,ConnectionRefusedError:[Errno 61] Connection refused
48.32086470909417,,0.254,ConnectionRefusedError:[Errno 61] Connection refused
48.334287374746054,,0.369,ConnectionRefusedError:[Errno 61] Connection refused
48.340182167012244,,0.3,ConnectionRefusedError:[Errno 61] Connection refused
48.35441908380017,,0.304,ConnectionRefusedError:[Errno 61] Connection refused
48.36256237467751,,0.299,ConnectionRefusedError:[Errno 61] Connection refused
48.3733401671052,,0.286,ConnectionRefusedError:[Errno 61] Connection refused
48.380160458851606,,0.406,ConnectionRefusedError:[Errno 61] Connection refused
48.39123554201797,,0.229,ConnectionRefusedError:[Errno 61] Connection refused
48.40338270878419,,0.275,ConnectionRefusedError:[Errno 61] Connection refused
48.41012041689828,,0.252,ConnectionRefusedError:[Errno 61] Connection refused
48.420041374862194,,0.327,ConnectionRefusedError:[Errno 61] Connection refused
48.434172458946705,,0.261,ConnectionRefusedError:[Errno 61] Connection refused
48.4426817917265,,0.248,ConnectionRefusedError:[Errno 61] Connection refused
48.45149654196575,,0.215,ConnectionRefusedError:[Errno 61] Connection refused
48.462227459065616,,0.379,ConnectionRefusedError:[Errno 61] Connection refused
48.471633167006075,,0.511,ConnectionRefusedError:[Errno 61] Connection refused
48.48399883368984,,0.34,ConnectionRefusedError:[Errno 61] Connection refused
48.49106354173273,,0.403,ConnectionRefusedError:[Errno 61] Connection refused
48.500074584037066,,0.326,ConnectionRefusedError:[Errno 61] Connection refused
48.514014166779816,,0.305,ConnectionRefusedError:[Errno 61] Connection refused
48.52128487499431,,0.309,ConnectionRefusedError:[Errno 61] Connection refused
48.53281491668895,,0.328,ConnectionRefusedError:[Errno 61] Connection refused
48.54123733378947,,0.316,ConnectionRefusedError:[Errno 61] Connection refused
48.55113612487912,,0.326,ConnectionRefusedError:[Errno 61] Connection refused
48.56040991703048,,0.227,ConnectionRefusedError:[Errno 61] Connection refused
48.57196158403531,,0.255,ConnectionRefusedError:[Errno 61] Connection refused
48.580520916730165,,0.373,ConnectionRefusedError:[Errno 61] Connection refused
48.59055949980393,,0.419,ConnectionRefusedError:[Errno 61] Connection refused
48.604320167098194,,0.245,ConnectionRefusedError:[Errno 61] Connection refused
48.61027879174799,,0.327,ConnectionRefusedError:[Errno 61] Connection refused
48.62444483395666,,4.968,ConnectionRefusedError:[Errno 61] Connection refused
48.6310724997893,,0.316,ConnectionRefusedError:[Errno 61] Connection refused
48.64426337508485,,0.3,ConnectionRefusedError:[Errno 61] Connection refused
48.650512208696455,,0.317,ConnectionRefusedError:[Errno 61] Connection refused
48.66930220881477,,0.742,ConnectionRefusedError:[Errno 61] Connection refused
48.67033970868215,,0.46,ConnectionRefusedError:[Errno 61] Connection refused
48.68340254202485,,0.301,ConnectionRefusedError:[Errno 61] Connection refused
48.69177012471482,,0.346,ConnectionRefusedError:[Errno 61] Connection refused
48.70010383380577,,0.36,ConnectionRefusedError:[Errno 61] Connection refused
48.71119066700339,,0.347,ConnectionRefusedError:[Errno 61] Connection refused
48.722120416816324,,0.307,ConnectionRefusedError:[Errno 61] Connection refused
48.73123145895079,,0.29,ConnectionRefusedError:[Errno 61] Connection refused
48.741731208749115,,0.776,ConnectionRefusedError:[Errno 61] Connection refused
48.75071145873517,,0.284,ConnectionRefusedError:[Errno 61] Connection refused
48.76028445875272,,0.329,ConnectionRefusedError:[Errno 61] Connection refused
48.77208120888099,,0.308,ConnectionRefusedError:[Errno 61] Connection refused
48.782712041866034,,0.304,ConnectionRefusedError:[Errno 61] Connection refused
48.79185912478715,,0.44,ConnectionRefusedError:[Errno 61] Connection refused
48.800667916890234,,0.311,ConnectionRefusedError:[Errno 61] Connection refused
48.810902749653906,,0.308,ConnectionRefusedError:[Errno 61] Connection refused
48.821014791727066,,0.293,ConnectionRefusedError:[Errno 61] Connection refused
48.83348200004548,,0.328,ConnectionRefusedError:[Errno 61] Connection refused
48.841263459064066,,0.314,ConnectionRefusedError:[Errno 61] Connection refused
48.85206324979663,,0.321,ConnectionRefusedError:[Errno 61] Connection refused
48.86103912489489,,0.31,ConnectionRefusedError:[Errno 61] Connection refused
48.87192612467334,,0.307,ConnectionRefusedError:[Errno 61] Connection refused
48.88138808403164,,0.311,ConnectionRefusedError:[Errno 61] Connection refused
48.893923250027,,0.294,ConnectionRefusedError:[Errno 61] Connection refused
48.90271845879033,,0.364,ConnectionRefusedError:[Errno 61] Connection refused
48.91327470866963,,0.334,ConnectionRefusedError:[Errno 61] Connection refused
48.922629499807954,,0.308,ConnectionRefusedError:[Errno 61] Connection refused
48.933104583993554,,0.32,ConnectionRefusedError:[Errno 61] Connection refused
48.94312237482518,,0.319,ConnectionRefusedError:[Errno 61] Connection refused
48.952603874728084,,0.463,ConnectionRefusedError:[Errno 61] Connection refused
48.965535583905876,,0.305,ConnectionRefusedError:[Errno 61] Connection refused
48.970763416960835,,0.296,ConnectionRefusedError:[Errno 61] Connection refused
48.982421333901584,,1.575,ConnectionRefusedError:[Errno 61] Connection refused
48.99999333405867,,0.643,ConnectionRefusedError:[Errno 61] Connection refused
49.000848666764796,,0.551,ConnectionRefusedError:[Errno 61] Connection refused
49.014427583664656,,0.309,ConnectionRefusedError:[Errno 61] Connection refused
49.0205017500557,,0.303,ConnectionRefusedError:[Errno 61] Connection refused
49.03335433406755,,0.331,ConnectionRefusedError:[Errno 61] Connection refused
49.041581958997995,,0.236,ConnectionRefusedError:[Errno 61] Connection refused
49.05146991694346,,0.314,ConnectionRefusedError:[Errno 61] Connection refused
49.06139366701245,,0.317,ConnectionRefusedError:[Errno 61] Connection refused
49.07266966672614,,0.321,ConnectionRefusedError:[Errno 61] Connection refused
49.083225833717734,,0.326,ConnectionRefusedError:[Errno 61] Connection refused
49.09537358395755,,0.974,ConnectionRefusedError:[Errno 61] Connection refused
49.1014011669904,,0.359,ConnectionRefusedError:[Errno 61] Connection refused
49.11018045898527,,0.308,ConnectionRefusedError:[Errno 61] Connection refused
49.122589542064816,,0.324,ConnectionRefusedError:[Errno 61] Connection refused
49.13285995880142,,0.324,ConnectionRefusedError:[Errno 61] Connection refused
49.14197004167363,,0.331,ConnectionRefusedError:[Errno 61] Connection refused
49.150358833838254,,0.385,ConnectionRefusedError:[Errno 61] Connection refused
49.164764374960214,,0.308,ConnectionRefusedError:[Errno 61] Connection refused
49.17221387475729,,0.308,ConnectionRefusedError:[Errno 61] Connection refused
49.18340408382937,,0.326,ConnectionRefusedError:[Errno 61] Connection refused
49.19165604189038,,0.294,ConnectionRefusedError:[Errno 61] Connection refused
49.20355883380398,,0.317,ConnectionRefusedError:[Errno 61] Connection refused
49.21396066667512,,0.341,ConnectionRefusedError:[Errno 61] Connection refused
49.22112145880237,,0.312,ConnectionRefusedError:[Errno 61] Connection refused
49.23342699976638,,0.42,ConnectionRefusedError:[Errno 61] Connection refused
49.241454999893904,,0.274,ConnectionRefusedError:[Errno 61] Connection refused
49.250261208973825,,0.257,ConnectionRefusedError:[Errno 61] Connection refused
49.26319199986756,,0.29,ConnectionRefusedError:[Errno 61] Connection refused
49.27168245892972,,0.311,ConnectionRefusedError:[Errno 61] Connection refused
49.281344583723694,,0.327,ConnectionRefusedError:[Errno 61] Connection refused
49.29155525006354,,0.416,ConnectionRefusedError:[Errno 61] Connection refused
49.30153770884499,,0.303,ConnectionRefusedError:[Errno 61] Connection refused
49.313558416906744,,0.31,ConnectionRefusedError:[Errno 61] Connection refused
49.320620709098876,,0.305,ConnectionRefusedError:[Errno 61] Connection refused
49.33050341671333,,0.523,ConnectionRefusedError:[Errno 61] Connection refused
49.34180087503046,,0.3,ConnectionRefusedError:[Errno 61] Connection refused
49.35028879204765,,0.819,ConnectionRefusedError:[Errno 61] Connection refused
49.36258279206231,,0.33,ConnectionRefusedError:[Errno 61] Connection refused
49.370572208892554,,0.336,ConnectionRefusedError:[Errno 61] Connection refused
49.382733250036836,,0.268,ConnectionRefusedError:[Errno 61] Connection refused
49.393306334037334,,0.32,ConnectionRefusedError:[Errno 61] Connection refused
49.400166667066514,,0.334,ConnectionRefusedError:[Errno 61] Connection refused
49.41255333367735,,0.301,ConnectionRefusedError:[Errno 61] Connection refused
49.423269083723426,,0.297,ConnectionRefusedError:[Errno 61] Connection refused
49.43291699979454,,0.288,ConnectionRefusedError:[Errno 61] Connection refused
49.4411218338646,,0.435,ConnectionRefusedError:[Errno 61] Connection refused
49.45395495882258,,0.333,ConnectionRefusedError:[Errno 61] Connection refused
49.46274504205212,,0.253,ConnectionRefusedError:[Errno 61] Connection refused
49.47045970894396,,0.22,ConnectionRefusedError:[Errno 61] Connection refused
49.48034487478435,,0.489,ConnectionRefusedError:[Errno 61] Connection refused
49.49098329199478,,0.408,ConnectionRefusedError:[Errno 61] Connection refused
49.50342491688207,,0.48,ConnectionRefusedError:[Errno 61] Connection refused
49.51086837472394,,0.316,ConnectionRefusedError:[Errno 61] Connection refused
49.52099358383566,,0.264,ConnectionRefusedError:[Errno 61] Connection refused
49.53156412485987,,0.237,ConnectionRefusedError:[Errno 61] Connection refused
49.54176404187456,,0.304,ConnectionRefusedError:[Errno 61] Connection refused
49.553501999937,,0.554,ConnectionRefusedError:[Errno 61] Connection refused
49.56048549991101,,0.389,ConnectionRefusedError:[Errno 61] Connection refused
49.571358541958034,,0.953,ConnectionRefusedError:[Errno 61] Connection refused
49.58002533391118,,0.513,ConnectionRefusedError:[Errno 61] Connection refused
49.59022191679105,,0.271,ConnectionRefusedError:[Errno 61] Connection refused
49.603234958834946,,0.319,ConnectionRefusedError:[Errno 61] Connection refused
49.61024258378893,,0.241,ConnectionRefusedError:[Errno 61] Connection refused
49.6247233748436,,0.357,ConnectionRefusedError:[Errno 61] Connection refused
49.63011687481776,,0.251,ConnectionRefusedError:[Errno 61] Connection refused
49.641209916677326,,0.345,ConnectionRefusedError:[Errno 61] Connection refused
49.65049974992871,,0.3,ConnectionRefusedError:[Errno 61] Connection refused
49.66218566708267,,0.333,ConnectionRefusedError:[Errno 61] Connection refused
49.67010658374056,,0.341,ConnectionRefusedError:[Errno 61] Connection refused
49.680126334074885,,0.462,ConnectionRefusedError:[Errno 61] Connection refused
49.690109624993056,,0.298,ConnectionRefusedError:[Errno 61] Connection refused
49.70034058392048,,0.267,ConnectionRefusedError:[Errno 61] Connection refused
49.71192766679451,,0.278,ConnectionRefusedError:[Errno 61] Connection refused
49.7201086669229,,0.363,ConnectionRefusedError:[Errno 61] Connection refused
49.73454129183665,,0.325,ConnectionRefusedError:[Errno 61] Connection refused
49.74187441682443,,0.567,ConnectionRefusedError:[Errno 61] Connection refused
49.750066708773375,,0.529,ConnectionRefusedError:[Errno 61] Connection refused
49.76008233381435,,0.412,ConnectionRefusedError:[Errno 61] Connection refused
49.7765758340247,,1.039,ConnectionRefusedError:[Errno 61] Connection refused
49.781374250072986,,0.333,ConnectionRefusedError:[Errno 61] Connection refused
49.7924436670728,,0.256,ConnectionRefusedError:[Errno 61] Connection refused
49.80265299975872,,0.238,ConnectionRefusedError:[Errno 61] Connection refused
49.8133783750236,,0.307,ConnectionRefusedError:[Errno 61] Connection refused
49.820116749964654,,0.616,ConnectionRefusedError:[Errno 61] Connection refused
49.833277749828994,,0.31,ConnectionRefusedError:[Errno 61] Connection refused
49.840098541695625,,0.411,ConnectionRefusedError:[Errno 61] Connection refused
49.850104291923344,,0.248,ConnectionRefusedError:[Errno 61] Connection refused
49.86028966680169,,0.336,ConnectionRefusedError:[Errno 61] Connection refused
49.87026133388281,,0.366,ConnectionRefusedError:[Errno 61] Connection refused
49.881066916976124,,0.459,ConnectionRefusedError:[Errno 61] Connection refused
49.89420087495819,,0.335,ConnectionRefusedError:[Errno 61] Connection refused
49.90054679196328,,0.542,ConnectionRefusedError:[Errno 61] Connection refused
49.910159166902304,,0.311,ConnectionRefusedError:[Errno 61] Connection refused
49.92217391682789,,0.323,ConnectionRefusedError:[Errno 61] Connection refused
49.93355270894244,,0.25,ConnectionRefusedError:[Errno 61] Connection refused
49.94144458370283,,0.297,ConnectionRefusedError:[Errno 61] Connection refused
49.95018033403903,,0.32,ConnectionRefusedError:[Errno 61] Connection refused
49.96005641669035,,0.326,ConnectionRefusedError:[Errno 61] Connection refused
49.970252541825175,,0.343,ConnectionRefusedError:[Errno 61] Connection refused
49.980234750080854,,0.284,ConnectionRefusedError:[Errno 61] Connection refused
49.99023279175162,,0.298,ConnectionRefusedError:[Errno 61] Connection refused
50.002701041754335,,0.262,ConnectionRefusedError:[Errno 61] Connection refused
50.01040270878002,,0.187,ConnectionRefusedError:[Errno 61] Connection refused
50.02017037477344,,0.306,ConnectionRefusedError:[Errno 61] Connection refused
50.030987083911896,,0.272,ConnectionRefusedError:[Errno 61] Connection refused
50.04325016681105,,0.229,ConnectionRefusedError:[Errno 61] Connection refused
50.0506470836699,,0.286,ConnectionRefusedError:[Errno 61] Connection refused
50.06143391691148,,0.291,ConnectionRefusedError:[Errno 61] Connection refused
50.073370709083974,,0.426,ConnectionRefusedError:[Errno 61] Connection refused
50.08196429209784,,0.413,ConnectionRefusedError:[Errno 61] Connection refused
50.09201024984941,,2.102,ConnectionRefusedError:[Errno 61] Connection refused
50.10500629199669,,0.366,ConnectionRefusedError:[Errno 61] Connection refused
50.11017162492499,,0.215,ConnectionRefusedError:[Errno 61] Connection refused
50.12051962502301,,0.835,ConnectionRefusedError:[Errno 61] Connection refused
50.132129499688745,,0.711,ConnectionRefusedError:[Errno 61] Connection refused
50.14359016669914,,0.278,ConnectionRefusedError:[Errno 61] Connection refused
50.150144333951175,,0.293,ConnectionRefusedError:[Errno 61] Connection refused
50.16015783371404,,0.822,ConnectionRefusedError:[Errno 61] Connection refused
50.17073804186657,,0.283,ConnectionRefusedError:[Errno 61] Connection refused
50.180043833795935,,0.312,ConnectionRefusedError:[Errno 61] Connection refused
50.1935574170202,,0.302,ConnectionRefusedError:[Errno 61] Connection refused
50.201396208722144,,0.469,ConnectionRefusedError:[Errno 61] Connection refused
50.2114546247758,,0.263,ConnectionRefusedError:[Errno 61] Connection refused
50.22290633386001,,0.565,ConnectionRefusedError:[Errno 61] Connection refused
50.23038087505847,,0.342,ConnectionRefusedError:[Errno 61] Connection refused
50.24281350011006,,0.264,ConnectionRefusedError:[Errno 61] Connection refused
50.251871292013675,,0.364,ConnectionRefusedError:[Errno 61] Connection refused
50.26181662501767,,0.341,ConnectionRefusedError:[Errno 61] Connection refused
50.271305250003934,,0.344,ConnectionRefusedError:[Errno 61] Connection refused
50.280724291689694,,0.4,ConnectionRefusedError:[Errno 61] Connection refused
50.29138287482783,,0.36,ConnectionRefusedError:[Errno 61] Connection refused
50.30272162472829,,0.485,ConnectionRefusedError:[Errno 61] Connection refused
50.313133999705315,,0.337,ConnectionRefusedError:[Errno 61] Connection refused
50.32028283365071,,0.283,ConnectionRefusedError:[Errno 61] Connection refused
50.33218962466344,,0.322,ConnectionRefusedError:[Errno 61] Connection refused
50.34004095895216,,0.311,ConnectionRefusedError:[Errno 61] Connection refused
50.3533693337813,,0.284,ConnectionRefusedError:[Errno 61] Connection refused
50.36059445887804,,0.593,ConnectionRefusedError:[Errno 61] Connection refused
50.3720611250028,,0.356,ConnectionRefusedError:[Errno 61] Connection refused
50.38264379184693,,0.314,ConnectionRefusedError:[Errno 61] Connection refused
50.390491999685764,,0.486,ConnectionRefusedError:[Errno 61] Connection refused
50.4027952500619,,0.405,ConnectionRefusedError:[Errno 61] Connection refused
50.411281999666244,,0.238,ConnectionRefusedError:[Errno 61] Connection refused
50.42272812500596,,0.298,ConnectionRefusedError:[Errno 61] Connection refused
50.430747208651155,,0.416,ConnectionRefusedError:[Errno 61] Connection refused
50.4432241669856,,0.222,ConnectionRefusedError:[Errno 61] Connection refused
50.45290425000712,,0.374,ConnectionRefusedError:[Errno 61] Connection refused
50.46340954210609,,0.36,ConnectionRefusedError:[Errno 61] Connection refused
50.47170962486416,,0.337,ConnectionRefusedError:[Errno 61] Connection refused
50.48391495877877,,0.4,ConnectionRefusedError:[Errno 61] Connection refused
50.49206604203209,,0.347,ConnectionRefusedError:[Errno 61] Connection refused
50.501944709103554,,0.401,ConnectionRefusedError:[Errno 61] Connection refused
50.51367204170674,,0.373,ConnectionRefusedError:[Errno 61] Connection refused
50.521416374947876,,0.326,ConnectionRefusedError:[Errno 61] Connection refused
50.533917791675776,,0.298,ConnectionRefusedError:[Errno 61] Connection refused
50.54033449990675,,0.291,ConnectionRefusedError:[Errno 61] Connection refused
50.55417783372104,,0.34,ConnectionRefusedError:[Errno 61] Connection refused
50.560897124931216,,0.469,ConnectionRefusedError:[Errno 61] Connection refused
50.5702370419167,,0.328,ConnectionRefusedError:[Errno 61] Connection refused
50.58348266687244,,0.302,ConnectionRefusedError:[Errno 61] Connection refused
50.59136025002226,,0.319,ConnectionRefusedError:[Errno 61] Connection refused
50.60388404177502,,0.307,ConnectionRefusedError:[Errno 61] Connection refused
50.61124699981883,,0.309,ConnectionRefusedError:[Errno 61] Connection refused
50.621094333939254,,0.363,ConnectionRefusedError:[Errno 61] Connection refused
50.63386741699651,,0.635,ConnectionRefusedError:[Errno 61] Connection refused
50.641261249780655,,0.316,ConnectionRefusedError:[Errno 61] Connection refused
50.65396716678515,,0.308,ConnectionRefusedError:[Errno 61] Connection refused
50.660046292003244,,0.538,ConnectionRefusedError:[Errno 61] Connection refused
50.67177891684696,,0.31,ConnectionRefusedError:[Errno 61] Connection refused
50.68160616699606,,0.264,ConnectionRefusedError:[Errno 61] Connection refused
50.69144504191354,,0.3,ConnectionRefusedError:[Errno 61] Connection refused
50.702721416950226,,0.303,ConnectionRefusedError:[Errno 61] Connection refused
50.71063516708091,,0.29,ConnectionRefusedError:[Errno 61] Connection refused
50.721853625029325,,0.288,ConnectionRefusedError:[Errno 61] Connection refused
50.73349420865998,,0.251,ConnectionRefusedError:[Errno 61] Connection refused
50.74309858400375,,0.4,ConnectionRefusedError:[Errno 61] Connection refused
50.7521818340756,,0.332,ConnectionRefusedError:[Errno 61] Connection refused
50.762689124792814,,0.354,ConnectionRefusedError:[Errno 61] Connection refused
50.77310691680759,,0.313,ConnectionRefusedError:[Errno 61] Connection refused
50.78314062487334,,0.421,ConnectionRefusedError:[Errno 61] Connection refused
50.79227624973282,,0.298,ConnectionRefusedError:[Errno 61] Connection refused
50.801210874691606,,0.297,ConnectionRefusedError:[Errno 61] Connection refused
50.81052312487736,,0.326,ConnectionRefusedError:[Errno 61] Connection refused
50.82089599967003,,0.272,ConnectionRefusedError:[Errno 61] Connection refused
50.832796916831285,,0.3,ConnectionRefusedError:[Errno 61] Connection refused
50.843244624789804,,0.298,ConnectionRefusedError:[Errno 61] Connection refused
50.85141437500715,,0.593,ConnectionRefusedError:[Errno 61] Connection refused
50.86117050005123,,0.288,ConnectionRefusedError:[Errno 61] Connection refused
50.873379583936185,,0.315,ConnectionRefusedError:[Errno 61] Connection refused
50.88283724989742,,0.317,ConnectionRefusedError:[Errno 61] Connection refused
50.89216533396393,,0.319,ConnectionRefusedError:[Errno 61] Connection refused
50.903141249902546,,0.316,ConnectionRefusedError:[Errno 61] Connection refused
50.91370425000787,,0.994,ConnectionRefusedError:[Errno 61] Connection refused
50.92116383370012,,0.307,ConnectionRefusedError:[Errno 61] Connection refused
50.93114549992606,,0.316,ConnectionRefusedError:[Errno 61] Connection refused
50.94386287499219,,0.379,ConnectionRefusedError:[Errno 61] Connection refused
50.950274041853845,,0.276,ConnectionRefusedError:[Errno 61] Connection refused
50.96039249980822,,0.335,ConnectionRefusedError:[Errno 61] Connection refused
50.971830249764025,,0.465,ConnectionRefusedError:[Errno 61] Connection refused
50.98039795877412,,0.314,ConnectionRefusedError:[Errno 61] Connection refused
50.99239558400586,,0.792,ConnectionRefusedError:[Errno 61] Connection refused
51.00239695888013,,0.315,ConnectionRefusedError:[Errno 61] Connection refused
51.01075612474233,,0.272,ConnectionRefusedError:[Errno 61] Connection refused
51.022108249831945,,0.94,ConnectionRefusedError:[Errno 61] Connection refused
51.0334114166908,,0.35,ConnectionRefusedError:[Errno 61] Connection refused
51.04163374984637,,0.354,ConnectionRefusedError:[Errno 61] Connection refused
51.053893208969384,,0.557,ConnectionRefusedError:[Errno 61] Connection refused
51.0600842917338,,0.306,ConnectionRefusedError:[Errno 61] Connection refused
51.07019308395684,,0.352,ConnectionRefusedError:[Errno 61] Connection refused
51.08451508404687,,0.386,ConnectionRefusedError:[Errno 61] Connection refused
51.090064709074795,,0.244,ConnectionRefusedError:[Errno 61] Connection refused
51.10470645874739,,0.238,ConnectionRefusedError:[Errno 61] Connection refused
51.111552791669965,,0.227,ConnectionRefusedError:[Errno 61] Connection refused
51.123584291897714,,1.254,ConnectionRefusedError:[Errno 61] Connection refused
51.132984458934516,,0.535,ConnectionRefusedError:[Errno 61] Connection refused
51.14122016681358,,0.313,ConnectionRefusedError:[Errno 61] Connection refused
51.15358695900068,,0.318,ConnectionRefusedError:[Errno 61] Connection refused
51.16176549997181,,0.251,ConnectionRefusedError:[Errno 61] Connection refused
51.17107741674408,,0.459,ConnectionRefusedError:[Errno 61] Connection refused
51.1810077088885,,0.305,ConnectionRefusedError:[Errno 61] Connection refused
51.19402199983597,,0.297,ConnectionRefusedError:[Errno 61] Connection refused
51.20265920879319,,2.371,ConnectionRefusedError:[Errno 61] Connection refused
51.211676083970815,,1.447,ConnectionRefusedError:[Errno 61] Connection refused
51.2215547086671,,0.261,ConnectionRefusedError:[Errno 61] Connection refused
51.23083587503061,,0.311,ConnectionRefusedError:[Errno 61] Connection refused
51.24216733407229,,0.379,ConnectionRefusedError:[Errno 61] Connection refused
51.25045979209244,,0.294,ConnectionRefusedError:[Errno 61] Connection refused
51.2613301249221,,0.3,ConnectionRefusedError:[Errno 61] Connection refused
51.273927124682814,,0.322,ConnectionRefusedError:[Errno 61] Connection refused
51.28263566689566,,0.25,ConnectionRefusedError:[Errno 61] Connection refused
51.291233541909605,,0.296,ConnectionRefusedError:[Errno 61] Connection refused
51.30093054194003,,0.312,ConnectionRefusedError:[Errno 61] Connection refused
51.31409512506798,,0.294,ConnectionRefusedError:[Errno 61] Connection refused
51.32170125003904,,0.3,ConnectionRefusedError:[Errno 61] Connection refused
51.33486624993384,,0.43,ConnectionRefusedError:[Errno 61] Connection refused
51.342080916743726,,0.33,ConnectionRefusedError:[Errno 61] Connection refused
51.353526749648154,,0.295,ConnectionRefusedError:[Errno 61] Connection refused
51.361016124952585,,0.297,ConnectionRefusedError:[Errno 61] Connection refused
51.37169699976221,,0.313,ConnectionRefusedError:[Errno 61] Connection refused
51.38259175000712,,0.301,ConnectionRefusedError:[Errno 61] Connection refused
51.3908886667341,,0.293,ConnectionRefusedError:[Errno 61] Connection refused
51.40359199978411,,0.306,ConnectionRefusedError:[Errno 61] Connection refused
51.41046095872298,,0.3,ConnectionRefusedError:[Errno 61] Connection refused
51.42403316684067,,0.301,ConnectionRefusedError:[Errno 61] Connection refused
51.430247083771974,,0.314,ConnectionRefusedError:[Errno 61] Connection refused
51.44177237479016,,0.312,ConnectionRefusedError:[Errno 61] Connection refused
51.450456958729774,,0.353,ConnectionRefusedError:[Errno 61] Connection refused
51.46433174982667,,0.303,ConnectionRefusedError:[Errno 61] Connection refused
51.47042745910585,,0.295,ConnectionRefusedError:[Errno 61] Connection refused
51.4823739589192,,0.317,ConnectionRefusedError:[Errno 61] Connection refused
51.49263433367014,,0.319,ConnectionRefusedError:[Errno 61] Connection refused
51.50330225005746,,0.293,ConnectionRefusedError:[Errno 61] Connection refused
51.513006208930165,,0.331,ConnectionRefusedError:[Errno 61] Connection refused
51.52183820866048,,0.316,ConnectionRefusedError:[Errno 61] Connection refused
51.532891375012696,,0.382,ConnectionRefusedError:[Errno 61] Connection refused
51.54270966676995,,0.757,ConnectionRefusedError:[Errno 61] Connection refused
51.551191583741456,,0.311,ConnectionRefusedError:[Errno 61] Connection refused
51.561772000044584,,0.619,ConnectionRefusedError:[Errno 61] Connection refused
51.57016891706735,,0.826,ConnectionRefusedError:[Errno 61] Connection refused
51.58119170879945,,0.267,ConnectionRefusedError:[Errno 61] Connection refused
51.59411379182711,,0.459,ConnectionRefusedError:[Errno 61] Connection refused
51.6010031667538,,0.25,ConnectionRefusedError:[Errno 61] Connection refused
51.61163387494162,,0.326,ConnectionRefusedError:[Errno 61] Connection refused
51.62008687481284,,0.288,ConnectionRefusedError:[Errno 61] Connection refused
51.63072979170829,,0.317,ConnectionRefusedError:[Errno 61] Connection refused
51.64345704205334,,0.325,ConnectionRefusedError:[Errno 61] Connection refused
51.65049891686067,,0.301,ConnectionRefusedError:[Errno 61] Connection refused
51.66534508392215,,0.325,ConnectionRefusedError:[Errno 61] Connection refused
51.67046112474054,,0.296,ConnectionRefusedError:[Errno 61] Connection refused
51.68597879167646,,0.699,ConnectionRefusedError:[Errno 61] Connection refused
51.690934374928474,,0.346,ConnectionRefusedError:[Errno 61] Connection refused
51.70176233397797,,0.302,ConnectionRefusedError:[Errno 61] Connection refused
51.71343775000423,,0.249,ConnectionRefusedError:[Errno 61] Connection refused
51.72319129202515,,0.405,ConnectionRefusedError:[Errno 61] Connection refused
51.732960749883205,,0.289,ConnectionRefusedError:[Errno 61] Connection refused
51.74006712483242,,0.318,ConnectionRefusedError:[Errno 61] Connection refused
51.75124274985865,,0.26,ConnectionRefusedError:[Errno 61] Connection refused
51.763916208874434,,0.401,ConnectionRefusedError:[Errno 61] Connection refused
51.7711080419831,,0.49,ConnectionRefusedError:[Errno 61] Connection refused
51.783246208913624,,0.329,ConnectionRefusedError:[Errno 61] Connection refused
51.79153829207644,,0.459,ConnectionRefusedError:[Errno 61] Connection refused
51.80184399988502,,0.305,ConnectionRefusedError:[Errno 61] Connection refused
51.812645291909575,,0.223,ConnectionRefusedError:[Errno 61] Connection refused
51.82158525008708,,0.244,ConnectionRefusedError:[Errno 61] Connection refused
51.83394687483087,,0.274,ConnectionRefusedError:[Errno 61] Connection refused
51.84282670868561,,0.456,ConnectionRefusedError:[Errno 61] Connection refused
51.853075792081654,,0.249,ConnectionRefusedError:[Errno 61] Connection refused
51.86020266683772,,0.231,ConnectionRefusedError:[Errno 61] Connection refused
51.870354749727994,,0.255,ConnectionRefusedError:[Errno 61] Connection refused
51.88467466691509,,0.249,ConnectionRefusedError:[Errno 61] Connection refused
51.892023167107254,,0.183,ConnectionRefusedError:[Errno 61] Connection refused
51.901349874679,,0.212,ConnectionRefusedError:[Errno 61] Connection refused
51.91222287481651,,0.251,ConnectionRefusedError:[Errno 61] Connection refused
51.923657041974366,,0.253,ConnectionRefusedError:[Errno 61] Connection refused
51.93298770906404,,0.207,ConnectionRefusedError:[Errno 61] Connection refused
51.940596791915596,,0.235,ConnectionRefusedError:[Errno 61] Connection refused
51.953399249818176,,0.286,ConnectionRefusedError:[Errno 61] Connection refused
51.96377349970862,,0.432,ConnectionRefusedError:[Errno 61] Connection refused
51.972517374902964,,0.264,ConnectionRefusedError:[Errno 61] Connection refused
51.98348324978724,,0.806,ConnectionRefusedError:[Errno 61] Connection refused
52.00174616696313,,0.297,ConnectionRefusedError:[Errno 61] Connection refused
52.002252333797514,,0.149,ConnectionRefusedError:[Errno 61] Connection refused
52.013795875012875,,0.222,ConnectionRefusedError:[Errno 61] Connection refused
52.023186000064015,,0.266,ConnectionRefusedError:[Errno 61] Connection refused
52.032862584106624,,0.202,ConnectionRefusedError:[Errno 61] Connection refused
52.04320141673088,,0.166,ConnectionRefusedError:[Errno 61] Connection refused
52.051082292106,,0.249,ConnectionRefusedError:[Errno 61] Connection refused
52.061265874654055,,0.319,ConnectionRefusedError:[Errno 61] Connection refused
52.07243862468749,,0.244,ConnectionRefusedError:[Errno 61] Connection refused
52.08419229183346,,0.297,ConnectionRefusedError:[Errno 61] Connection refused
52.09212062507868,,0.239,ConnectionRefusedError:[Errno 61] Connection refused
52.102066583931446,,0.498,ConnectionRefusedError:[Errno 61] Connection refused
52.11069445870817,,0.203,ConnectionRefusedError:[Errno 61] Connection refused
52.12350849993527,,0.434,ConnectionRefusedError:[Errno 61] Connection refused
52.132800499908626,,0.289,ConnectionRefusedError:[Errno 61] Connection refused
52.140843959059566,,0.308,ConnectionRefusedError:[Errno 61] Connection refused
52.15218749968335,,0.439,ConnectionRefusedError:[Errno 61] Connection refused
52.16206133365631,,0.363,ConnectionRefusedError:[Errno 61] Connection refused
52.17192641692236,,0.325,ConnectionRefusedError:[Errno 61] Connection refused
52.18585770903155,,0.258,ConnectionRefusedError:[Errno 61] Connection refused
52.19096729205921,,0.252,ConnectionRefusedError:[Errno 61] Connection refused
52.20038212509826,,0.243,ConnectionRefusedError:[Errno 61] Connection refused
52.21136187482625,,0.296,ConnectionRefusedError:[Errno 61] Connection refused
52.22006495902315,,0.235,ConnectionRefusedError:[Errno 61] Connection refused
52.23296224977821,,0.317,ConnectionRefusedError:[Errno 61] Connection refused
52.2445317087695,,0.679,ConnectionRefusedError:[Errno 61] Connection refused
52.25057449983433,,0.215,ConnectionRefusedError:[Errno 61] Connection refused
52.2631540838629,,0.305,ConnectionRefusedError:[Errno 61] Connection refused
52.27244112500921,,0.305,ConnectionRefusedError:[Errno 61] Connection refused
52.28342887479812,,0.451,ConnectionRefusedError:[Errno 61] Connection refused
52.290809583850205,,0.283,ConnectionRefusedError:[Errno 61] Connection refused
52.30208270903677,,0.672,ConnectionRefusedError:[Errno 61] Connection refused
52.31338570872322,,0.337,ConnectionRefusedError:[Errno 61] Connection refused
52.322960124816746,,0.311,ConnectionRefusedError:[Errno 61] Connection refused
52.33287158375606,,0.328,ConnectionRefusedError:[Errno 61] Connection refused
52.34035991691053,,0.241,ConnectionRefusedError:[Errno 61] Connection refused
52.35270933387801,,0.31,ConnectionRefusedError:[Errno 61] Connection refused
52.363272042013705,,0.462,ConnectionRefusedError:[Errno 61] Connection refused
52.371661624871194,,0.225,ConnectionRefusedError:[Errno 61] Connection refused
52.38272887468338,,0.353,ConnectionRefusedError:[Errno 61] Connection refused
52.392765916883945,,0.454,ConnectionRefusedError:[Errno 61] Connection refused
52.400053708814085,,0.441,ConnectionRefusedError:[Errno 61] Connection refused
52.41412799991667,,0.28,ConnectionRefusedError:[Errno 61] Connection refused
52.421284541953355,,0.273,ConnectionRefusedError:[Errno 61] Connection refused
52.43279837490991,,0.4,ConnectionRefusedError:[Errno 61] Connection refused
52.442917791660875,,0.378,ConnectionRefusedError:[Errno 61] Connection refused
52.4506052499637,,0.375,ConnectionRefusedError:[Errno 61] Connection refused
52.46396124968305,,0.313,ConnectionRefusedError:[Errno 61] Connection refused
52.47238341672346,,0.219,ConnectionRefusedError:[Errno 61] Connection refused
52.48348795901984,,0.451,ConnectionRefusedError:[Errno 61] Connection refused
52.49121083365753,,0.495,ConnectionRefusedError:[Errno 61] Connection refused
52.50139483390376,,0.311,ConnectionRefusedError:[Errno 61] Connection refused
52.51389837497845,,0.259,ConnectionRefusedError:[Errno 61] Connection refused
52.52286070911214,,0.231,ConnectionRefusedError:[Errno 61] Connection refused
52.53045337507501,,0.225,ConnectionRefusedError:[Errno 61] Connection refused
52.54462549975142,,0.277,ConnectionRefusedError:[Errno 61] Connection refused
52.552331124898046,,0.258,ConnectionRefusedError:[Errno 61] Connection refused
52.56355362478644,,0.287,ConnectionRefusedError:[Errno 61] Connection refused
52.57149587478489,,0.282,ConnectionRefusedError:[Errno 61] Connection refused
52.58401512494311,,0.233,ConnectionRefusedError:[Errno 61] Connection refused
52.5927826249972,,0.197,ConnectionRefusedError:[Errno 61] Connection refused
52.6020672917366,,0.215,ConnectionRefusedError:[Errno 61] Connection refused
52.613767666742206,,0.206,ConnectionRefusedError:[Errno 61] Connection refused
52.62165674986318,,0.186,ConnectionRefusedError:[Errno 61] Connection refused
52.633077084086835,,0.218,ConnectionRefusedError:[Errno 61] Connection refused
52.643254458904266,,0.202,ConnectionRefusedError:[Errno 61] Connection refused
52.651065333746374,,0.231,ConnectionRefusedError:[Errno 61] Connection refused
52.66425999999046,,0.244,ConnectionRefusedError:[Errno 61] Connection refused
52.67008400009945,,0.197,ConnectionRefusedError:[Errno 61] Connection refused
52.684814791660756,,0.256,ConnectionRefusedError:[Errno 61] Connection refused
52.69233112502843,,0.209,ConnectionRefusedError:[Errno 61] Connection refused
52.70369783369824,,0.237,ConnectionRefusedError:[Errno 61] Connection refused
52.71292799990624,,0.19,ConnectionRefusedError:[Errno 61] Connection refused
52.723021666985005,,0.227,ConnectionRefusedError:[Errno 61] Connection refused
52.73287699976936,,0.251,ConnectionRefusedError:[Errno 61] Connection refused
52.74671620875597,,0.354,ConnectionRefusedError:[Errno 61] Connection refused
52.750711916945875,,0.221,ConnectionRefusedError:[Errno 61] Connection refused
52.763588124886155,,0.24,ConnectionRefusedError:[Errno 61] Connection refused
52.77029454195872,,0.275,ConnectionRefusedError:[Errno 61] Connection refused
52.7824781248346,,0.297,ConnectionRefusedError:[Errno 61] Connection refused
52.79356420878321,,0.35,ConnectionRefusedError:[Errno 61] Connection refused
52.80063708405942,,0.235,ConnectionRefusedError:[Errno 61] Connection refused
52.811914124991745,,0.387,ConnectionRefusedError:[Errno 61] Connection refused
52.820440833922476,,0.244,ConnectionRefusedError:[Errno 61] Connection refused
52.83337908377871,,0.327,ConnectionRefusedError:[Errno 61] Connection refused
52.84201541682705,,0.337,ConnectionRefusedError:[Errno 61] Connection refused
52.853586583863944,,0.525,ConnectionRefusedError:[Errno 61] Connection refused
52.86291166674346,,0.34,ConnectionRefusedError:[Errno 61] Connection refused
52.87114041671157,,0.356,ConnectionRefusedError:[Errno 61] Connection refused
52.88419487467036,,0.278,ConnectionRefusedError:[Errno 61] Connection refused
52.890421541873366,,0.264,ConnectionRefusedError:[Errno 61] Connection refused
52.90344137465581,,0.283,ConnectionRefusedError:[Errno 61] Connection refused
52.91632216703147,,0.327,ConnectionRefusedError:[Errno 61] Connection refused
52.92098316689953,,0.201,ConnectionRefusedError:[Errno 61] Connection refused
52.934326250106096,,0.291,ConnectionRefusedError:[Errno 61] Connection refused
52.94190758373588,,0.148,ConnectionRefusedError:[Errno 61] Connection refused
52.9539218749851,,0.227,ConnectionRefusedError:[Errno 61] Connection refused
52.9623557087034,,0.205,ConnectionRefusedError:[Errno 61] Connection refused
52.97290787473321,,0.189,ConnectionRefusedError:[Errno 61] Connection refused
52.98386670881882,,0.247,ConnectionRefusedError:[Errno 61] Connection refused
52.99104270897806,,0.292,ConnectionRefusedError:[Errno 61] Connection refused
53.00365875009447,,0.343,ConnectionRefusedError:[Errno 61] Connection refused
53.01279929187149,,0.249,ConnectionRefusedError:[Errno 61] Connection refused
53.02309204172343,,0.32,ConnectionRefusedError:[Errno 61] Connection refused
53.033109416719526,,0.263,ConnectionRefusedError:[Errno 61] Connection refused
53.04323225002736,,0.217,ConnectionRefusedError:[Errno 61] Connection refused
53.05316404206678,,0.247,ConnectionRefusedError:[Errno 61] Connection refused
53.06327791698277,,0.305,ConnectionRefusedError:[Errno 61] Connection refused
53.072778708767146,,0.297,ConnectionRefusedError:[Errno 61] Connection refused
53.08136900002137,,0.252,ConnectionRefusedError:[Errno 61] Connection refused
53.09204887505621,,0.34,ConnectionRefusedError:[Errno 61] Connection refused
53.10274124983698,,0.416,ConnectionRefusedError:[Errno 61] Connection refused
53.111920999828726,,0.249,ConnectionRefusedError:[Errno 61] Connection refused
53.12259675003588,,0.548,ConnectionRefusedError:[Errno 61] Connection refused
53.13118424965069,,0.357,ConnectionRefusedError:[Errno 61] Connection refused
53.142171166837215,,0.391,ConnectionRefusedError:[Errno 61] Connection refused
53.153147416654974,,0.248,ConnectionRefusedError:[Errno 61] Connection refused
53.160057208966464,,4.156,ConnectionRefusedError:[Errno 61] Connection refused
53.172884499654174,,0.238,ConnectionRefusedError:[Errno 61] Connection refused
53.18265020893887,,0.369,ConnectionRefusedError:[Errno 61] Connection refused
53.190461999736726,,0.351,ConnectionRefusedError:[Errno 61] Connection refused
53.200914999935776,,0.909,ConnectionRefusedError:[Errno 61] Connection refused
53.21577799972147,,0.301,ConnectionRefusedError:[Errno 61] Connection refused
53.22004966670647,,0.2,ConnectionRefusedError:[Errno 61] Connection refused
53.23878891672939,,0.231,ConnectionRefusedError:[Errno 61] Connection refused
53.24026416707784,,0.167,ConnectionRefusedError:[Errno 61] Connection refused
53.25480354204774,,0.223,ConnectionRefusedError:[Errno 61] Connection refused
53.26239616703242,,0.2,ConnectionRefusedError:[Errno 61] Connection refused
53.27145766699687,,0.156,ConnectionRefusedError:[Errno 61] Connection refused
53.28267691703513,,0.449,ConnectionRefusedError:[Errno 61] Connection refused
53.2928596669808,,0.335,ConnectionRefusedError:[Errno 61] Connection refused
53.3007320840843,,0.44,ConnectionRefusedError:[Errno 61] Connection refused
53.31088791694492,,0.372,ConnectionRefusedError:[Errno 61] Connection refused
53.323235999792814,,0.413,ConnectionRefusedError:[Errno 61] Connection refused
53.33056558389217,,0.858,ConnectionRefusedError:[Errno 61] Connection refused
53.34119562478736,,0.215,ConnectionRefusedError:[Errno 61] Connection refused
53.35184220876545,,0.391,ConnectionRefusedError:[Errno 61] Connection refused
53.362751042004675,,0.24,ConnectionRefusedError:[Errno 61] Connection refused
53.37267749989405,,0.216,ConnectionRefusedError:[Errno 61] Connection refused
53.383502416778356,,0.28,ConnectionRefusedError:[Errno 61] Connection refused
53.39158070879057,,0.416,ConnectionRefusedError:[Errno 61] Connection refused
53.40144212497398,,0.308,ConnectionRefusedError:[Errno 61] Connection refused
53.413536542095244,,0.272,ConnectionRefusedError:[Errno 61] Connection refused
53.42271595867351,,0.442,ConnectionRefusedError:[Errno 61] Connection refused
53.432866458781064,,0.366,ConnectionRefusedError:[Errno 61] Connection refused
53.44321233406663,,0.363,ConnectionRefusedError:[Errno 61] Connection refused
53.45112337497994,,0.369,ConnectionRefusedError:[Errno 61] Connection refused
53.46129795908928,,0.257,ConnectionRefusedError:[Errno 61] Connection refused
53.47046079207212,,0.424,ConnectionRefusedError:[Errno 61] Connection refused
53.48298791702837,,0.436,ConnectionRefusedError:[Errno 61] Connection refused
53.49217616673559,,0.456,ConnectionRefusedError:[Errno 61] Connection refused
53.5004755416885,,0.394,ConnectionRefusedError:[Errno 61] Connection refused
53.51363195898011,,0.322,ConnectionRefusedError:[Errno 61] Connection refused
53.522878791671246,,0.282,ConnectionRefusedError:[Errno 61] Connection refused
53.53120458405465,,0.374,ConnectionRefusedError:[Errno 61] Connection refused
53.542148666922,,0.211,ConnectionRefusedError:[Errno 61] Connection refused
53.55325250001624,,0.257,ConnectionRefusedError:[Errno 61] Connection refused
53.56137095903978,,0.233,ConnectionRefusedError:[Errno 61] Connection refused
53.572724708821625,,0.359,ConnectionRefusedError:[Errno 61] Connection refused
53.582801166921854,,0.291,ConnectionRefusedError:[Errno 61] Connection refused
53.59045679168776,,0.247,ConnectionRefusedError:[Errno 61] Connection refused
53.60411808406934,,0.288,ConnectionRefusedError:[Errno 61] Connection refused
53.610698875039816,,0.273,ConnectionRefusedError:[Errno 61] Connection refused
53.624479583930224,,0.276,ConnectionRefusedError:[Errno 61] Connection refused
53.63249995885417,,0.323,ConnectionRefusedError:[Errno 61] Connection refused
53.64253666670993,,0.235,ConnectionRefusedError:[Errno 61] Connection refused
53.65109254186973,,0.377,ConnectionRefusedError:[Errno 61] Connection refused
53.66366375004873,,0.355,ConnectionRefusedError:[Errno 61] Connection refused
53.670487166848034,,0.345,ConnectionRefusedError:[Errno 61] Connection refused
53.68054975010455,,0.387,ConnectionRefusedError:[Errno 61] Connection refused
53.693234709091485,,0.382,ConnectionRefusedError:[Errno 61] Connection refused
53.70077916700393,,0.236,ConnectionRefusedError:[Errno 61] Connection refused
53.713978374842554,,0.21,ConnectionRefusedError:[Errno 61] Connection refused
53.72193279210478,,0.138,ConnectionRefusedError:[Errno 61] Connection refused
53.733964333776385,,0.295,ConnectionRefusedError:[Errno 61] Connection refused
53.74855504184961,,0.291,ConnectionRefusedError:[Errno 61] Connection refused
53.75075220875442,,0.313,ConnectionRefusedError:[Errno 61] Connection refused
53.76290324982256,,0.365,ConnectionRefusedError:[Errno 61] Connection refused
53.77276466693729,,0.357,ConnectionRefusedError:[Errno 61] Connection refused
53.78329304186627,,0.377,ConnectionRefusedError:[Errno 61] Connection refused
53.79189600003883,,0.327,ConnectionRefusedError:[Errno 61] Connection refused
53.802639541681856,,0.305,ConnectionRefusedError:[Errno 61] Connection refused
53.81153924996033,,0.237,ConnectionRefusedError:[Errno 61] Connection refused
53.82215033378452,,0.292,ConnectionRefusedError:[Errno 61] Connection refused
53.8333639591001,,0.311,ConnectionRefusedError:[Errno 61] Connection refused
53.841444791760296,,0.299,ConnectionRefusedError:[Errno 61] Connection refused
53.851908708922565,,0.285,ConnectionRefusedError:[Errno 61] Connection refused
53.86372441705316,,0.301,ConnectionRefusedError:[Errno 61] Connection refused
53.87268762476742,,0.342,ConnectionRefusedError:[Errno 61] Connection refused
53.88345245877281,,0.348,ConnectionRefusedError:[Errno 61] Connection refused
53.89205220900476,,0.448,ConnectionRefusedError:[Errno 61] Connection refused
53.90003670891747,,0.371,ConnectionRefusedError:[Errno 61] Connection refused
53.9139101668261,,0.327,ConnectionRefusedError:[Errno 61] Connection refused
53.92262262478471,,0.347,ConnectionRefusedError:[Errno 61] Connection refused
53.9328413750045,,0.36,ConnectionRefusedError:[Errno 61] Connection refused
53.94322345871478,,0.255,ConnectionRefusedError:[Errno 61] Connection refused
53.95206154184416,,0.295,ConnectionRefusedError:[Errno 61] Connection refused
53.963787249755114,,0.277,ConnectionRefusedError:[Errno 61] Connection refused
53.97279775002971,,0.373,ConnectionRefusedError:[Errno 61] Connection refused
53.98091374989599,,0.367,ConnectionRefusedError:[Errno 61] Connection refused
53.99173141689971,,0.364,ConnectionRefusedError:[Errno 61] Connection refused
54.00211554206908,,0.368,ConnectionRefusedError:[Errno 61] Connection refused
54.0118489167653,,0.307,ConnectionRefusedError:[Errno 61] Connection refused
54.02184266690165,,0.29,ConnectionRefusedError:[Errno 61] Connection refused
54.03032474964857,,0.26,ConnectionRefusedError:[Errno 61] Connection refused
54.04150024987757,,0.233,ConnectionRefusedError:[Errno 61] Connection refused
54.05400045868009,,0.232,ConnectionRefusedError:[Errno 61] Connection refused
54.062814000062644,,0.296,ConnectionRefusedError:[Errno 61] Connection refused
54.072678833734244,,0.235,ConnectionRefusedError:[Errno 61] Connection refused
54.08340833382681,,0.239,ConnectionRefusedError:[Errno 61] Connection refused
54.091671333648264,,0.259,ConnectionRefusedError:[Errno 61] Connection refused
54.1018819171004,,0.428,ConnectionRefusedError:[Errno 61] Connection refused
54.11047812504694,,0.434,ConnectionRefusedError:[Errno 61] Connection refused
54.124342208728194,,0.448,ConnectionRefusedError:[Errno 61] Connection refused
54.13088345900178,,0.298,ConnectionRefusedError:[Errno 61] Connection refused
54.141124499961734,,0.304,ConnectionRefusedError:[Errno 61] Connection refused
54.154150624759495,,0.423,ConnectionRefusedError:[Errno 61] Connection refused
54.16286695888266,,0.752,ConnectionRefusedError:[Errno 61] Connection refused
54.17108349967748,,0.306,ConnectionRefusedError:[Errno 61] Connection refused
54.180044000037014,,0.296,ConnectionRefusedError:[Errno 61] Connection refused
54.193278749939054,,0.26,ConnectionRefusedError:[Errno 61] Connection refused
54.204272999893874,,0.25,ConnectionRefusedError:[Errno 61] Connection refused
54.21344216680154,,0.287,ConnectionRefusedError:[Errno 61] Connection refused
54.221056417096406,,0.177,ConnectionRefusedError:[Errno 61] Connection refused
54.23046270897612,,0.274,ConnectionRefusedError:[Errno 61] Connection refused
54.241572875063866,,0.359,ConnectionRefusedError:[Errno 61] Connection refused
54.2505666250363,,0.287,ConnectionRefusedError:[Errno 61] Connection refused
54.262587166856974,,0.287,ConnectionRefusedError:[Errno 61] Connection refused
54.272676958702505,,0.41,ConnectionRefusedError:[Errno 61] Connection refused
54.283292499836534,,0.457,ConnectionRefusedError:[Errno 61] Connection refused
54.290469999890774,,0.282,ConnectionRefusedError:[Errno 61] Connection refused
54.30157691705972,,0.505,ConnectionRefusedError:[Errno 61] Connection refused
54.31057008402422,,0.287,ConnectionRefusedError:[Errno 61] Connection refused
54.32405174989253,,0.312,ConnectionRefusedError:[Errno 61] Connection refused
54.33370737498626,,0.291,ConnectionRefusedError:[Errno 61] Connection refused
54.34069941705093,,0.321,ConnectionRefusedError:[Errno 61] Connection refused
54.352975874673575,,0.905,ConnectionRefusedError:[Errno 61] Connection refused
54.36302141705528,,0.455,ConnectionRefusedError:[Errno 61] Connection refused
54.370180166792125,,0.366,ConnectionRefusedError:[Errno 61] Connection refused
54.3827155418694,,0.404,ConnectionRefusedError:[Errno 61] Connection refused
54.39112404175103,,0.367,ConnectionRefusedError:[Errno 61] Connection refused
54.40404420904815,,0.317,ConnectionRefusedError:[Errno 61] Connection refused
54.41253933403641,,0.49,ConnectionRefusedError:[Errno 61] Connection refused
54.42105537466705,,0.305,ConnectionRefusedError:[Errno 61] Connection refused
54.433218583930284,,0.404,ConnectionRefusedError:[Errno 61] Connection refused
54.44137083366513,,0.278,ConnectionRefusedError:[Errno 61] Connection refused
54.45198954176158,,0.307,ConnectionRefusedError:[Errno 61] Connection refused
54.460407875012606,,0.234,ConnectionRefusedError:[Errno 61] Connection refused
54.473810583818704,,0.229,ConnectionRefusedError:[Errno 61] Connection refused
54.48012587474659,,0.146,ConnectionRefusedError:[Errno 61] Connection refused
54.491670709103346,,0.238,ConnectionRefusedError:[Errno 61] Connection refused
54.50394020881504,,0.233,ConnectionRefusedError:[Errno 61] Connection refused
54.51286945911124,,0.312,ConnectionRefusedError:[Errno 61] Connection refused
54.52331762481481,,0.194,ConnectionRefusedError:[Errno 61] Connection refused
54.53184224991128,,0.268,ConnectionRefusedError:[Errno 61] Connection refused
54.54221049975604,,0.231,ConnectionRefusedError:[Errno 61] Connection refused
54.55115404166281,,0.237,ConnectionRefusedError:[Errno 61] Connection refused
54.56112412502989,,0.242,ConnectionRefusedError:[Errno 61] Connection refused
54.572661167010665,,0.185,ConnectionRefusedError:[Errno 61] Connection refused
54.58355474984273,,0.265,ConnectionRefusedError:[Errno 61] Connection refused
54.59142708405852,,0.166,ConnectionRefusedError:[Errno 61] Connection refused
54.600083166733384,,0.187,ConnectionRefusedError:[Errno 61] Connection refused
54.61027979198843,,0.222,ConnectionRefusedError:[Errno 61] Connection refused
54.62011712510139,,0.233,ConnectionRefusedError:[Errno 61] Connection refused
54.63476762501523,,0.248,ConnectionRefusedError:[Errno 61] Connection refused
54.64157483400777,,0.24,ConnectionRefusedError:[Errno 61] Connection refused
54.653667625039816,,0.246,ConnectionRefusedError:[Errno 61] Connection refused
54.66293437499553,,0.218,ConnectionRefusedError:[Errno 61] Connection refused
54.6727652088739,,0.202,ConnectionRefusedError:[Errno 61] Connection refused
54.680025124922395,,0.276,ConnectionRefusedError:[Errno 61] Connection refused
54.6902911667712,,0.22,ConnectionRefusedError:[Errno 61] Connection refused
54.704613249748945,,0.215,ConnectionRefusedError:[Errno 61] Connection refused
54.71158054191619,,0.308,ConnectionRefusedError:[Errno 61] Connection refused
54.72015141695738,,0.242,ConnectionRefusedError:[Errno 61] Connection refused
54.730128708761185,,0.284,ConnectionRefusedError:[Errno 61] Connection refused
54.741102791856974,,0.234,ConnectionRefusedError:[Errno 61] Connection refused
54.75199387501925,,0.326,ConnectionRefusedError:[Errno 61] Connection refused
54.761869499925524,,0.492,ConnectionRefusedError:[Errno 61] Connection refused
54.77024949993938,,0.35,ConnectionRefusedError:[Errno 61] Connection refused
54.78083004197106,,0.324,ConnectionRefusedError:[Errno 61] Connection refused
54.79118841700256,,0.351,ConnectionRefusedError:[Errno 61] Connection refused
54.80072812503204,,0.336,ConnectionRefusedError:[Errno 61] Connection refused
54.81326695904136,,0.295,ConnectionRefusedError:[Errno 61] Connection refused
54.823013042099774,,0.276,ConnectionRefusedError:[Errno 61] Connection refused
54.83285758364946,,0.328,ConnectionRefusedError:[Errno 61] Connection refused
54.841177499853075,,0.335,ConnectionRefusedError:[Errno 61] Connection refused
54.852065583691,,0.307,ConnectionRefusedError:[Errno 61] Connection refused
54.862707916647196,,0.254,ConnectionRefusedError:[Errno 61] Connection refused
54.872682749759406,,0.24,ConnectionRefusedError:[Errno 61] Connection refused
54.8813659590669,,0.258,ConnectionRefusedError:[Errno 61] Connection refused
54.8906281250529,,0.218,ConnectionRefusedError:[Errno 61] Connection refused
54.90205645887181,,0.228,ConnectionRefusedError:[Errno 61] Connection refused
54.91383566707373,,0.219,ConnectionRefusedError:[Errno 61] Connection refused
54.92295058397576,,0.24,ConnectionRefusedError:[Errno 61] Connection refused
54.93336541671306,,0.185,ConnectionRefusedError:[Errno 61] Connection refused
54.94190804194659,,0.201,ConnectionRefusedError:[Errno 61] Connection refused
54.9538614586927,,0.277,ConnectionRefusedError:[Errno 61] Connection refused
54.96706004207954,,0.318,ConnectionRefusedError:[Errno 61] Connection refused
54.97102695889771,,0.285,ConnectionRefusedError:[Errno 61] Connection refused
54.983433541841805,,0.299,ConnectionRefusedError:[Errno 61] Connection refused
54.99006812507287,,0.272,ConnectionRefusedError:[Errno 61] Connection refused
55.00409245910123,,0.346,ConnectionRefusedError:[Errno 61] Connection refused
55.010459791868925,,0.299,ConnectionRefusedError:[Errno 61] Connection refused
55.02401791699231,,0.494,ConnectionRefusedError:[Errno 61] Connection refused
55.030047041829675,,0.216,ConnectionRefusedError:[Errno 61] Connection refused
55.04054779186845,,0.266,ConnectionRefusedError:[Errno 61] Connection refused
55.05189804174006,,0.262,ConnectionRefusedError:[Errno 61] Connection refused
55.06390879210085,,0.215,ConnectionRefusedError:[Errno 61] Connection refused
55.072858708910644,,0.214,ConnectionRefusedError:[Errno 61] Connection refused
55.08338079182431,,0.22,ConnectionRefusedError:[Errno 61] Connection refused
55.09045400004834,,0.226,ConnectionRefusedError:[Errno 61] Connection refused
55.1046376246959,,0.294,ConnectionRefusedError:[Errno 61] Connection refused
55.11155274976045,,0.239,ConnectionRefusedError:[Errno 61] Connection refused
55.124058291781694,,1.708,ConnectionRefusedError:[Errno 61] Connection refused
55.1308070840314,,0.311,ConnectionRefusedError:[Errno 61] Connection refused
55.143326041754335,,0.441,ConnectionRefusedError:[Errno 61] Connection refused
55.150944042019546,,0.37,ConnectionRefusedError:[Errno 61] Connection refused
55.161542624700814,,0.297,ConnectionRefusedError:[Errno 61] Connection refused
55.173849374987185,,0.315,ConnectionRefusedError:[Errno 61] Connection refused
55.18144570896402,,0.42,ConnectionRefusedError:[Errno 61] Connection refused
55.19337425008416,,0.444,ConnectionRefusedError:[Errno 61] Connection refused
55.202232792042196,,0.448,ConnectionRefusedError:[Errno 61] Connection refused
55.21610320871696,,0.35,ConnectionRefusedError:[Errno 61] Connection refused
55.22132087498903,,0.27,ConnectionRefusedError:[Errno 61] Connection refused
55.23356458405033,,0.313,ConnectionRefusedError:[Errno 61] Connection refused
55.24199574999511,,0.3,ConnectionRefusedError:[Errno 61] Connection refused
55.25380954192951,,0.299,ConnectionRefusedError:[Errno 61] Connection refused
55.260860291775316,,0.236,ConnectionRefusedError:[Errno 61] Connection refused
55.270037083886564,,0.274,ConnectionRefusedError:[Errno 61] Connection refused
55.28476658370346,,0.25,ConnectionRefusedError:[Errno 61] Connection refused
55.292396042030305,,0.198,ConnectionRefusedError:[Errno 61] Connection refused
55.30341141670942,,0.203,ConnectionRefusedError:[Errno 61] Connection refused
55.31309683388099,,0.256,ConnectionRefusedError:[Errno 61] Connection refused
55.320977333933115,,0.206,ConnectionRefusedError:[Errno 61] Connection refused
55.33009829185903,,0.276,ConnectionRefusedError:[Errno 61] Connection refused
55.34271370898932,,0.257,ConnectionRefusedError:[Errno 61] Connection refused
55.35344687476754,,0.27,ConnectionRefusedError:[Errno 61] Connection refused
55.36132474988699,,0.257,ConnectionRefusedError:[Errno 61] Connection refused
55.370573916938156,,0.234,ConnectionRefusedError:[Errno 61] Connection refused
55.38153650006279,,0.229,ConnectionRefusedError:[Errno 61] Connection refused
55.393041458912194,,0.268,ConnectionRefusedError:[Errno 61] Connection refused
55.403245749883354,,0.236,ConnectionRefusedError:[Errno 61] Connection refused
55.41316629201174,,0.208,ConnectionRefusedError:[Errno 61] Connection refused
55.42104033380747,,0.211,ConnectionRefusedError:[Errno 61] Connection refused
55.43429141677916,,0.231,ConnectionRefusedError:[Errno 61] Connection refused
55.44263420905918,,0.183,ConnectionRefusedError:[Errno 61] Connection refused
55.45121470885351,,0.159,ConnectionRefusedError:[Errno 61] Connection refused
55.46707862475887,,0.347,ConnectionRefusedError:[Errno 61] Connection refused
55.470451541710645,,0.307,ConnectionRefusedError:[Errno 61] Connection refused
55.48156920867041,,0.323,ConnectionRefusedError:[Errno 61] Connection refused
55.49118662485853,,0.421,ConnectionRefusedError:[Errno 61] Connection refused
55.50320658367127,,0.377,ConnectionRefusedError:[Errno 61] Connection refused
55.511152958963066,,0.325,ConnectionRefusedError:[Errno 61] Connection refused
55.52366041671485,,0.228,ConnectionRefusedError:[Errno 61] Connection refused
55.53288595890626,,0.428,ConnectionRefusedError:[Errno 61] Connection refused
55.54067641682923,,0.25,ConnectionRefusedError:[Errno 61] Connection refused
55.551480791997164,,0.271,ConnectionRefusedError:[Errno 61] Connection refused
55.56002604169771,,0.239,ConnectionRefusedError:[Errno 61] Connection refused
55.57468975009397,,0.226,ConnectionRefusedError:[Errno 61] Connection refused
55.58011870877817,,0.324,ConnectionRefusedError:[Errno 61] Connection refused
55.594262999948114,,0.292,ConnectionRefusedError:[Errno 61] Connection refused
55.600495791994035,,0.212,ConnectionRefusedError:[Errno 61] Connection refused
55.614526624791324,,0.243,ConnectionRefusedError:[Errno 61] Connection refused
55.62246866710484,,0.213,ConnectionRefusedError:[Errno 61] Connection refused
55.63165383366868,,0.192,ConnectionRefusedError:[Errno 61] Connection refused
55.64353641681373,,0.249,ConnectionRefusedError:[Errno 61] Connection refused
55.65109174977988,,0.211,ConnectionRefusedError:[Errno 61] Connection refused
55.66169241676107,,0.329,ConnectionRefusedError:[Errno 61] Connection refused
55.67188875004649,,0.88,ConnectionRefusedError:[Errno 61] Connection refused
55.68144899979234,,0.496,ConnectionRefusedError:[Errno 61] Connection refused
55.691366834100336,,0.318,ConnectionRefusedError:[Errno 61] Connection refused
55.70071699982509,,0.245,ConnectionRefusedError:[Errno 61] Connection refused
55.71316962502897,,0.217,ConnectionRefusedError:[Errno 61] Connection refused
55.72122820885852,,0.249,ConnectionRefusedError:[Errno 61] Connection refused
55.734182625077665,,0.271,ConnectionRefusedError:[Errno 61] Connection refused
55.742065416648984,,0.215,ConnectionRefusedError:[Errno 61] Connection refused
55.75382525008172,,0.242,ConnectionRefusedError:[Errno 61] Connection refused
55.76161454198882,,0.219,ConnectionRefusedError:[Errno 61] Connection refused
55.77146891690791,,0.284,ConnectionRefusedError:[Errno 61] Connection refused
55.784046709071845,,0.215,ConnectionRefusedError:[Errno 61] Connection refused
55.792789791710675,,0.223,ConnectionRefusedError:[Errno 61] Connection refused
55.80344716692343,,0.235,ConnectionRefusedError:[Errno 61] Connection refused
55.811329334042966,,0.27,ConnectionRefusedError:[Errno 61] Connection refused
55.82280424982309,,0.201,ConnectionRefusedError:[Errno 61] Connection refused
55.83059341693297,,0.184,ConnectionRefusedError:[Errno 61] Connection refused
55.84011458372697,,0.227,ConnectionRefusedError:[Errno 61] Connection refused
55.85471195867285,,0.267,ConnectionRefusedError:[Errno 61] Connection refused
55.86028145905584,,0.22,ConnectionRefusedError:[Errno 61] Connection refused
55.873689291998744,,0.254,ConnectionRefusedError:[Errno 61] Connection refused
55.8829338750802,,0.273,ConnectionRefusedError:[Errno 61] Connection refused
55.89067824976519,,0.192,ConnectionRefusedError:[Errno 61] Connection refused
55.90369270881638,,0.298,ConnectionRefusedError:[Errno 61] Connection refused
55.910374084021896,,0.321,ConnectionRefusedError:[Errno 61] Connection refused
55.92258666688576,,0.251,ConnectionRefusedError:[Errno 61] Connection refused
55.93349249986932,,0.333,ConnectionRefusedError:[Errno 61] Connection refused
55.94281891686842,,0.344,ConnectionRefusedError:[Errno 61] Connection refused
55.95324424980208,,0.394,ConnectionRefusedError:[Errno 61] Connection refused
55.96015308378264,,5.566,ConnectionRefusedError:[Errno 61] Connection refused
55.972000958863646,,0.355,ConnectionRefusedError:[Errno 61] Connection refused
55.9827321250923,,0.487,ConnectionRefusedError:[Errno 61] Connection refused
55.993248417042196,,3.593,ConnectionRefusedError:[Errno 61] Connection refused
56.00130991684273,,0.319,ConnectionRefusedError:[Errno 61] Connection refused
56.01412387471646,,0.291,ConnectionRefusedError:[Errno 61] Connection refused
56.02246649982408,,0.314,ConnectionRefusedError:[Errno 61] Connection refused
56.03285391675308,,0.253,ConnectionRefusedError:[Errno 61] Connection refused
56.040821166709065,,0.22,ConnectionRefusedError:[Errno 61] Connection refused
56.05451733386144,,0.256,ConnectionRefusedError:[Errno 61] Connection refused
56.061746125109494,,0.247,ConnectionRefusedError:[Errno 61] Connection refused
56.0704568750225,,0.264,ConnectionRefusedError:[Errno 61] Connection refused
56.08616800000891,,0.504,ConnectionRefusedError:[Errno 61] Connection refused
56.09117141691968,,0.262,ConnectionRefusedError:[Errno 61] Connection refused
56.10264291707426,,0.353,ConnectionRefusedError:[Errno 61] Connection refused
56.11260775011033,,0.361,ConnectionRefusedError:[Errno 61] Connection refused
56.12331783398986,,0.453,ConnectionRefusedError:[Errno 61] Connection refused
56.13966616708785,,1.058,ConnectionRefusedError:[Errno 61] Connection refused
56.14071979187429,,0.465,ConnectionRefusedError:[Errno 61] Connection refused
56.152730208821595,,0.262,ConnectionRefusedError:[Errno 61] Connection refused
56.163465624675155,,0.291,ConnectionRefusedError:[Errno 61] Connection refused
56.172694500070065,,0.327,ConnectionRefusedError:[Errno 61] Connection refused
56.18181887501851,,0.453,ConnectionRefusedError:[Errno 61] Connection refused
56.191184000112116,,0.429,ConnectionRefusedError:[Errno 61] Connection refused
56.20198891684413,,0.355,ConnectionRefusedError:[Errno 61] Connection refused
56.21435529179871,,0.805,ConnectionRefusedError:[Errno 61] Connection refused
56.22192099969834,,0.158,ConnectionRefusedError:[Errno 61] Connection refused
56.233873958699405,,0.34,ConnectionRefusedError:[Errno 61] Connection refused
56.240352749824524,,0.273,ConnectionRefusedError:[Errno 61] Connection refused
56.25359195889905,,0.297,ConnectionRefusedError:[Errno 61] Connection refused
56.26034791674465,,0.258,ConnectionRefusedError:[Errno 61] Connection refused
56.27451887493953,,0.308,ConnectionRefusedError:[Errno 61] Connection refused
56.281141333747655,,0.337,ConnectionRefusedError:[Errno 61] Connection refused
56.29304075008258,,0.554,ConnectionRefusedError:[Errno 61] Connection refused
56.30118116689846,,0.436,ConnectionRefusedError:[Errno 61] Connection refused
56.31347079202533,,0.384,ConnectionRefusedError:[Errno 61] Connection refused
56.32098324969411,,0.439,ConnectionRefusedError:[Errno 61] Connection refused
56.3324960838072,,0.443,ConnectionRefusedError:[Errno 61] Connection refused
56.3425429998897,,0.3,ConnectionRefusedError:[Errno 61] Connection refused
56.35033337492496,,0.296,ConnectionRefusedError:[Errno 61] Connection refused
56.3624521670863,,0.429,ConnectionRefusedError:[Errno 61] Connection refused
56.37336941668764,,0.36,ConnectionRefusedError:[Errno 61] Connection refused
56.383030958939344,,0.321,ConnectionRefusedError:[Errno 61] Connection refused
56.399489749688655,,0.903,ConnectionRefusedError:[Errno 61] Connection refused
56.401114916894585,,0.172,ConnectionRefusedError:[Errno 61] Connection refused
56.414083499927074,,0.286,ConnectionRefusedError:[Errno 61] Connection refused
56.42273799981922,,0.18,ConnectionRefusedError:[Errno 61] Connection refused
56.43344062473625,,0.214,ConnectionRefusedError:[Errno 61] Connection refused
56.44074529176578,,0.293,ConnectionRefusedError:[Errno 61] Connection refused
56.45385174965486,,0.449,ConnectionRefusedError:[Errno 61] Connection refused
56.463113833684474,,0.318,ConnectionRefusedError:[Errno 61] Connection refused
56.4705045837909,,0.266,ConnectionRefusedError:[Errno 61] Connection refused
56.4833612088114,,0.453,ConnectionRefusedError:[Errno 61] Connection refused
56.49117337493226,,0.201,ConnectionRefusedError:[Errno 61] Connection refused
56.50208674976602,,0.282,ConnectionRefusedError:[Errno 61] Connection refused
56.51386300008744,,0.244,ConnectionRefusedError:[Errno 61] Connection refused
56.522846249863505,,0.285,ConnectionRefusedError:[Errno 61] Connection refused
56.53123399987817,,0.232,ConnectionRefusedError:[Errno 61] Connection refused
56.54343845881522,,0.29,ConnectionRefusedError:[Errno 61] Connection refused
56.552642333786935,,0.374,ConnectionRefusedError:[Errno 61] Connection refused
56.56121987476945,,0.377,ConnectionRefusedError:[Errno 61] Connection refused
56.572667041793466,,0.381,ConnectionRefusedError:[Errno 61] Connection refused
56.58334099967033,,0.199,ConnectionRefusedError:[Errno 61] Connection refused
56.5907122916542,,0.179,ConnectionRefusedError:[Errno 61] Connection refused
56.6034926250577,,0.31,ConnectionRefusedError:[Errno 61] Connection refused
56.61206129193306,,0.268,ConnectionRefusedError:[Errno 61] Connection refused
56.623721125070006,,0.259,ConnectionRefusedError:[Errno 61] Connection refused
56.632845459040254,,0.308,ConnectionRefusedError:[Errno 61] Connection refused
56.641491499729455,,0.256,ConnectionRefusedError:[Errno 61] Connection refused
56.653871374670416,,0.783,ConnectionRefusedError:[Errno 61] Connection refused
56.66085991682485,,0.245,ConnectionRefusedError:[Errno 61] Connection refused
56.672698833979666,,0.253,ConnectionRefusedError:[Errno 61] Connection refused
56.682428209111094,,0.34,ConnectionRefusedError:[Errno 61] Connection refused
56.691335999872535,,0.338,ConnectionRefusedError:[Errno 61] Connection refused
56.7034653336741,,0.239,ConnectionRefusedError:[Errno 61] Connection refused
56.712190750055015,,0.224,ConnectionRefusedError:[Errno 61] Connection refused
56.72107004188001,,0.245,ConnectionRefusedError:[Errno 61] Connection refused
56.73142233397812,,0.332,ConnectionRefusedError:[Errno 61] Connection refused
56.74321558373049,,0.353,ConnectionRefusedError:[Errno 61] Connection refused
56.75149983400479,,0.231,ConnectionRefusedError:[Errno 61] Connection refused
56.76403212500736,,0.294,ConnectionRefusedError:[Errno 61] Connection refused
56.77203912474215,,0.237,ConnectionRefusedError:[Errno 61] Connection refused
56.78270895872265,,0.294,ConnectionRefusedError:[Errno 61] Connection refused
56.79119308385998,,1.25,ConnectionRefusedError:[Errno 61] Connection refused
56.80265137506649,,0.303,ConnectionRefusedError:[Errno 61] Connection refused
56.813142041675746,,0.309,ConnectionRefusedError:[Errno 61] Connection refused
56.82304699998349,,0.373,ConnectionRefusedError:[Errno 61] Connection refused
56.83063895907253,,0.391,ConnectionRefusedError:[Errno 61] Connection refused
56.8429896668531,,0.999,ConnectionRefusedError:[Errno 61] Connection refused
56.85061245877296,,0.357,ConnectionRefusedError:[Errno 61] Connection refused
56.86043312493712,,0.306,ConnectionRefusedError:[Errno 61] Connection refused
56.87429108377546,,0.327,ConnectionRefusedError:[Errno 61] Connection refused
56.88244037469849,,0.348,ConnectionRefusedError:[Errno 61] Connection refused
56.89318670891225,,0.315,ConnectionRefusedError:[Errno 61] Connection refused
56.90281574986875,,0.327,ConnectionRefusedError:[Errno 61] Connection refused
56.91039154166356,,0.309,ConnectionRefusedError:[Errno 61] Connection refused
56.92435087496415,,0.318,ConnectionRefusedError:[Errno 61] Connection refused
56.93045479198918,,0.294,ConnectionRefusedError:[Errno 61] Connection refused
56.94403099967167,,0.313,ConnectionRefusedError:[Errno 61] Connection refused
56.95048929192126,,0.314,ConnectionRefusedError:[Errno 61] Connection refused
56.964407791849226,,0.359,ConnectionRefusedError:[Errno 61] Connection refused
56.97101724985987,,0.325,ConnectionRefusedError:[Errno 61] Connection refused
56.980868708807975,,0.357,ConnectionRefusedError:[Errno 61] Connection refused
56.99047304177657,,0.485,ConnectionRefusedError:[Errno 61] Connection refused
57.00112458365038,,0.311,ConnectionRefusedError:[Errno 61] Connection refused
57.010457541793585,,0.341,ConnectionRefusedError:[Errno 61] Connection refused
57.02108337497339,,0.339,ConnectionRefusedError:[Errno 61] Connection refused
57.030349041800946,,0.244,ConnectionRefusedError:[Errno 61] Connection refused
57.04317787475884,,0.287,ConnectionRefusedError:[Errno 61] Connection refused
57.05298308376223,,0.386,ConnectionRefusedError:[Errno 61] Connection refused
57.0632214169018,,0.245,ConnectionRefusedError:[Errno 61] Connection refused
57.07032312499359,,0.236,ConnectionRefusedError:[Errno 61] Connection refused
57.082654708996415,,0.232,ConnectionRefusedError:[Errno 61] Connection refused
57.09343329165131,,0.313,ConnectionRefusedError:[Errno 61] Connection refused
57.10006116703153,,0.362,ConnectionRefusedError:[Errno 61] Connection refused
57.114541708957404,,0.323,ConnectionRefusedError:[Errno 61] Connection refused
57.12233379203826,,0.324,ConnectionRefusedError:[Errno 61] Connection refused
57.13070312468335,,0.331,ConnectionRefusedError:[Errno 61] Connection refused
57.14292616676539,,0.347,ConnectionRefusedError:[Errno 61] Connection refused
57.15088445879519,,0.316,ConnectionRefusedError:[Errno 61] Connection refused
57.16034554177895,,0.325,ConnectionRefusedError:[Errno 61] Connection refused
57.17126900004223,,0.301,ConnectionRefusedError:[Errno 61] Connection refused
57.18400683393702,,0.305,ConnectionRefusedError:[Errno 61] Connection refused
57.19117212481797,,0.323,ConnectionRefusedError:[Errno 61] Connection refused
57.203642583917826,,0.42,ConnectionRefusedError:[Errno 61] Connection refused
57.213129417039454,,0.348,ConnectionRefusedError:[Errno 61] Connection refused
57.2219571666792,,0.354,ConnectionRefusedError:[Errno 61] Connection refused
57.232408083975315,,0.376,ConnectionRefusedError:[Errno 61] Connection refused
57.24048808403313,,0.393,ConnectionRefusedError:[Errno 61] Connection refused
57.250041749794036,,0.344,ConnectionRefusedError:[Errno 61] Connection refused
57.26267762482166,,0.256,ConnectionRefusedError:[Errno 61] Connection refused
57.271408166736364,,0.348,ConnectionRefusedError:[Errno 61] Connection refused
57.28324954165146,,0.341,ConnectionRefusedError:[Errno 61] Connection refused
57.29293074971065,,0.286,ConnectionRefusedError:[Errno 61] Connection refused
57.30187508370727,,0.361,ConnectionRefusedError:[Errno 61] Connection refused
57.310751374810934,,0.287,ConnectionRefusedError:[Errno 61] Connection refused
57.32068441668525,,0.271,ConnectionRefusedError:[Errno 61] Connection refused
57.331329291686416,,0.404,ConnectionRefusedError:[Errno 61] Connection refused
57.34010208398104,,0.266,ConnectionRefusedError:[Errno 61] Connection refused
57.350091541651636,,0.379,ConnectionRefusedError:[Errno 61] Connection refused
57.36023824987933,,0.34,ConnectionRefusedError:[Errno 61] Connection refused
57.372674624901265,,0.263,ConnectionRefusedError:[Errno 61] Connection refused
57.380265874788165,,0.246,ConnectionRefusedError:[Errno 61] Connection refused
57.39168187510222,,0.319,ConnectionRefusedError:[Errno 61] Connection refused
57.40111237484962,,0.504,ConnectionRefusedError:[Errno 61] Connection refused
57.41390191670507,,0.384,ConnectionRefusedError:[Errno 61] Connection refused
57.42067445907742,,0.495,ConnectionRefusedError:[Errno 61] Connection refused
57.4344702498056,,0.335,ConnectionRefusedError:[Errno 61] Connection refused
57.44022395880893,,0.265,ConnectionRefusedError:[Errno 61] Connection refused
57.452981709036976,,0.257,ConnectionRefusedError:[Errno 61] Connection refused
57.46094366675243,,0.269,ConnectionRefusedError:[Errno 61] Connection refused
57.47303237486631,,0.275,ConnectionRefusedError:[Errno 61] Connection refused
57.48003812506795,,0.392,ConnectionRefusedError:[Errno 61] Connection refused
57.491922250017524,,0.377,ConnectionRefusedError:[Errno 61] Connection refused
57.50378574989736,,0.262,ConnectionRefusedError:[Errno 61] Connection refused
57.51003291690722,,0.28,ConnectionRefusedError:[Errno 61] Connection refused
57.52071529207751,,0.251,ConnectionRefusedError:[Errno 61] Connection refused
57.532869999762625,,0.243,ConnectionRefusedError:[Errno 61] Connection refused
57.540546958800405,,0.274,ConnectionRefusedError:[Errno 61] Connection refused
57.5543140838854,,0.256,ConnectionRefusedError:[Errno 61] Connection refused
57.56245212489739,,0.253,ConnectionRefusedError:[Errno 61] Connection refused
57.57038133405149,,0.269,ConnectionRefusedError:[Errno 61] Connection refused
57.58089012466371,,0.294,ConnectionRefusedError:[Errno 61] Connection refused
57.59423774993047,,0.256,ConnectionRefusedError:[Errno 61] Connection refused
57.60083754174411,,0.3,ConnectionRefusedError:[Errno 61] Connection refused
57.61420291708782,,0.272,ConnectionRefusedError:[Errno 61] Connection refused
57.62262129178271,,0.323,ConnectionRefusedError:[Errno 61] Connection refused
57.631316458806396,,0.293,ConnectionRefusedError:[Errno 61] Connection refused
57.64389333408326,,0.237,ConnectionRefusedError:[Errno 61] Connection refused
57.652679916936904,,0.269,ConnectionRefusedError:[Errno 61] Connection refused
57.66123224981129,,0.368,ConnectionRefusedError:[Errno 61] Connection refused
57.67006891686469,,0.275,ConnectionRefusedError:[Errno 61] Connection refused
57.68103516707197,,0.27,ConnectionRefusedError:[Errno 61] Connection refused
57.69003341672942,,0.335,ConnectionRefusedError:[Errno 61] Connection refused
57.70026083383709,,0.286,ConnectionRefusedError:[Errno 61] Connection refused
57.7112797498703,,0.261,ConnectionRefusedError:[Errno 61] Connection refused
57.72195891709998,,0.359,ConnectionRefusedError:[Errno 61] Connection refused
57.730061541777104,,0.256,ConnectionRefusedError:[Errno 61] Connection refused
57.74010358378291,,0.342,ConnectionRefusedError:[Errno 61] Connection refused
57.750075459014624,,0.325,ConnectionRefusedError:[Errno 61] Connection refused
57.76010104175657,,0.253,ConnectionRefusedError:[Errno 61] Connection refused
57.77043225010857,,0.232,ConnectionRefusedError:[Errno 61] Connection refused
57.78026929171756,,0.273,ConnectionRefusedError:[Errno 61] Connection refused
57.793213666882366,,0.252,ConnectionRefusedError:[Errno 61] Connection refused
57.80031945882365,,0.359,ConnectionRefusedError:[Errno 61] Connection refused
57.81073462497443,,0.342,ConnectionRefusedError:[Errno 61] Connection refused
57.82319754175842,,0.414,ConnectionRefusedError:[Errno 61] Connection refused
57.83155954210088,,0.313,ConnectionRefusedError:[Errno 61] Connection refused
57.84093608381227,,0.315,ConnectionRefusedError:[Errno 61] Connection refused
57.852410667110234,,0.294,ConnectionRefusedError:[Errno 61] Connection refused
57.86015741666779,,0.255,ConnectionRefusedError:[Errno 61] Connection refused
57.87142483377829,,0.238,ConnectionRefusedError:[Errno 61] Connection refused
57.88017745874822,,0.338,ConnectionRefusedError:[Errno 61] Connection refused
57.89113891683519,,0.26,ConnectionRefusedError:[Errno 61] Connection refused
57.90402349969372,,0.248,ConnectionRefusedError:[Errno 61] Connection refused
57.91056904196739,,0.255,ConnectionRefusedError:[Errno 61] Connection refused
57.9207925000228,,0.322,ConnectionRefusedError:[Errno 61] Connection refused
57.93009729171172,,0.277,ConnectionRefusedError:[Errno 61] Connection refused
57.940632458776236,,0.274,ConnectionRefusedError:[Errno 61] Connection refused
57.95218158373609,,0.481,ConnectionRefusedError:[Errno 61] Connection refused
57.96105633396655,,0.27,ConnectionRefusedError:[Errno 61] Connection refused
57.97150945896283,,0.289,ConnectionRefusedError:[Errno 61] Connection refused
57.98055212479085,,0.26,ConnectionRefusedError:[Errno 61] Connection refused
57.994491084013134,,0.317,ConnectionRefusedError:[Errno 61] Connection refused
58.00051891710609,,0.249,ConnectionRefusedError:[Errno 61] Connection refused
58.01006016694009,,0.418,ConnectionRefusedError:[Errno 61] Connection refused
58.02045199973509,,0.273,ConnectionRefusedError:[Errno 61] Connection refused
58.03028429206461,,0.398,ConnectionRefusedError:[Errno 61] Connection refused
58.04011929174885,,0.41,ConnectionRefusedError:[Errno 61] Connection refused
58.05026274966076,,0.354,ConnectionRefusedError:[Errno 61] Connection refused
58.064195124898106,,0.337,ConnectionRefusedError:[Errno 61] Connection refused
58.070602166932076,,0.285,ConnectionRefusedError:[Errno 61] Connection refused
58.080150208901614,,0.312,ConnectionRefusedError:[Errno 61] Connection refused
58.090239374898374,,0.288,ConnectionRefusedError:[Errno 61] Connection refused
58.10006962483749,,0.211,ConnectionRefusedError:[Errno 61] Connection refused
58.11472945893183,,0.233,ConnectionRefusedError:[Errno 61] Connection refused
58.12013624981046,,0.235,ConnectionRefusedError:[Errno 61] Connection refused
58.130378416739404,,0.361,ConnectionRefusedError:[Errno 61] Connection refused
58.14030779199675,,1.516,ConnectionRefusedError:[Errno 61] Connection refused
58.15113787492737,,1.633,ConnectionRefusedError:[Errno 61] Connection refused
58.16350391693413,,0.458,ConnectionRefusedError:[Errno 61] Connection refused
58.17205870896578,,0.31,ConnectionRefusedError:[Errno 61] Connection refused
58.180036833975464,,0.242,ConnectionRefusedError:[Errno 61] Connection refused
58.19317320873961,,0.274,ConnectionRefusedError:[Errno 61] Connection refused
58.2029802496545,,0.25,ConnectionRefusedError:[Errno 61] Connection refused
58.21181208407506,,0.388,ConnectionRefusedError:[Errno 61] Connection refused
58.22006295900792,,0.231,ConnectionRefusedError:[Errno 61] Connection refused
58.233158791903406,,0.365,ConnectionRefusedError:[Errno 61] Connection refused
58.240232875104994,,0.335,ConnectionRefusedError:[Errno 61] Connection refused
58.25445783371106,,0.245,ConnectionRefusedError:[Errno 61] Connection refused
58.26003058394417,,0.318,ConnectionRefusedError:[Errno 61] Connection refused
58.274766999762505,,0.245,ConnectionRefusedError:[Errno 61] Connection refused
58.28025379171595,,0.294,ConnectionRefusedError:[Errno 61] Connection refused
58.292928291950375,,0.477,ConnectionRefusedError:[Errno 61] Connection refused
58.30007762508467,,0.291,ConnectionRefusedError:[Errno 61] Connection refused
58.31318375002593,,0.342,ConnectionRefusedError:[Errno 61] Connection refused
58.322249999735504,,0.333,ConnectionRefusedError:[Errno 61] Connection refused
58.33008220884949,,0.408,ConnectionRefusedError:[Errno 61] Connection refused
58.34389116708189,,0.323,ConnectionRefusedError:[Errno 61] Connection refused
58.35276687471196,,0.357,ConnectionRefusedError:[Errno 61] Connection refused
58.360201959032565,,0.491,ConnectionRefusedError:[Errno 61] Connection refused
58.37436320865527,,0.275,ConnectionRefusedError:[Errno 61] Connection refused
58.38029941683635,,0.26,ConnectionRefusedError:[Errno 61] Connection refused
58.39048295887187,,0.345,ConnectionRefusedError:[Errno 61] Connection refused
58.40115095907822,,0.654,ConnectionRefusedError:[Errno 61] Connection refused
58.41247879201546,,0.309,ConnectionRefusedError:[Errno 61] Connection refused
58.42070691706613,,0.302,ConnectionRefusedError:[Errno 61] Connection refused
58.430594958830625,,0.715,ConnectionRefusedError:[Errno 61] Connection refused
58.44237295910716,,0.35,ConnectionRefusedError:[Errno 61] Connection refused
58.45272933365777,,0.314,ConnectionRefusedError:[Errno 61] Connection refused
58.46089249989018,,0.282,ConnectionRefusedError:[Errno 61] Connection refused
58.47023499989882,,0.322,ConnectionRefusedError:[Errno 61] Connection refused
58.48005891684443,,0.382,ConnectionRefusedError:[Errno 61] Connection refused
58.494644874706864,,0.434,ConnectionRefusedError:[Errno 61] Connection refused
58.50026429165155,,0.558,ConnectionRefusedError:[Errno 61] Connection refused
58.51419983385131,,0.294,ConnectionRefusedError:[Errno 61] Connection refused
58.52192066702992,,0.323,ConnectionRefusedError:[Errno 61] Connection refused
58.531450708862394,,0.327,ConnectionRefusedError:[Errno 61] Connection refused
58.54151583369821,,0.871,ConnectionRefusedError:[Errno 61] Connection refused
58.552668541669846,,0.399,ConnectionRefusedError:[Errno 61] Connection refused
58.5603917920962,,0.395,ConnectionRefusedError:[Errno 61] Connection refused
58.57202179171145,,0.386,ConnectionRefusedError:[Errno 61] Connection refused
58.5802514590323,,0.316,ConnectionRefusedError:[Errno 61] Connection refused
58.59183108387515,,0.325,ConnectionRefusedError:[Errno 61] Connection refused
58.60087383398786,,0.317,ConnectionRefusedError:[Errno 61] Connection refused
58.610973708797246,,0.573,ConnectionRefusedError:[Errno 61] Connection refused
58.624010750092566,,0.78,ConnectionRefusedError:[Errno 61] Connection refused
58.63062316691503,,0.281,ConnectionRefusedError:[Errno 61] Connection refused
58.64423887478188,,0.614,ConnectionRefusedError:[Errno 61] Connection refused
58.65130470879376,,0.244,ConnectionRefusedError:[Errno 61] Connection refused
58.6601804997772,,0.264,ConnectionRefusedError:[Errno 61] Connection refused
58.67449041688815,,0.42,ConnectionRefusedError:[Errno 61] Connection refused
58.68170449975878,,0.435,ConnectionRefusedError:[Errno 61] Connection refused
58.691277083940804,,0.417,ConnectionRefusedError:[Errno 61] Connection refused
58.702923208940774,,0.344,ConnectionRefusedError:[Errno 61] Connection refused
58.71006174990907,,0.269,ConnectionRefusedError:[Errno 61] Connection refused
58.722460167016834,,0.301,ConnectionRefusedError:[Errno 61] Connection refused
58.73358929203823,,1.555,ConnectionRefusedError:[Errno 61] Connection refused
58.74205591669306,,3.415,ConnectionRefusedError:[Errno 61] Connection refused
58.75117849977687,,0.76,ConnectionRefusedError:[Errno 61] Connection refused
58.76010604202747,,0.329,ConnectionRefusedError:[Errno 61] Connection refused
58.77040741685778,,0.237,ConnectionRefusedError:[Errno 61] Connection refused
58.78518462507054,,0.746,ConnectionRefusedError:[Errno 61] Connection refused
58.792170291766524,,0.294,ConnectionRefusedError:[Errno 61] Connection refused
58.8004016247578,,0.391,ConnectionRefusedError:[Errno 61] Connection refused
58.81051074992865,,0.437,ConnectionRefusedError:[Errno 61] Connection refused
58.82046391675249,,0.487,ConnectionRefusedError:[Errno 61] Connection refused
58.83243833389133,,3.062,ConnectionRefusedError:[Errno 61] Connection refused
58.84024308389053,,2.782,ConnectionRefusedError:[Errno 61] Connection refused
58.855590417049825,,0.52,ConnectionRefusedError:[Errno 61] Connection refused
58.86157829174772,,0.324,ConnectionRefusedError:[Errno 61] Connection refused
58.87215462466702,,0.343,ConnectionRefusedError:[Errno 61] Connection refused
58.88130524987355,,0.989,ConnectionRefusedError:[Errno 61] Connection refused
58.89604437490925,,5.377,ConnectionRefusedError:[Errno 61] Connection refused
58.902117541991174,,2.362,ConnectionRefusedError:[Errno 61] Connection refused
58.91265512490645,,4.285,ConnectionRefusedError:[Errno 61] Connection refused
58.92154641682282,,1.28,ConnectionRefusedError:[Errno 61] Connection refused
58.93336691707373,,0.462,ConnectionRefusedError:[Errno 61] Connection refused
58.94036033377051,,0.515,ConnectionRefusedError:[Errno 61] Connection refused
58.95408787485212,,0.29,ConnectionRefusedError:[Errno 61] Connection refused
58.96082816692069,,0.306,ConnectionRefusedError:[Errno 61] Connection refused
58.97343695908785,,0.259,ConnectionRefusedError:[Errno 61] Connection refused
58.982310709077865,,0.452,ConnectionRefusedError:[Errno 61] Connection refused
58.99131904169917,,0.306,ConnectionRefusedError:[Errno 61] Connection refused
59.00437654182315,,0.372,ConnectionRefusedError:[Errno 61] Connection refused
59.0135690420866,,0.333,ConnectionRefusedError:[Errno 61] Connection refused
59.02056858409196,,0.428,ConnectionRefusedError:[Errno 61] Connection refused
59.03403479186818,,0.793,ConnectionRefusedError:[Errno 61] Connection refused
59.04113016696647,,0.51,ConnectionRefusedError:[Errno 61] Connection refused
59.05346908373758,,0.322,ConnectionRefusedError:[Errno 61] Connection refused
59.063815666828305,,0.711,ConnectionRefusedError:[Errno 61] Connection refused
59.072717709001154,,0.468,ConnectionRefusedError:[Errno 61] Connection refused
59.08066741703078,,0.481,ConnectionRefusedError:[Errno 61] Connection refused
59.094397250097245,,0.304,ConnectionRefusedError:[Errno 61] Connection refused
59.10081270895898,,2.372,ConnectionRefusedError:[Errno 61] Connection refused
59.11036712490022,,0.343,ConnectionRefusedError:[Errno 61] Connection refused
59.12060133367777,,0.337,ConnectionRefusedError:[Errno 61] Connection refused
59.13410879205912,,0.318,ConnectionRefusedError:[Errno 61] Connection refused
59.14241774985567,,0.362,ConnectionRefusedError:[Errno 61] Connection refused
59.15328024979681,,0.689,ConnectionRefusedError:[Errno 61] Connection refused
59.16237837495282,,0.606,ConnectionRefusedError:[Errno 61] Connection refused
59.17129854205996,,1.484,ConnectionRefusedError:[Errno 61] Connection refused
59.18252841709182,,0.377,ConnectionRefusedError:[Errno 61] Connection refused
59.19283679174259,,0.85,ConnectionRefusedError:[Errno 61] Connection refused
59.20135983405635,,0.416,ConnectionRefusedError:[Errno 61] Connection refused
59.21224020887166,,1.813,ConnectionRefusedError:[Errno 61] Connection refused
59.236233999952674,,1.506,ConnectionRefusedError:[Errno 61] Connection refused
59.23857783386484,,0.63,ConnectionRefusedError:[Errno 61] Connection refused
59.24016158375889,,0.427,ConnectionRefusedError:[Errno 61] Connection refused
59.253746958915144,,11.005,ConnectionRefusedError:[Errno 61] Connection refused
59.26641458366066,,0.401,ConnectionRefusedError:[Errno 61] Connection refused
59.27139062481001,,1.908,ConnectionRefusedError:[Errno 61] Connection refused
59.28393820906058,,2.225,ConnectionRefusedError:[Errno 61] Connection refused
59.29236145876348,,4.007,ConnectionRefusedError:[Errno 61] Connection refused
59.301539208739996,,0.262,ConnectionRefusedError:[Errno 61] Connection refused
59.31264812499285,,0.681,ConnectionRefusedError:[Errno 61] Connection refused
59.32166345883161,,1.96,ConnectionRefusedError:[Errno 61] Connection refused
59.334500750061125,,0.501,ConnectionRefusedError:[Errno 61] Connection refused
59.34118891693652,,0.511,ConnectionRefusedError:[Errno 61] Connection refused
59.353203292004764,,0.369,ConnectionRefusedError:[Errno 61] Connection refused
59.36018537497148,,0.322,ConnectionRefusedError:[Errno 61] Connection refused
59.370767292100936,,0.329,ConnectionRefusedError:[Errno 61] Connection refused
59.384264583699405,,0.338,ConnectionRefusedError:[Errno 61] Connection refused
59.390604000072926,,0.316,ConnectionRefusedError:[Errno 61] Connection refused
59.400447291787714,,0.359,ConnectionRefusedError:[Errno 61] Connection refused
59.41053433390334,,0.299,ConnectionRefusedError:[Errno 61] Connection refused
59.42009283369407,,0.315,ConnectionRefusedError:[Errno 61] Connection refused
59.43342116707936,,0.231,ConnectionRefusedError:[Errno 61] Connection refused
59.44099958380684,,0.203,ConnectionRefusedError:[Errno 61] Connection refused
59.45074037509039,,0.221,ConnectionRefusedError:[Errno 61] Connection refused
59.462475874926895,,0.207,ConnectionRefusedError:[Errno 61] Connection refused
59.473058375064284,,0.269,ConnectionRefusedError:[Errno 61] Connection refused
59.48007554188371,,0.304,ConnectionRefusedError:[Errno 61] Connection refused
59.49029824975878,,0.458,ConnectionRefusedError:[Errno 61] Connection refused
59.50003445893526,,0.286,ConnectionRefusedError:[Errno 61] Connection refused
59.51072758389637,,0.332,ConnectionRefusedError:[Errno 61] Connection refused
59.52406029170379,,0.294,ConnectionRefusedError:[Errno 61] Connection refused
59.531954208854586,,0.256,ConnectionRefusedError:[Errno 61] Connection refused
59.5432476666756,,0.248,ConnectionRefusedError:[Errno 61] Connection refused
59.550545166712254,,0.35,ConnectionRefusedError:[Errno 61] Connection refused
59.56117824977264,,0.302,ConnectionRefusedError:[Errno 61] Connection refused
59.57156770909205,,0.246,ConnectionRefusedError:[Errno 61] Connection refused
59.580158583819866,,0.325,ConnectionRefusedError:[Errno 61] Connection refused
59.59532245900482,,0.285,ConnectionRefusedError:[Errno 61] Connection refused
59.60089087486267,,0.279,ConnectionRefusedError:[Errno 61] Connection refused
59.61424758378416,,0.246,ConnectionRefusedError:[Errno 61] Connection refused
59.62261945893988,,0.384,ConnectionRefusedError:[Errno 61] Connection refused
59.63203358370811,,0.385,ConnectionRefusedError:[Errno 61] Connection refused
59.642481833696365,,0.252,ConnectionRefusedError:[Errno 61] Connection refused
59.65001199999824,,0.224,ConnectionRefusedError:[Errno 61] Connection refused
59.66065383376554,,0.239,ConnectionRefusedError:[Errno 61] Connection refused
59.67016949970275,,0.275,ConnectionRefusedError:[Errno 61] Connection refused
59.68008420895785,,0.334,ConnectionRefusedError:[Errno 61] Connection refused
59.69192474987358,,0.573,ConnectionRefusedError:[Errno 61] Connection refused
59.7003760416992,,0.384,ConnectionRefusedError:[Errno 61] Connection refused
59.71426720870659,,0.36,ConnectionRefusedError:[Errno 61] Connection refused
59.722605833783746,,0.301,ConnectionRefusedError:[Errno 61] Connection refused
59.73019537469372,,0.426,ConnectionRefusedError:[Errno 61] Connection refused
59.74123441707343,,0.267,ConnectionRefusedError:[Errno 61] Connection refused
59.752032042015344,,0.707,ConnectionRefusedError:[Errno 61] Connection refused
59.76305599976331,,0.295,ConnectionRefusedError:[Errno 61] Connection refused
59.77029324974865,,0.453,ConnectionRefusedError:[Errno 61] Connection refused
59.780084541998804,,0.319,ConnectionRefusedError:[Errno 61] Connection refused
59.79041891684756,,0.34,ConnectionRefusedError:[Errno 61] Connection refused
59.8009853749536,,0.307,ConnectionRefusedError:[Errno 61] Connection refused
59.81445183372125,,0.357,ConnectionRefusedError:[Errno 61] Connection refused
59.82256045890972,,0.409,ConnectionRefusedError:[Errno 61] Connection refused
59.83121949993074,,0.325,ConnectionRefusedError:[Errno 61] Connection refused
59.842019042000175,,0.286,ConnectionRefusedError:[Errno 61] Connection refused
59.850667709019035,,0.299,ConnectionRefusedError:[Errno 61] Connection refused
59.86063745897263,,0.324,ConnectionRefusedError:[Errno 61] Connection refused
59.87270874995738,,0.376,ConnectionRefusedError:[Errno 61] Connection refused
59.8833206249401,,0.317,ConnectionRefusedError:[Errno 61] Connection refused
59.89148708386347,,0.33,ConnectionRefusedError:[Errno 61] Connection refused
59.90378583408892,,0.341,ConnectionRefusedError:[Errno 61] Connection refused
59.91096245869994,,0.313,ConnectionRefusedError:[Errno 61] Connection refused
59.92051854170859,,0.26,ConnectionRefusedError:[Errno 61] Connection refused
59.93033695872873,,0.535,ConnectionRefusedError:[Errno 61] Connection refused
59.94136470882222,,0.334,ConnectionRefusedError:[Errno 61] Connection refused
59.95046029193327,,0.352,ConnectionRefusedError:[Errno 61] Connection refused
59.96266237506643,,0.32,ConnectionRefusedError:[Errno 61] Connection refused
59.97341899992898,,0.346,ConnectionRefusedError:[Errno 61] Connection refused
59.98006341699511,,0.306,ConnectionRefusedError:[Errno 61] Connection refused
59.991715542040765,,0.274,ConnectionRefusedError:[Errno 61] Connection refused
