t_start,status,latency_ms,error
3.334134817123413e-07,200,33.946,
0.014748500194400549,200,18.661,
0.022275541443377733,200,13.62,
0.03016083315014839,200,9.806,
0.04395962506532669,200,9.765,
0.05017300043255091,200,10.749,
0.06008541630581021,200,9.03,
0.07016570819541812,200,9.242,
0.08222833322361112,200,9.776,
0.09009475028142333,200,12.051,
0.10126558318734169,200,11.972,
0.11020883312448859,200,9.241,
0.12038962543010712,200,10.156,
0.130236083175987,200,11.675,
0.1409579161554575,200,10.486,
0.1502413754351437,200,12.004,
0.1600540834479034,200,10.189,
0.17008470837026834,200,9.626,
0.18493108311668038,200,10.851,
0.19161408301442862,200,11.761,
0.20025108335539699,200,10.384,
0.21044208342209458,200,10.441,
0.22096054116263986,200,9.243,
0.23210175009444356,200,9.678,
0.24001850001513958,200,9.63,
0.25052420841529965,200,8.631,
0.2639319160953164,200,10.555,
0.27013254119083285,200,10.085,
0.2802943750284612,200,8.269,
0.2901408332400024,200,7.918,
0.3011090001091361,200,8.38,
0.31433491641655564,200,16.334,
0.3223861660808325,200,13.695,
0.33016950031742454,200,10.06,
0.3414394580759108,200,12.762,
0.3501581661403179,200,13.27,
0.3607588750310242,200,11.81,
0.3709494583308697,200,11.595,
0.3815113753080368,200,9.462,
0.39021779131144285,200,8.957,
0.4012107914313674,200,8.758,
0.4110044580884278,200,9.276,
0.4211133331991732,200,8.854,
0.43439329136162996,200,14.041,
0.44060987513512373,200,9.261,
0.4546116660349071,200,9.72,
0.4610727080143988,200,8.201,
0.471259375102818,200,9.03,
0.4801382911391556,200,10.828,
0.49310954101383686,200,9.163,
0.500446708407253,200,9.77,
0.5111522502265871,200,9.485,
0.520326083060354,200,10.536,
0.531273125205189,200,9.135,
0.5431810831651092,200,9.935,
0.5528648751787841,200,10.517,
0.5602598753757775,200,8.44,
0.5748317083343863,200,9.726,
0.58057333342731,200,11.502,
0.5929207913577557,200,9.317,
0.6000749161466956,200,10.386,
0.6112088332884014,200,9.641,
0.6205462911166251,200,8.906,
0.6308896252885461,200,8.773,
0.6404622914269567,200,8.443,
0.6530972910113633,200,9.047,
0.6633949163369834,200,8.615,
0.6700690002180636,200,8.462,
0.6849477081559598,200,10.562,
0.6901315003633499,200,9.341,
0.7049115831032395,200,9.917,
0.7113039582036436,200,8.552,
0.7243167911656201,200,9.836,
0.7309495001100004,200,8.934,
0.7408588333055377,200,8.716,
0.7540490832179785,200,9.624,
0.7603337503969669,200,8.625,
0.7713206252083182,200,9.003,
0.7800488751381636,200,8.467,
0.7948275003582239,200,9.981,
0.800244958139956,200,8.723,
0.8148498754017055,200,11.903,
0.8200835003517568,200,11.649,
0.8317247503437102,200,8.997,
0.840126583352685,200,9.219,
0.8502237084321678,200,9.24,
0.8648524582386017,200,9.893,
0.8711820412427187,200,9.616,
0.8809869163669646,200,10.382,
0.891040625050664,200,9.587,
0.9013702911324799,200,9.131,
0.9101882912218571,200,8.956,
0.9221203331835568,200,9.39,
0.930145291145891,200,9.673,
0.9432099582627416,200,10.453,
0.9505513752810657,200,9.32,
0.9642600412480533,200,10.885,
0.9712277501821518,200,10.363,
0.9810462910681963,200,10.505,
0.9912138334475458,200,9.815,
1.001058833207935,200,10.195,
1.0103259580209851,200,10.193,
1.0219689160585403,200,10.417,
1.0307938330806792,200,10.54,
1.0410551251843572,200,9.413,
1.0533299162052572,200,12.804,
1.0616397080011666,200,10.435,
1.0701215411536396,200,11.835,
1.0816648751497269,200,9.98,
1.0930119580589235,200,11.945,
1.1007253751158714,200,9.938,
1.110460083000362,200,14.107,
1.120401875115931,200,10.509,
1.1307590412907302,200,9.64,
1.1445961664430797,200,11.261,
1.1501269582659006,200,9.737,
1.163112625014037,200,10.648,
1.1705486252903938,200,11.496,
1.1802360001020133,200,11.712,
1.1900875833816826,200,12.117,
1.2002659584395587,200,10.874,
1.2131720832549036,200,12.519,
1.220159458462149,200,10.789,
1.2308505000546575,200,12.868,
1.2421303750015795,200,10.058,
1.2518836660310626,200,9.194,
1.2602812084369361,200,10.961,
1.274806541390717,200,9.839,
1.2811268330551684,200,8.938,
1.294412708375603,200,10.133,
1.300868125166744,200,9.136,
1.3110820413567126,200,8.889,
1.3232097500003874,200,9.134,
1.3333588750101626,200,9.709,
1.340007500257343,200,9.847,
1.350887583103031,200,11.172,
1.3604448330588639,200,10.196,
1.373233666177839,200,9.68,
1.3809352503158152,200,9.456,
1.394498750101775,200,9.721,
1.4006267082877457,200,10.507,
1.4101712913252413,200,10.458,
1.4226526250131428,200,11.894,
1.4311311254277825,200,9.961,
1.44020637543872,200,9.395,
1.450332083273679,200,8.767,
1.464810916222632,200,9.64,
1.4710972080938518,200,9.4,
1.4821837502531707,200,8.912,
1.490294833201915,200,8.755,
1.5000163754448295,200,9.477,
1.5110648330301046,200,8.63,
1.524022958241403,200,14.106,
1.5314037082716823,200,9.595,
1.5422318330965936,200,9.611,
1.5512019162997603,200,10.601,
1.5617628754116595,200,9.681,
1.5723540000617504,200,9.264,
1.5815288331359625,200,10.29,
1.5900411251932383,200,11.504,
1.6004867502488196,200,11.572,
1.610050208400935,200,11.807,
1.6201524161733687,200,11.293,
1.6312902080826461,200,9.623,
1.6400917083956301,200,10.056,
1.6500107082538307,200,8.97,
1.6600782913155854,200,9.751,
1.6706560831516981,200,10.452,
1.683051041327417,200,13.163,
1.691462708171457,200,10.208,
1.7022874583490193,200,12.572,
1.7100951252505183,200,11.961,
1.7211780003271997,200,11.88,
1.7343641254119575,200,9.836,
1.74033416621387,200,8.571,
1.7512250412255526,200,8.676,
1.762450666166842,200,11.452,
1.770079916343093,200,9.432,
1.7830115002579987,200,11.556,
1.7902492913417518,200,10.641,
1.8001247914507985,200,10.63,
1.8127814582549036,200,8.906,
1.8225145414471626,200,8.567,
1.8303059162572026,200,8.411,
1.8448141254484653,200,9.8,
1.8514861250296235,200,9.243,
1.8601013333536685,200,8.88,
1.8749062912538648,200,12.86,
1.8824255000799894,200,11.848,
1.8902560411952436,200,10.469,
1.900852625258267,200,8.863,
1.9105700002983212,200,8.625,
1.9247156251221895,200,10.024,
1.9302243334241211,200,9.6,
1.94231216609478,200,9.596,
1.9501153752207756,200,9.417,
1.9604576253332198,200,9.703,
1.974735458381474,200,10.103,
1.9825732503086329,200,9.73,
1.9902100833132863,200,9.021,
2.0022186250425875,200,8.922,
2.010465416125953,200,8.598,
2.0212847501970828,200,10.995,
2.0301990411244333,200,9.871,
2.041148000396788,200,9.299,
2.050313833169639,200,9.257,
2.060709375422448,200,9.495,
2.0708298753015697,200,11.589,
2.080762625206262,200,8.694,
2.090253208298236,200,8.503,
2.1047316663898528,200,11.136,
2.1112566250376403,200,10.699,
2.1211783750914037,200,8.258,
2.131202958058566,200,9.374,
2.141241541132331,200,10.12,
2.150075958110392,200,8.693,
2.1649725413881242,200,9.163,
2.1708780410699546,200,8.592,
2.1802562084048986,200,8.964,
2.192193125374615,200,12.154,
2.2007582504302263,200,13.201,
2.2111173751764,200,10.64,
2.2201965833082795,200,12.898,
2.230604875367135,200,12.494,
2.2429216662421823,200,16.234,
2.2503198753111064,200,19.755,
2.2610807912424207,200,28.765,
2.2701969584450126,200,33.402,
2.2803703751415014,200,24.267,
2.291340208146721,200,25.97,
2.3027537912130356,200,24.202,
2.3104937081225216,200,23.532,
2.3210722501389682,200,18.8,
2.33072525030002,200,15.796,
2.340824458282441,200,10.691,
2.3521816660650074,200,8.023,
2.360215333290398,200,8.559,
2.373011375311762,200,11.402,
2.380165166221559,200,9.886,
2.3911652080714703,200,9.451,
2.40003745816648,200,8.846,
2.411280875094235,200,10.454,
2.4209556663408875,200,9.349,
2.430246458388865,200,10.006,
2.440052291378379,200,9.675,
2.454958291258663,200,11.268,
2.460059166420251,200,10.579,
2.470410583075136,200,9.306,
2.480203416198492,200,9.062,
2.4912044582888484,200,9.332,
2.50073325028643,200,10.072,
2.5100875413045287,200,9.077,
2.5201341253705323,200,9.458,
2.5314517081715167,200,9.436,
2.54006883315742,200,9.19,
2.5501472502946854,200,9.789,
2.563235000241548,200,11.111,
2.570348000153899,200,10.156,
2.5804820833727717,200,10.077,
2.5900495829991996,200,9.222,
2.60058308346197,200,8.568,
2.6101095830090344,200,13.156,
2.6200968753546476,200,17.212,
2.630279750097543,200,15.673,
2.6408215002156794,200,13.178,
2.6519033750519156,200,10.66,
2.6616355003789067,200,10.893,
2.6709072082303464,200,10.798,
2.6827385001815856,200,9.547,
2.6902364999987185,200,9.212,
2.7048314581625164,200,9.867,
2.7109974161721766,200,10.104,
2.7203561663627625,200,11.791,
2.731122666038573,200,9.321,
2.744080000091344,200,9.929,
2.7502650413662195,200,9.863,
2.763628041371703,200,10.976,
2.7711842083372176,200,11.56,
2.782574875280261,200,9.958,
2.793643666431308,200,9.284,
2.8009541663341224,200,10.069,
2.811035916209221,200,8.569,
2.8203613753430545,200,8.353,
2.83478833315894,200,9.216,
2.8406430832110345,200,9.347,
2.8501063752919436,200,8.842,
2.8602511663921177,200,9.333,
2.8748169164173305,200,11.152,
2.8813205412589014,200,9.438,
2.891761666163802,200,9.371,
2.90021429117769,200,8.76,
2.91010475018993,200,8.394,
2.9201852502301335,200,8.511,
2.9348915410228074,200,10.358,
2.940059583168477,200,9.609,
2.95108687505126,200,13.655,
2.9636201662942767,200,14.061,
2.9731270410120487,200,9.899,
2.981890625320375,200,10.726,
2.9902348751202226,200,11.351,
3.002207666169852,200,10.817,
3.010701958090067,200,9.741,
3.0212692911736667,200,9.33,
3.0312590831890702,200,8.584,
3.04325170814991,200,10.2,
3.05095808301121,200,9.177,
3.0626101661473513,200,8.999,
3.070110791362822,200,9.085,
3.080019291024655,200,8.335,
3.0949541251175106,200,9.899,
3.1010981663130224,200,9.755,
3.1101217912510037,200,9.473,
3.1205296250991523,200,12.12,
3.1310578333213925,200,9.424,
3.1431536660529673,200,10.698,
3.1516652503050864,200,11.428,
3.162288083229214,200,14.452,
3.170498166233301,200,9.856,
3.180018833372742,200,10.197,
3.190200083423406,200,10.211,
3.2002575411461294,200,8.788,
3.212100375443697,200,9.605,
3.220332541037351,200,9.73,
3.2303092083893716,200,9.674,
3.2401526663452387,200,9.401,
3.2505287914536893,200,14.464,
3.260263041127473,200,11.036,
3.2725792503915727,200,14.994,
3.2829869161359966,200,12.119,
3.2900265413336456,200,11.024,
3.301044791005552,200,12.224,
3.3101202081888914,200,8.751,
3.3210077080875635,200,8.82,
3.3308894583024085,200,8.272,
3.341280583292246,200,9.156,
3.351882666349411,200,12.314,
3.3607595413923264,200,10.072,
3.3724543750286102,200,10.747,
3.380991625133902,200,9.404,
3.390228125266731,200,8.987,
3.403203458059579,200,9.235,
3.413010208401829,200,8.588,
3.420178750064224,200,8.29,
3.4348958753980696,200,12.616,
3.4401635001413524,200,12.251,
3.4504057080484927,200,27.036,
3.4600850413553417,200,19.186,
3.4740554583258927,200,9.014,
3.482783833052963,200,8.456,
3.4900990002788603,200,7.967,
3.50280641624704,200,7.431,
3.5100817503407598,200,8.23,
3.5220015412196517,200,9.062,
3.5302993752993643,200,8.381,
3.544773958157748,200,8.618,
3.5500885830260813,200,8.901,
3.561294791288674,200,7.87,
3.5742967911064625,200,8.25,
3.580663500353694,200,11.51,
3.590159208048135,200,10.458,
3.6008952083066106,200,10.127,
3.610984208062291,200,8.103,
3.624453750438988,200,11.285,
3.6303055002354085,200,11.488,
3.6403045412153006,200,10.72,
3.6508660414256155,200,8.317,
3.6632081661373377,200,7.835,
3.6702822083607316,200,9.981,
3.6825755410827696,200,8.308,
3.690084958449006,200,7.971,
3.7002907912246883,200,8.522,
3.712902208324522,200,9.776,
3.720846291165799,200,9.444,
3.734513125382364,200,10.927,
3.7418092912994325,200,9.302,
3.7503393753431737,200,9.363,
3.764800333417952,200,10.561,
3.7722888751886785,200,12.279,
3.7837995002046227,200,10.087,
3.790263833012432,200,9.283,
3.8004091661423445,200,9.352,
3.810653958003968,200,9.284,
3.824646500404924,200,10.639,
3.8314015003852546,200,12.632,
3.8405765830539167,200,10.514,
3.8524844581261277,200,11.756,
3.86046191630885,200,10.591,
3.8702647504396737,200,9.609,
3.88481912529096,200,10.529,
3.8915060833096504,200,9.705,
3.900580583140254,200,9.238,
3.9121025004424155,200,8.905,
3.9202699162997305,200,9.406,
3.9305310412310064,200,10.277,
3.9405847913585603,200,11.555,
3.9501575413160026,200,12.118,
3.9648467912338674,200,11.983,
3.9700387911871076,200,11.384,
3.9801016254350543,200,11.576,
3.990809458307922,200,9.192,
4.001476125326008,200,16.513,
4.010374458041042,200,11.432,
4.024269500281662,200,12.061,
4.031218333169818,200,12.939,
4.040899791289121,200,9.314,
4.052203125320375,200,9.123,
4.060483666136861,200,9.151,
4.070384833030403,200,8.962,
4.0839878330007195,200,10.292,
4.090856833383441,200,9.335,
4.100026708096266,200,8.902,
4.11137529136613,200,9.244,
4.120465541258454,200,8.966,
4.1310669160448015,200,8.757,
4.142153708264232,200,9.075,
4.150403083302081,200,8.788,
4.16477729100734,200,10.07,
4.171380708459765,200,9.14,
4.184273000340909,200,10.268,
4.190813207998872,200,10.455,
4.200315083377063,200,10.093,
4.210260708350688,200,10.004,
4.224788750056177,200,10.424,
4.231406041420996,200,10.812,
4.242044375278056,200,9.507,
4.2501447084359825,200,9.234,
4.264206791296601,200,10.964,
4.271522416267544,200,9.234,
4.28098104102537,200,8.715,
4.290909500326961,200,8.691,
4.300557125359774,200,8.975,
4.314754625316709,200,10.043,
4.3201579581946135,200,9.394,
4.33062925003469,200,9.557,
4.3400339162908494,200,12.319,
4.354936625342816,200,10.304,
4.360226083081216,200,9.093,
4.370127041358501,200,9.29,
4.382333875168115,200,9.322,
4.392317625228316,200,9.045,
4.402200500015169,200,9.996,
4.410064875148237,200,10.553,
4.424889791291207,200,10.494,
4.430172583088279,200,9.666,
4.440897250082344,200,10.628,
4.450112583115697,200,9.957,
4.4605637500062585,200,9.203,
4.470112958457321,200,9.541,
4.480701458174735,200,10.113,
4.491304250434041,200,9.918,
4.502218416426331,200,9.459,
4.510166666004807,200,12.432,
4.520960750058293,200,10.013,
4.530205583199859,200,9.953,
4.54008008306846,200,8.367,
4.553895541001111,200,10.72,
4.560974500142038,200,9.648,
4.57445479137823,200,10.226,
4.580754416063428,200,9.47,
4.590934208128601,200,10.201,
4.6004832913167775,200,8.759,
4.614690916147083,200,9.068,
4.620159666053951,200,8.583,
4.6348822503350675,200,12.345,
4.641201000194997,200,8.582,
4.652201916091144,200,9.696,
4.660255875438452,200,11.273,
4.670034000184387,200,11.024,
4.680855875369161,200,9.861,
4.690013166051358,200,9.747,
4.701856791041791,200,11.233,
4.713344958145171,200,10.654,
4.723279625177383,200,9.581,
4.7300734161399305,200,8.661,
4.744931291323155,200,9.435,
4.751105291303247,200,10.817,
4.76018250035122,200,9.101,
4.7700704163871706,200,8.949,
4.781871625222266,200,9.882,
4.7908096252940595,200,10.84,
4.800310625229031,200,10.261,
4.810064958408475,200,8.835,
4.824906750116497,200,10.655,
4.8310705833137035,200,9.384,
4.841734958346933,200,8.246,
4.850940916221589,200,11.806,
4.864089708309621,200,10.623,
4.870556458365172,200,9.495,
4.883469791151583,200,9.99,
4.890430125407875,200,8.51,
4.904735250398517,200,9.464,
4.911130375228822,200,9.42,
4.920950250234455,200,9.076,
4.930964375380427,200,8.548,
4.940290375147015,200,9.409,
4.950926541350782,200,8.888,
4.963395000435412,200,11.311,
4.970100458245724,200,9.079,
4.980074291117489,200,8.982,
4.990999541245401,200,9.546,
5.000344125088304,200,9.386,
5.01066412543878,200,9.531,
5.024595041293651,200,10.355,
5.0308991661295295,200,11.234,
5.040266250260174,200,8.41,
5.054845125414431,200,10.496,
5.062034375034273,200,9.653,
5.071032666135579,200,8.76,
5.080134208314121,200,8.418,
5.094188291113824,200,9.07,
5.100128625053912,200,9.592,
5.110555833205581,200,9.102,
5.122628208249807,200,8.762,
5.1307060001417994,200,11.267,
5.143220083322376,200,10.349,
5.150125375017524,200,9.714,
5.162348958197981,200,8.838,
5.170980041380972,200,8.927,
5.183975916355848,200,11.477,
5.191332875285298,200,9.025,
5.20107804145664,200,8.539,
5.21443491615355,200,11.523,
5.220164666417986,200,10.09,
5.2301867082715034,200,9.004,
5.240200125146657,200,9.199,
5.250348541419953,200,8.724,
5.261259375140071,200,8.5,
5.27130650030449,200,10.369,
5.284275625366718,200,9.879,
5.290553958155215,200,8.972,
5.3014278332702816,200,9.044,
5.311717875301838,200,10.399,
5.321124500129372,200,10.516,
5.33096595807001,200,9.638,
5.340069000143558,200,10.736,
5.3500163750723,200,10.1,
5.364572500344366,200,10.889,
5.371871791314334,200,12.193,
5.3821978331543505,200,9.239,
5.390170708298683,200,10.124,
5.401077416259795,200,8.14,
5.414201666135341,200,10.462,
5.420560458209366,200,10.096,
5.434154125396162,200,10.438,
5.4409309583716094,200,9.14,
5.45420204102993,200,10.137,
5.460594250354916,200,9.615,
5.471124750096351,200,9.266,
5.484047250356525,200,9.649,
5.490148041397333,200,9.306,
5.501653833314776,200,10.88,
5.5118089583702385,200,9.854,
5.520895583089441,200,16.802,
5.530441875103861,200,18.745,
5.540905000176281,200,16.941,
5.55267429118976,200,9.143,
5.560180583037436,200,10.249,
5.571607375051826,200,9.688,
5.580553416162729,200,8.635,
5.590085083153099,200,8.559,
5.6049024583771825,200,9.727,
5.6117409584112465,200,8.219,
5.620704125147313,200,9.278,
5.632710000034422,200,10.701,
5.640537541359663,200,8.204,
5.6546894162893295,200,9.138,
5.660416000057012,200,8.589,
5.674748875200748,200,9.77,
5.680329625029117,200,10.121,
5.691205750219524,200,8.713,
5.703515833243728,200,9.628,
5.710401833057404,200,9.275,
5.721069708000869,200,8.921,
5.730905250180513,200,7.943,
5.741325041279197,200,8.481,
5.7505412911996245,200,9.42,
5.760957416146994,200,8.518,
5.770250958390534,200,9.989,
5.780033166054636,200,9.708,
5.792551916092634,200,9.591,
5.800080708228052,200,10.108,
5.810044958256185,200,9.135,
5.822135708294809,200,9.381,
5.830020083114505,200,9.505,
5.840329541359097,200,9.088,
5.851794625166804,200,10.228,
5.860016166232526,200,9.472,
5.870323125272989,200,9.285,
5.880495250225067,200,8.72,
5.890116416383535,200,9.279,
5.900143833365291,200,9.233,
5.910242750309408,200,8.829,
5.924594333395362,200,10.669,
5.930077458266169,200,10.793,
5.940083833411336,200,10.348,
5.950217166449875,200,9.204,
5.960072583053261,200,9.424,
5.974905291106552,200,10.007,
5.980021666269749,200,9.239,
5.994571500457823,200,12.383,
6.000083500053734,200,9.374,
6.010976500343531,200,9.63,
6.02039995836094,200,9.115,
6.030509916134179,200,10.537,
6.041849833447486,200,9.513,
6.05126295844093,200,9.016,
6.061222333461046,200,9.127,
6.0712513332255185,200,8.887,
6.083148000296205,200,9.992,
6.090022708289325,200,9.061,
6.101265125442296,200,9.236,
6.110237666405737,200,9.303,
6.1205395413562655,200,10.137,
6.133002041373402,200,12.281,
6.141107083298266,200,12.082,
6.150863875169307,200,16.199,
6.161103458143771,200,14.187,
6.171170791145414,200,10.331,
6.182711333036423,200,10.356,
6.190656041260809,200,11.641,
6.2028175834566355,200,10.867,
6.210071166045964,200,12.63,
6.220190457999706,200,9.984,
6.231160916388035,200,9.127,
6.2434361251071095,200,9.263,
6.251126166433096,200,10.371,
6.260089291259646,200,9.198,
6.2749053332954645,200,10.302,
6.281351583078504,200,9.279,
6.293119000270963,200,10.059,
6.300422833301127,200,9.774,
6.311143750324845,200,8.843,
6.3208749582991,200,9.237,
6.331198250409216,200,9.481,
6.340089041274041,200,9.526,
6.351094250101596,200,10.957,
6.36009362526238,200,10.064,
6.371234083082527,200,12.063,
6.380062208045274,200,11.751,
6.3913423754274845,200,8.924,
6.401322125457227,200,8.771,
6.410096083302051,200,9.495,
6.423636166378856,200,9.187,
6.431339625269175,200,9.528,
6.444249333348125,200,8.006,
6.450486666057259,200,8.06,
6.462136666290462,200,17.209,
6.4703442910686135,200,11.805,
6.480056791100651,200,10.629,
6.490491458214819,200,8.41,
6.501754250377417,200,8.129,
6.513978541363031,200,9.29,
6.520500000100583,200,8.478,
6.5332084582187235,200,9.556,
6.540863250382245,200,8.772,
6.552973833400756,200,9.367,
6.560775708407164,200,11.814,
6.571953875012696,200,9.696,
6.580114791169763,200,9.42,
6.59044316643849,200,8.835,
6.601082875393331,200,8.282,
6.614122583065182,200,9.665,
6.620063333306462,200,9.653,
6.631376958452165,200,9.505,
6.640748500358313,200,8.381,
6.654576875269413,200,9.338,
6.660522708203644,200,8.505,
6.671339541207999,200,8.635,
6.680956958327442,200,9.847,
6.690682083368301,200,8.661,
6.704513791017234,200,9.664,
6.710922083351761,200,13.417,
6.720422000158578,200,10.298,
6.734060250222683,200,10.22,
6.740945583209395,200,9.286,
6.750111000146717,200,9.09,
6.762121125124395,200,9.402,
6.770099750254303,200,9.619,
6.781346875242889,200,9.261,
6.793127708137035,200,9.676,
6.800441625062376,200,14.596,
6.8120572082698345,200,15.591,
6.823520541191101,200,12.124,
6.831168458331376,200,10.488,
6.840603958349675,200,12.194,
6.8502712501212955,200,11.493,
6.861018375027925,200,13.958,
6.870128291193396,200,10.482,
6.8807483753189445,200,9.211,
6.894597333390266,200,10.166,
6.9016220001503825,200,9.854,
6.910008041188121,200,9.316,
6.924157541245222,200,9.754,
6.930278541054577,200,9.051,
6.940173041075468,200,9.432,
6.95056562544778,200,9.212,
6.9608579580672085,200,9.448,
6.970175625290722,200,9.651,
6.984856583178043,200,10.787,
6.992186375427991,200,10.123,
7.000447916332632,200,11.18,
7.010540333110839,200,10.392,
7.020028000231832,200,10.061,
7.0302436663769186,200,9.058,
7.042205750010908,200,16.602,
7.052157208323479,200,12.689,
7.06272158306092,200,9.354,
7.070138291455805,200,9.148,
7.083277375437319,200,8.65,
7.091137166135013,200,9.255,
7.102046666201204,200,9.124,
7.110346166417003,200,9.323,
7.120599208399653,200,8.985,
7.131105708424002,200,10.271,
7.141127250157297,200,9.193,
7.154320958070457,200,9.702,
7.160277750343084,200,9.367,
7.174819375388324,200,11.331,
7.180197208188474,200,9.898,
7.190199083182961,200,10.188,
7.204210000112653,200,11.039,
7.210373625159264,200,8.603,
7.2213101661764085,200,10.905,
7.2302495832555,200,10.396,
7.240476208273321,200,10.509,
7.250243958085775,200,9.313,
7.264040916226804,200,13.237,
7.27154133329168,200,12.929,
7.280075041111559,200,11.367,
7.290061833336949,200,10.784,
7.30112020811066,200,8.657,
7.31428233301267,200,11.319,
7.3213263330981135,200,9.149,
7.330347208306193,200,8.488,
7.344793458003551,200,11.752,
7.350075083319098,200,11.544,
7.361312375403941,200,9.717,
7.370898166205734,200,8.699,
7.384492625016719,200,12.198,
7.391097250394523,200,9.513,
7.400464708451182,200,8.494,
7.413178708404303,200,8.865,
7.420007583219558,200,9.064,
7.4320808332413435,200,9.583,
7.440095416270196,200,8.834,
7.452778541017324,200,10.193,
7.460372750181705,200,8.814,
7.470091083087027,200,9.842,
7.480762250255793,200,10.176,
7.490063291043043,200,9.008,
7.504355791024864,200,10.973,
7.511914625298232,200,10.241,
7.5201931251212955,200,10.838,
7.530905333347619,200,10.581,
7.5401459583081305,200,9.156,
7.550455708056688,200,8.974,
7.560470291413367,200,8.732,
7.572930125053972,200,9.28,
7.580198333133012,200,10.289,
7.591150125022978,200,9.598,
7.600053125061095,200,12.49,
7.611671291291714,200,10.117,
7.62024433305487,200,10.294,
7.631508291233331,200,13.708,
7.641103208065033,200,31.811,
7.650183375459164,200,22.409,
7.663715375121683,200,13.724,
7.670618750154972,200,10.111,
7.684536583255976,200,9.819,
7.69127016607672,200,8.618,
7.7008120832033455,200,8.589,
7.710271125193685,200,8.425,
7.72131345840171,200,8.776,
7.731640750076622,200,8.661,
7.742120125330985,200,8.632,
7.750074375420809,200,8.679,
7.764778375159949,200,10.454,
7.771253625396639,200,8.783,
7.781114000361413,200,10.29,
7.7905708332546055,200,9.036,
7.8003009161911905,200,8.542,
7.8109073750674725,200,8.926,
7.823209416121244,200,9.08,
7.830922500230372,200,8.817,
7.840644791256636,200,8.311,
7.854657375253737,200,10.178,
7.861029750201851,200,9.591,
7.870047541335225,200,9.5,
7.88127512531355,200,10.378,
7.8927027503959835,200,9.899,
7.90087025007233,200,9.921,
7.912359375040978,200,9.481,
7.920966500416398,200,9.556,
7.930944666266441,200,9.258,
7.94133966602385,200,9.17,
7.950320208445191,200,9.622,
7.9648094163276255,200,13.151,
7.970036125276238,200,10.04,
7.984976083040237,200,10.426,
7.9916229583323,200,9.694,
8.001059250440449,200,9.26,
8.01339929131791,200,10.732,
8.021035458426923,200,8.916,
8.030062625184655,200,13.15,
8.041111333295703,200,10.784,
8.050978833343834,200,10.073,
8.060187916271389,200,9.684,
8.070663000456989,200,9.265,
8.083222125191242,200,9.398,
8.09012004127726,200,10.644,
8.10002079140395,200,9.442,
8.110308166127652,200,10.034,
8.120123541448265,200,9.603,
8.130683583207428,200,9.244,
8.14089116640389,200,9.304,
8.15005400031805,200,9.04,
8.16000858321786,200,8.77,
8.174384541343898,200,10.81,
8.180857375264168,200,11.905,
8.191608750261366,200,10.139,
8.204138708300889,200,12.254,
8.210010541137308,200,10.807,
8.221877791453153,200,9.909,
8.230017583351582,200,10.212,
8.241093958262354,200,9.431,
8.254380041267723,200,11.456,
8.261309708002955,200,14.102,
8.271458541043103,200,10.081,
8.284244666341692,200,11.379,
8.290883791167289,200,9.69,
8.303965125232935,200,9.681,
8.310428250115365,200,9.879,
8.321217166259885,200,11.404,
8.33017420815304,200,9.681,
8.341957166325301,200,9.723,
8.350020333193243,200,9.121,
8.364941875450313,200,11.188,
8.37015491630882,200,10.045,
8.382416125386953,200,9.664,
8.390055208001286,200,9.5,
8.400567916221917,200,9.053,
8.413806916214526,200,10.516,
8.42044858308509,200,9.537,
8.430786833167076,200,10.515,
8.440379000268877,200,9.873,
8.450161875225604,200,8.975,
8.464871833100915,200,11.447,
8.471863500308245,200,10.275,
8.481110041029751,200,9.317,
8.492047750391066,200,9.054,
8.500476166140288,200,9.001,
8.514329000376165,200,12.984,
8.52021445846185,200,11.543,
8.531522583216429,200,9.988,
8.54076512530446,200,12.641,
8.550431833136827,200,9.202,
8.560977291315794,200,8.568,
8.57423908310011,200,11.68,
8.58235325012356,200,10.431,
8.590555541217327,200,10.137,
8.600054583046585,200,9.603,
8.612753458321095,200,9.775,
8.620525916106999,200,9.876,
8.630164375063032,200,8.692,
8.640276875346899,200,10.492,
8.653293708339334,200,11.502,
8.660244583152235,200,11.831,
8.671987708192319,200,11.7,
8.68027333309874,200,9.406,
8.694751541130245,200,9.575,
8.700825500302017,200,8.865,
8.71004075044766,200,8.394,
8.720102332998067,200,8.572,
8.733820875175297,200,10.758,
8.740971333347261,200,9.975,
8.750326166395098,200,9.262,
8.76130725024268,200,12.527,
8.774298166390508,200,10.844,
8.780024708248675,200,15.077,
8.790263958275318,200,11.197,
8.802517291158438,200,10.112,
8.812284708023071,200,9.801,
8.820104125421494,200,9.44,
8.834867333061993,200,12.682,
8.842504625208676,200,9.714,
8.850126166362315,200,11.609,
8.860887541435659,200,11.091,
8.871887083165348,200,10.487,
8.883281458169222,200,8.72,
8.89332495816052,200,7.927,
8.900026708375663,200,9.221,
8.910019166301936,200,8.573,
8.920042333193123,200,8.583,
8.934941791463643,200,10.178,
8.941214208025485,200,9.788,
8.950866333208978,200,8.545,
8.961407708004117,200,8.767,
8.97001108340919,200,9.442,
8.9833466662094,200,9.967,
8.990007291082293,200,9.514,
9.000354875344783,200,9.931,
9.012363250367343,200,13.948,
9.02105375006795,200,11.296,
9.030695333145559,200,11.115,
9.040927916299552,200,10.745,
9.05386312538758,200,10.071,
9.060355875175446,200,12.389,
9.073293666355312,200,18.933,
9.082136041019112,200,12.485,
9.093821833375841,200,10.596,
9.100725083146244,200,18.015,
9.111133166123182,200,14.101,
9.120151583105326,200,9.149,
9.130305375438184,200,8.545,
9.144156000111252,200,9.064,
9.150430791079998,200,11.017,
9.162219333462417,200,11.936,
9.170332708396018,200,10.281,
9.180037958081812,200,8.857,
9.191788166295737,200,8.312,
9.200942166149616,200,7.751,
9.210048333276063,200,7.155,
9.224928541108966,200,10.742,
9.230865291319788,200,10.747,
9.240089041180909,200,10.995,
9.254911708179861,200,9.707,
9.261344375088811,200,9.05,
9.270289625041187,200,8.72,
9.28005487518385,200,8.657,
9.290009041316807,200,8.727,
9.300109500065446,200,8.968,
9.313155041076243,200,8.717,
9.320305791217834,200,8.865,
9.33481204137206,200,9.592,
9.340957791078836,200,9.642,
9.350393458269536,200,10.464,
9.360030583105981,200,9.248,
9.37220654124394,200,10.185,
9.380871208384633,200,9.477,
9.390233125071973,200,8.704,
9.401312916073948,200,9.839,
9.410070250276476,200,9.602,
9.422324875369668,200,11.277,
9.430360041093081,200,17.661,
9.44024141645059,200,13.432,
9.450156291015446,200,15.829,
9.464427958242595,200,19.49,
9.47238350007683,200,19.14,
9.480301125440747,200,19.866,
9.494539375416934,200,16.532,
9.500200458336622,200,16.045,
9.512885916046798,200,16.187,
9.521031083073467,200,16.365,
9.53003245824948,200,11.363,
9.540343083441257,200,10.019,
9.550346250180155,200,8.466,
9.56321083335206,200,9.217,
9.570360125042498,200,9.775,
9.580017750151455,200,8.868,
9.590040000155568,200,8.894,
9.604920000303537,200,9.996,
9.611305666156113,200,8.688,
9.620207458268851,200,8.624,
9.634390208404511,200,9.304,
9.640398083254695,200,8.955,
9.650144333019853,200,8.342,
9.66489208303392,200,10.027,
9.670868875458837,200,9.295,
9.680045875255018,200,8.732,
9.692135208286345,200,8.728,
9.702443708200008,200,8.831,
9.712054500356317,200,9.625,
9.720078166108578,200,13.348,
9.730192750226706,200,17.876,
9.740087458398193,200,12.963,
9.750349333044142,200,13.816,
9.763920208439231,200,59.695,
9.771504625212401,200,59.797,
9.780138000380248,200,49.121,
9.790251583326608,200,39.619,
9.801305000204593,200,34.659,
9.810315875336528,200,34.062,
9.820022333413363,200,25.492,
9.830459875054657,200,27.311,
9.840887958183885,200,21.427,
9.85211025038734,200,15.373,
9.862198333255947,200,14.271,
9.87033954123035,200,10.694,
9.880384916439652,200,9.362,
9.890025625005364,200,8.912,
9.901336416136473,200,8.608,
9.91085487511009,200,7.917,
9.924168625380844,200,9.981,
9.930024375207722,200,10.014,
9.942336916457862,200,8.808,
9.950215916149318,200,8.804,
9.96115650003776,200,9.53,
9.970309333410114,200,11.594,
9.983001166023314,200,11.555,
9.99100570846349,200,9.352,
10.002178708091378,200,8.281,
10.010362375061959,200,7.444,
10.02038108324632,200,8.62,
10.031310083344579,200,11.494,
10.040230583399534,200,15.569,
10.05224841600284,200,12.562,
10.060507666319609,200,10.017,
10.071287458296865,200,30.384,
10.080776375252753,200,26.337,
10.093334791250527,200,17.883,
10.101114875171334,200,11.975,
10.111441833432764,200,10.443,
10.121262625325471,200,10.479,
10.134304250124842,200,26.854,
10.140948375221342,200,74.454,
10.15165170840919,200,69.715,
10.16058325022459,200,60.001,
10.175034000072628,200,45.35,
10.180230500176549,200,44.911,
10.19237233325839,200,39.092,
10.20233108336106,200,24.407,
10.2116967914626,200,25.46,
10.220021750312299,200,19.235,
10.230191791430116,200,12.233,
10.240335416048765,200,11.862,
10.25008250027895,200,12.118,
10.260065000038594,200,11.254,
10.271319916006178,200,11.207,
10.280321166384965,200,10.861,
10.290185666177422,200,11.307,
10.304678375367075,200,12.287,
10.310093333013356,200,11.473,
10.322564583271742,200,10.53,
10.330033208243549,200,9.799,
10.340845791157335,200,10.091,
10.354110000189394,200,14.101,
10.362872958183289,200,11.019,
10.370227625127882,200,10.141,
10.38014508318156,200,9.827,
10.391037291381508,200,10.274,
10.40021750004962,200,13.69,
10.41030383342877,200,12.29,
10.420279625337571,200,9.602,
10.432261791080236,200,12.318,
10.440112916287035,200,17.761,
10.451943041291088,200,14.359,
10.462886000052094,200,11.481,
10.470019041094929,200,10.825,
10.484757083002478,200,10.942,
10.490879333112389,200,9.328,
10.501011416316032,200,12.205,
10.510231666266918,200,12.357,
10.520323125179857,200,16.53,
10.530053125228733,200,17.516,
10.541431625373662,200,13.006,
10.551216583233327,200,8.889,
10.56101195840165,200,7.629,
10.573541875462979,200,11.728,
10.580063541419804,200,11.866,
10.590062208008021,200,11.894,
10.604793708305806,200,31.623,
10.610503625124693,200,30.12,
10.6200425834395,200,28.083,
10.631502750329673,200,19.451,
10.640933000016958,200,15.762,
10.650954833254218,200,12.077,
10.662813416216522,200,13.325,
10.672581958118826,200,13.437,
10.680108250118792,200,9.818,
10.691054666414857,200,9.285,
10.700119166169316,200,9.661,
10.710933791007847,200,8.838,
10.72008258337155,200,8.441,
10.73319312511012,200,8.515,
10.74043900007382,200,8.507,
10.751281083095819,200,7.585,
10.762966541107744,200,12.816,
10.770079333335161,200,12.716,
10.780416916124523,200,17.244,
10.790164166130126,200,11.994,
10.804787208326161,200,10.777,
10.810031291097403,200,8.998,
10.821320708375424,200,9.797,
10.83154045837,200,11.588,
10.843999250326306,200,11.648,
10.850076000206172,200,8.94,
10.86473579145968,200,10.685,
10.871175666339695,200,10.344,
10.882642208132893,200,8.584,
10.893253833055496,200,9.017,
10.90019654110074,200,9.159,
10.913902208209038,200,10.488,
10.920291833113879,200,9.725,
10.93095500022173,200,9.284,
10.940203750040382,200,8.133,
10.952168541029096,200,11.182,
10.962484000250697,200,10.906,
10.972611125092953,200,13.041,
10.9812535000965,200,17.417,
10.993708416353911,200,13.054,
11.001257666386664,200,10.536,
11.012928875163198,200,9.766,
11.020750500261784,200,8.641,
11.030195291154087,200,10.226,
11.040035166312009,200,14.404,
11.050263125449419,200,9.383,
11.060997083317488,200,8.138,
11.070145041216165,200,9.569,
11.08488604100421,200,10.365,
11.092199416365474,200,8.672,
11.100225541274995,200,8.72,
11.112500250339508,200,9.211,
11.12109800009057,200,8.864,
11.130722791422158,200,8.5,
11.142204041127115,200,9.714,
11.150085958186537,200,11.986,
11.164886000100523,200,10.837,
11.170607875101268,200,8.797,
11.180336500052363,200,10.019,
11.190167958382517,200,9.012,
11.200026833452284,200,8.552,
11.210053416434675,200,8.423,
11.22134375013411,200,9.313,
11.230362416245043,200,12.627,
11.24359937524423,200,13.233,
11.250248375348747,200,11.705,
11.260192041285336,200,10.415,
11.271885250229388,200,10.392,
11.280017875134945,200,11.006,
11.291028416249901,200,12.705,
11.301196250133216,200,16.195,
11.310103458352387,200,13.85,
11.320695625152439,200,10.21,
11.330019250046462,200,9.52,
11.34126325044781,200,10.787,
11.350993750151247,200,14.31,
11.360246375203133,200,12.097,
11.372270500287414,200,9.995,
11.380179458297789,200,10.886,
11.390458166133612,200,10.086,
11.401662833057344,200,8.829,
11.414114916231483,200,11.276,
11.421110083349049,200,14.558,
11.430232375394553,200,17.241,
11.44006266631186,200,16.837,
11.451617791317403,200,11.873,
11.462864083237946,200,9.302,
11.470892041455954,200,8.337,
11.480099125299603,200,8.01,
11.491979625076056,200,7.595,
11.500930875074118,200,8.766,
11.51048129145056,200,7.782,
11.523976708296686,200,10.361,
11.530241375323385,200,9.038,
11.540079208090901,200,8.475,
11.550035916268826,200,8.526,
11.561542458366603,200,8.78,
11.57001516642049,200,9.017,
11.581228875089437,200,8.48,
11.590539333410561,200,7.69,
11.604692250024527,200,9.754,
11.610874416306615,200,8.921,
11.620492791291326,200,9.072,
11.630077083129436,200,9.478,
11.644920458085835,200,11.001,
11.650215958245099,200,8.82,
11.660284583456814,200,8.502,
11.674740958027542,200,10.255,
11.680174166336656,200,8.214,
11.692760708276182,200,8.582,
11.700483875349164,200,8.465,
11.714670958463103,200,9.271,
11.72026687534526,200,8.44,
11.734839333221316,200,9.036,
11.74065133323893,200,8.202,
11.754643750377,200,9.472,
11.760327500291169,200,8.334,
11.77481362503022,200,10.081,
11.781451666262,200,9.075,
11.79034695820883,200,8.737,
11.804775041062385,200,9.918,
11.81070379121229,200,8.73,
11.820286583155394,200,8.64,
11.831915500108153,200,8.905,
11.842302416451275,200,9.628,
11.850113083142787,200,9.061,
11.862138333264738,200,10.181,
11.870430333074182,200,9.942,
11.88051158329472,200,8.961,
11.890147833153605,200,9.198,
11.904979250393808,200,11.734,
11.912408791016787,200,10.811,
11.920038791373372,200,10.346,
11.9344219584018,200,11.386,
11.941528000403196,200,10.284,
11.950036416295916,200,11.164,
11.960880000144243,200,10.642,
11.972173875197768,200,10.556,
11.980583000462502,200,10.703,
11.992147375363857,200,9.744,
12.00387050025165,200,9.405,
12.011819208040833,200,9.958,
12.021794250234962,200,8.152,
12.033671083394438,200,8.671,
12.042273625265807,200,8.333,
12.053796750027686,200,8.995,
12.063060708343983,200,11.952,
12.070292958058417,200,9.397,
12.08309670817107,200,11.545,
12.090219750069082,200,9.239,
12.102642208337784,200,10.482,
12.110045041423291,200,9.482,
12.124932291451842,200,11.393,
12.130049083381891,200,9.423,
12.140432583168149,200,10.214,
12.15188187500462,200,10.346,
12.161212791223079,200,10.135,
12.170643708202988,200,11.536,
12.18098875042051,200,9.889,
12.19159779138863,200,9.057,
12.203841916285455,200,10.012,
12.210160666145384,200,10.143,
12.221265750005841,200,10.726,
12.230675416067243,200,13.3,
12.241547666024417,200,10.61,
12.250101958401501,200,9.404,
12.264836583286524,200,9.486,
12.272474458441138,200,9.402,
12.280547166243196,200,9.936,
12.291349166072905,200,11.351,
12.300063625443727,200,8.765,
12.312256541103125,200,10.201,
12.32144375005737,200,10.298,
12.330086708068848,200,10.291,
12.340184541419148,200,9.459,
12.352324125356972,200,8.472,
12.360167083330452,200,9.793,
12.373127333354205,200,9.848,
12.381259541027248,200,9.364,
12.394202916417271,200,9.78,
12.400379000231624,200,9.459,
12.410665333271027,200,8.783,
12.423283125273883,200,9.607,
12.430083916056901,200,8.736,
12.444909916259348,200,9.733,
12.451237166300416,200,9.133,
12.4602085002698,200,8.948,
12.473001083359122,200,10.42,
12.480153083335608,200,9.584,
12.490670791361481,200,9.626,
12.500122250057757,200,9.802,
12.510781875345856,200,15.699,
12.520022875163704,200,9.701,
12.530779750086367,200,11.718,
12.543918458279222,200,11.313,
12.551292500458658,200,10.386,
12.562967125326395,200,10.182,
12.570944500155747,200,10.683,
12.584416791331023,200,9.886,
12.590760750230402,200,8.818,
12.600901541300118,200,8.285,
12.614471375010908,200,10.377,
12.621330708265305,200,9.533,
12.634248500224203,200,9.08,
12.64002695819363,200,8.042,
12.654892208054662,200,10.113,
12.661369750276208,200,9.326,
12.671533625107259,200,9.337,
12.681017000228167,200,9.489,
12.690345250070095,200,8.78,
12.701205000281334,200,8.934,
12.710092708002776,200,7.769,
12.720323625020683,200,8.469,
12.734768750146031,200,9.914,
12.741126583423465,200,8.884,
12.751598791219294,200,10.291,
12.761136750224978,200,9.919,
12.77037320844829,200,10.649,
12.780040833167732,200,11.108,
12.791407666169107,200,10.869,
12.800102958455682,200,10.191,
12.810068375431001,200,11.156,
12.820357833057642,200,8.989,
12.830234208144248,200,9.641,
12.841284916270524,200,9.164,
12.85030358331278,200,11.52,
12.860067708417773,200,11.372,
12.870292416308075,200,9.817,
12.881391541101038,200,10.988,
12.890055041294545,200,9.431,
12.904856250155717,200,9.486,
12.91079800017178,200,8.785,
12.92108575021848,200,8.829,
12.93085066601634,200,8.908,
12.94068295834586,200,8.788,
12.951135791372508,200,8.835,
12.960919541306794,200,9.008,
12.971263500396162,200,9.881,
12.980323375202715,200,10.8,
12.990995958447456,200,9.196,
13.001132583245635,200,10.11,
13.011122916359454,200,8.516,
13.020330541301519,200,8.809,
13.03485666634515,200,9.563,
13.040857208427042,200,9.513,
13.051041916012764,200,9.438,
13.061114125419408,200,9.361,
13.07029379112646,200,9.227,
13.081105500459671,200,8.932,
13.092183125205338,200,9.305,
13.100908750202507,200,9.406,
13.11008045822382,200,9.701,
13.122040000278503,200,9.17,
13.13098029140383,200,10.397,
13.143021875061095,200,9.932,
13.150996041018516,200,12.455,
13.160911916289479,200,10.894,
13.17008416634053,200,10.782,
13.180246375035495,200,8.51,
13.191385958343744,200,8.816,
13.201004875358194,200,8.275,
13.210069708060473,200,8.194,
13.2222805833444,200,9.085,
13.232084916438907,200,8.287,
13.243445750325918,200,9.64,
13.250235625077039,200,8.773,
13.260212583001703,200,9.305,
13.272311500273645,200,8.729,
13.280442208051682,200,8.851,
13.292665041051805,200,11.545,
13.300015666056424,200,13.817,
13.31008275039494,200,11.137,
13.320271000266075,200,11.034,
13.330465958453715,200,11.586,
13.340307250153273,200,9.886,
13.351295750122517,200,8.691,
13.360866958275437,200,8.536,
13.370247916318476,200,9.116,
13.380142250098288,200,8.839,
13.394294125027955,200,11.132,
13.400799333117902,200,9.694,
13.410371916368604,200,9.371,
13.420683166012168,200,9.258,
13.431214208249003,200,16.195,
13.442601333372295,200,13.093,
13.4535230002366,200,12.379,
13.462248083204031,200,10.807,
13.470034625381231,200,15.086,
13.484823958016932,200,12.228,
13.49053991632536,200,10.191,
13.500645625405014,200,18.197,
13.510242125019431,200,21.417,
13.521039166022092,200,19.206,
13.530480625107884,200,14.672,
13.541060583200306,200,10.158,
13.55430420814082,200,9.793,
13.562787291128188,200,12.745,
13.570469833444804,200,9.988,
13.58458379143849,200,9.775,
13.59153891634196,200,10.66,
13.600082500372082,200,9.28,
13.610173166263849,200,8.56,
13.62332904106006,200,9.538,
13.630094875115901,200,9.913,
13.641279541421682,200,8.97,
13.65024600038305,200,8.317,
13.66004208335653,200,8.667,
13.672810250427574,200,10.437,
13.68060512514785,200,12.134,
13.694270041305572,200,11.098,
13.700078500434756,200,10.178,
13.710026416461915,200,11.68,
13.72003437532112,200,10.715,
13.730632250197232,200,11.627,
13.741910500451922,200,11.676,
13.750119208358228,200,10.185,
13.760174125432968,200,9.493,
13.774768916424364,200,9.795,
13.781312791164964,200,9.368,
13.790503833442926,200,8.479,
13.80209054145962,200,8.575,
13.810149583034217,200,8.804,
13.821168791037053,200,8.281,
13.830258833244443,200,9.173,
13.841113166417927,200,8.414,
13.850448250304908,200,8.39,
13.862785833422095,200,13.35,
13.870042625349015,200,11.132,
13.880943208001554,200,10.221,
13.893928875215352,200,11.511,
13.901498000137508,200,9.928,
13.910119208041579,200,9.113,
13.920032750349492,200,9.265,
13.934940291102976,200,10.251,
13.941325416322798,200,10.331,
13.95162933319807,200,11.659,
13.960901208221912,200,12.664,
13.970021458342671,200,10.641,
13.980090875178576,200,9.732,
13.99084325041622,200,8.672,
14.004534958396107,200,11.104,
14.01130766607821,200,8.647,
14.020911541301757,200,8.676,
14.030399041250348,200,8.729,
14.04476441629231,200,12.685,
14.051229333039373,200,11.123,
14.061676625162363,200,10.883,
14.07132662506774,200,10.469,
14.082612625323236,200,9.076,
14.090901833027601,200,8.819,
14.100959208328277,200,8.779,
14.112105250358582,200,9.193,
14.120598083361983,200,8.957,
14.130341791082174,200,8.476,
14.144789541140199,200,9.878,
14.150292916223407,200,8.523,
14.16321283346042,200,11.583,
14.17047275044024,200,11.265,
14.184702375438064,200,9.642,
14.190919208340347,200,8.83,
14.200695208273828,200,23.97,
14.21008558338508,200,17.415,
14.220326541457325,200,11.293,
14.230306125245988,200,9.713,
14.24089958332479,200,7.809,
14.25090279104188,200,9.423,
14.260128583293408,200,9.247,
14.27353141643107,200,11.97,
14.281297833193094,200,10.019,
14.292568166274577,200,9.22,
14.303675458300859,200,10.051,
14.310209875460714,200,8.868,
14.32484900020063,200,10.062,
14.331756166182458,200,8.714,
14.340389166027308,200,9.36,
14.350632458459586,200,9.239,
14.360694541130215,200,9.297,
14.373569416347891,200,10.351,
14.38019487541169,200,9.053,
14.39012666605413,200,9.097,
14.404702458065003,200,10.527,
14.411169125232846,200,10.087,
14.422275083139539,200,9.958,
14.430106791201979,200,11.007,
14.44237266620621,200,11.188,
14.451276291161776,200,10.569,
14.46003633318469,200,9.113,
14.471208750270307,200,9.41,
14.480037291068584,200,9.443,
14.493434708099812,200,9.714,
14.501973916310817,200,9.717,
14.51086570834741,200,9.774,
14.520015625283122,200,9.492,
14.530602333135903,200,10.418,
14.54465516610071,200,9.832,
14.551144250202924,200,9.274,
14.562166791409254,200,8.845,
14.572079500183463,200,8.838,
14.583981916308403,200,9.672,
14.590105291455984,200,9.52,
14.600632791407406,200,14.332,
14.610114875249565,200,11.599,
14.62290812516585,200,10.973,
14.630213416181505,200,10.32,
14.64132429100573,200,10.054,
14.654531083069742,200,10.823,
14.661232333164662,200,10.652,
14.670397583395243,200,10.313,
14.681338125374168,200,10.467,
14.690436458215117,200,10.059,
14.701241750270128,200,8.907,
14.714288500137627,200,9.119,
14.720179708208889,200,8.689,
14.734865250065923,200,10.901,
14.741094750352204,200,10.639,
14.750868250150234,200,9.224,
14.763849291019142,200,10.6,
14.771420333068818,200,9.04,
14.780228208284825,200,9.146,
14.790547375101596,200,9.079,
14.804689541459084,200,9.687,
14.812381041236222,200,9.679,
14.820243166293949,200,9.891,
14.831157833337784,200,11.756,
14.84013762511313,200,11.74,
14.850151000078768,200,15.046,
14.86117195803672,200,11.204,
14.870562458410859,200,10.127,
14.881633250042796,200,9.982,
14.890609291382134,200,11.334,
14.900900125037879,200,9.893,
14.910211916081607,200,8.392,
14.92367258341983,200,11.067,
14.93057870818302,200,9.394,
14.940852791070938,200,10.31,
14.951065000146627,200,10.275,
14.961162041407079,200,8.904,
14.97125087538734,200,8.991,
14.980015833396465,200,8.956,
14.992111708037555,200,8.366,
15.001469833310694,200,8.686,
15.010970458388329,200,8.495,
15.020300125237554,200,8.554,
15.034814208280295,200,9.202,
15.041142666246742,200,9.0,
15.051134958397597,200,11.1,
15.06049345806241,200,10.983,
15.070132833439857,200,10.722,
15.080173208378255,200,9.927,
15.090025416109711,200,10.751,
15.100601458456367,200,10.59,
15.110388125292957,200,9.665,
15.121100708376616,200,9.038,
15.134400458075106,200,9.599,
15.140448375139385,200,8.765,
15.15167958335951,200,10.737,
15.161697541363537,200,9.416,
15.170958458445966,200,11.282,
15.180244958028197,200,9.073,
15.19023708300665,200,8.212,
15.203091625124216,200,8.863,
15.210208125412464,200,8.722,
15.224867416080087,200,9.221,
15.230118250008672,200,8.977,
15.240790208335966,200,10.099,
15.250194208230823,200,10.809,
15.263129416387528,200,11.149,
15.270533833187073,200,9.589,
15.28118991618976,200,9.354,
15.292088375426829,200,8.779,
15.300122250337154,200,9.108,
15.311189625412226,200,9.73,
15.320059250108898,200,9.214,
15.33485229127109,200,9.318,
15.340853958390653,200,8.862,
15.352209416218102,200,9.835,
15.360551125369966,200,9.228,
15.370716916397214,200,8.886,
15.380502000451088,200,8.993,
15.394710458349437,200,10.987,
15.401835458353162,200,9.725,
15.410864416044205,200,10.047,
15.420217166189104,200,9.359,
15.432276250328869,200,9.878,
15.44158429140225,200,9.693,
15.452079291455448,200,9.106,
15.462043500039726,200,8.777,
15.47021483303979,200,8.818,
15.483259916305542,200,10.598,
15.49002220807597,200,10.96,
15.50033679138869,200,9.835,
15.510129458270967,200,9.406,
15.520522583276033,200,9.431,
15.532331666443497,200,9.482,
15.540484166238457,200,9.003,
15.550572166219354,200,8.344,
15.563517000060529,200,9.79,
15.57010337524116,200,11.343,
15.584897666238248,200,11.308,
15.59116679104045,200,9.729,
15.600219458341599,200,13.141,
15.613976416178048,200,10.641,
15.62026062514633,200,10.176,
15.631349916104227,200,9.44,
15.640046833083034,200,8.386,
15.65458354121074,200,9.644,
15.66090300027281,200,8.288,
15.672200000379235,200,9.714,
15.68043354107067,200,9.423,
15.69077254133299,200,7.897,
15.703485583420843,200,12.478,
15.711333625018597,200,9.717,
15.724201625213027,200,8.547,
15.730493208393455,200,8.538,
15.74442358314991,200,9.014,
15.750803000293672,200,8.288,
15.764553333166987,200,9.162,
15.770968166179955,200,8.237,
15.781204916071147,200,8.56,
15.794316541403532,200,9.581,
15.800636291038245,200,8.521,
15.814639083109796,200,10.557,
15.821067958138883,200,8.738,
15.834418250247836,200,9.771,
15.840625458396971,200,8.189,
15.851200166158378,200,10.297,
15.860015125013888,200,9.674,
15.870796208269894,200,9.634,
15.880250166170299,200,8.916,
15.89475620817393,200,9.821,
15.900734833441675,200,10.186,
15.914593250025064,200,10.462,
15.921194791328162,200,9.611,
15.930166250094771,200,10.691,
15.944858250208199,200,10.327,
15.95007387502119,200,9.781,
15.962108791340142,200,11.657,
15.970041333232075,200,11.06,
15.982161375228316,200,10.39,
15.990281666163355,200,11.154,
16.0002399161458,200,10.824,
16.010031750425696,200,10.875,
16.020769083406776,200,8.884,
16.030732833314687,200,8.42,
16.04457770800218,200,9.284,
16.050765875261277,200,9.129,
16.063685916364193,200,9.821,
16.070704208221287,200,8.948,
16.080226291436702,200,9.081,
16.091160625219345,200,11.791,
16.10007116617635,200,11.936,
16.11314308317378,200,10.144,
16.12088550021872,200,10.367,
16.13127320818603,200,10.823,
16.140675416216254,200,9.856,
16.15131525043398,200,9.584,
16.160123000387102,200,9.434,
16.170623458456248,200,8.916,
16.183158500120044,200,12.075,
16.190089958254248,200,9.988,
16.201250333338976,200,9.979,
16.210553125012666,200,9.639,
16.220184875186533,200,11.517,
16.23102020844817,200,12.657,
16.24012775020674,200,11.354,
16.250071875285357,200,10.121,
16.262948458082974,200,10.986,
16.27003937540576,200,9.841,
16.280990208033472,200,10.554,
16.29446779144928,200,10.474,
16.301320833154023,200,9.416,
16.311838375404477,200,8.662,
16.32197150029242,200,8.895,
16.330073291435838,200,8.57,
16.344926208257675,200,12.137,
16.35039591602981,200,11.23,
16.362826083321124,200,10.285,
16.370095916092396,200,10.948,
16.380290875211358,200,10.41,
16.39005508320406,200,10.386,
16.400938750244677,200,10.091,
16.411215541418642,200,11.817,
16.420126458164304,200,10.424,
16.434836791362613,200,10.318,
16.441350708249956,200,10.293,
16.4529413334094,200,10.623,
16.460255416110158,200,10.059,
16.47053441638127,200,10.739,
16.48229100042954,200,9.176,
16.490110041107982,200,8.882,
16.501327333040535,200,8.775,
16.510032333433628,200,8.323,
16.520153333432972,200,9.068,
16.53008679114282,200,9.091,
16.54493691632524,200,10.269,
16.551664875354618,200,8.946,
16.564124916214496,200,11.166,
16.571315958164632,200,9.002,
16.580136500298977,200,8.565,
16.59277983335778,200,9.946,
16.601551208179444,200,9.324,
16.610099958255887,200,9.318,
16.624175833072513,200,11.196,
16.632838500197977,200,11.081,
16.64003425044939,200,10.144,
16.650044500362128,200,9.615,
16.661987125407904,200,8.886,
16.670167666394264,200,9.387,
16.680483791045845,200,10.602,
16.693009083159268,200,10.11,
16.703419083263725,200,9.502,
16.71123025007546,200,9.351,
16.720684916246682,200,9.109,
16.73235045839101,200,9.277,
16.741329500451684,200,9.414,
16.750115958042443,200,9.447,
16.763661083299667,200,10.197,
16.77012216625735,200,9.922,
16.784891083370894,200,10.848,
16.790178708266467,200,9.891,
16.800227916333824,200,9.352,
16.810460375156254,200,8.783,
16.82021237537265,200,9.818,
16.83013750007376,200,9.044,
16.841185291297734,200,9.079,
16.850224583409727,200,9.102,
16.86003087507561,200,9.203,
16.874480083119124,200,11.743,
16.881206791382283,200,9.82,
16.890832458157092,200,11.187,
16.90279566636309,200,10.183,
16.91071679117158,200,9.725,
16.92204291606322,200,9.434,
16.93196150008589,200,9.881,
16.94332362525165,200,10.154,
16.950370875187218,200,9.471,
16.962896375451237,200,10.103,
16.973450541030616,200,9.972,
16.980412958189845,200,8.641,
16.99474108312279,200,9.814,
17.001119583379477,200,9.269,
17.01423295820132,200,12.129,
17.020044166129082,200,10.689,
17.034885875415057,200,11.062,
17.040122291073203,200,10.012,
17.050036875065416,200,9.077,
17.064902291167527,200,12.021,
17.071075583342463,200,10.289,
17.080023208167404,200,10.101,
17.092176500242203,200,9.495,
17.10088845808059,200,9.426,
17.112136041279882,200,11.886,
17.12021491630003,200,11.011,
17.13450300041586,200,11.426,
17.142158625181764,200,9.94,
17.152513416018337,200,8.67,
17.16034779138863,200,8.371,
17.17189170839265,200,9.234,
17.180099250283092,200,9.512,
17.19096437515691,200,7.805,
17.204410791397095,200,9.428,
17.21013137511909,200,8.38,
17.22485908307135,200,9.717,
17.230052125174552,200,8.265,
17.24495166633278,200,9.243,
17.250291583128273,200,8.826,
17.26006329106167,200,8.521,
17.2712006252259,200,8.397,
17.283729208167642,200,9.73,
17.290191708132625,200,8.859,
17.302197083365172,200,8.696,
17.31042854115367,200,9.079,
17.32111429143697,200,8.37,
17.33235975028947,200,8.752,
17.34212337527424,200,8.378,
17.35031950008124,200,8.811,
17.364785250276327,200,10.673,
17.37015354121104,200,9.274,
17.38037479110062,200,8.657,
17.390026208013296,200,9.167,
17.400086958426982,200,9.09,
17.411120500415564,200,13.733,
17.424382041208446,200,11.145,
17.43004637537524,200,9.33,
17.44315950013697,200,11.077,
17.450854500290006,200,8.588,
17.460335500072688,200,10.145,
17.470310000237077,200,10.981,
17.480324333067983,200,11.305,
17.49092916632071,200,9.797,
17.500359541270882,200,9.79,
17.511278041172773,200,12.776,
17.52033545821905,200,9.366,
17.532192000187933,200,8.771,
17.540943375322968,200,7.542,
17.551240916363895,200,7.456,
17.56127016618848,200,8.053,
17.570282875094563,200,8.609,
17.584805625025183,200,10.103,
17.590243416372687,200,8.881,
17.604267333168536,200,9.914,
17.610749625135213,200,9.712,
17.620344708207995,200,9.88,
17.63102641608566,200,10.018,
17.642178625334054,200,9.461,
17.65011320821941,200,10.169,
17.66006379108876,200,9.017,
17.671919625252485,200,8.398,
17.68132295832038,200,9.168,
17.69031991623342,200,8.59,
17.70477437507361,200,10.313,
17.71028450038284,200,9.188,
17.72227270808071,200,8.729,
17.730860791169107,200,8.895,
17.74450850021094,200,9.786,
17.75096216611564,200,8.975,
17.76233358308673,200,9.093,
17.773101708386093,200,11.295,
17.780118541326374,200,15.728,
17.79012966621667,200,9.95,
17.80113008338958,200,10.924,
17.810157416388392,200,10.888,
17.824716958217323,200,10.202,
17.83211016608402,200,10.29,
17.840288458392024,200,8.471,
17.854789750184864,200,8.738,
17.86148054106161,200,9.244,
17.870073250029236,200,8.694,
17.884244333021343,200,10.072,
17.890852708369493,200,9.493,
17.904273125343025,200,10.491,
17.91042450023815,200,8.843,
17.920960708055645,200,8.877,
17.933924791403115,200,9.874,
17.940247666090727,200,8.787,
17.951154458336532,200,8.36,
17.96054383320734,200,8.555,
17.973924208432436,200,9.778,
17.982959875371307,200,9.618,
17.990383541211486,200,9.788,
18.003470625262707,200,11.341,
18.010827291291207,200,9.945,
18.023343333043158,200,9.671,
18.030506583396345,200,10.734,
18.040545791387558,200,9.826,
18.05123479105532,200,9.67,
18.060233291238546,200,10.296,
18.07482900004834,200,10.301,
18.08131325012073,200,9.64,
18.09430087544024,200,10.791,
18.100285125430673,200,9.477,
18.113874666392803,200,11.274,
18.120832583401352,200,9.881,
18.131061000283808,200,8.934,
18.14088379126042,200,9.231,
18.151080125011504,200,9.141,
18.164242583326995,200,10.541,
18.17082008300349,200,9.429,
18.182170916348696,200,9.92,
18.19005616614595,200,9.857,
18.200952083338052,200,10.998,
18.210162125062197,200,11.068,
18.224837041459978,200,11.644,
18.23024112544954,200,10.514,
18.240379750262946,200,9.324,
18.25341379130259,200,10.463,
18.260063500143588,200,9.253,
18.274621875025332,200,12.309,
18.280059916432947,200,15.456,
18.292420083191246,200,11.728,
18.30020683305338,200,10.315,
18.310215500183403,200,11.009,
18.32034608302638,200,9.312,
18.33130337530747,200,8.852,
18.344297708012164,200,9.853,
18.350097875110805,200,9.081,
18.364766291342676,200,10.014,
18.370072250254452,200,8.811,
18.382902833167464,200,10.292,
18.390285208355635,200,9.232,
18.400107875000685,200,9.382,
18.414202583022416,200,10.481,
18.42048312537372,200,9.202,
18.43472500005737,200,10.601,
18.4414666662924,200,10.586,
18.45003950037062,200,10.693,
18.46029687533155,200,9.128,
18.470012333244085,200,9.336,
18.480093750171363,200,10.779,
18.49040445825085,200,9.71,
18.50032866606489,200,9.163,
18.514233875088394,200,13.03,
18.52032637502998,200,10.553,
18.530347833409905,200,9.151,
18.543869708199054,200,13.008,
18.55076533323154,200,10.204,
18.561977666337043,200,13.11,
18.570049041416496,200,14.075,
18.58182783331722,200,11.089,
18.59231354109943,200,9.72,
18.601281375158578,200,9.091,
18.61116616614163,200,10.122,
18.62304391618818,200,11.284,
18.63014925038442,200,9.785,
18.644289375282824,200,10.961,
18.65184950036928,200,10.298,
18.660107708070427,200,9.771,
18.670783875044435,200,9.108,
18.68086816603318,200,9.335,
18.69113679137081,200,9.097,
18.70215587504208,200,9.233,
18.710024625062943,200,10.787,
18.720978000201285,200,10.349,
18.730460375081748,200,10.877,
18.741266291122884,200,10.072,
18.754255791194737,200,10.749,
18.76031845808029,200,9.393,
18.774175166152418,200,9.784,
18.780434458050877,200,9.759,
18.79146287543699,200,9.305,
18.80007829144597,200,8.399,
18.812528875190765,200,7.948,
18.820030166301876,200,8.003,
18.832240625284612,200,7.92,
18.84383258316666,200,13.033,
18.85048733325675,200,10.093,
18.862732958048582,200,11.822,
18.87003208324313,200,9.833,
18.881638000253588,200,9.732,
18.890068541280925,200,9.476,
18.900657000020146,200,10.354,
18.910109833348542,200,10.293,
18.920338166411966,200,9.067,
18.934744750149548,200,9.117,
18.940339166205376,200,8.823,
18.950069083366543,200,10.779,
18.960088750347495,200,10.455,
18.970873333048075,200,9.76,
18.98029691632837,200,9.849,
18.993446708191186,200,12.894,
19.00023283343762,200,12.723,
19.010147750377655,200,15.199,
19.022632708307356,200,16.229,
19.03193604107946,200,17.799,
19.040722833015025,200,16.326,
19.05041104136035,200,13.312,
19.060872291214764,200,13.763,
19.072244708426297,200,12.745,
19.080040666274726,200,9.178,
19.09108854131773,200,10.515,
19.10404095845297,200,23.939,
19.110049958340824,200,30.8,
19.12340616621077,200,39.515,
19.132136500440538,200,42.734,
19.1432863753289,200,34.3,
19.150615833234042,200,26.024,
19.162532916292548,200,22.573,
19.170591125264764,200,17.627,
19.180777916219085,200,14.29,
19.19055891642347,200,12.384,
19.202480166219175,200,10.996,
19.210297708399594,200,9.181,
19.2206070413813,200,9.206,
19.234210125170648,200,10.884,
19.241642541252077,200,9.557,
19.251197833102196,200,9.113,
19.26427650032565,200,10.232,
19.27030741609633,200,8.798,
19.28128841612488,200,8.399,
19.290980875026435,200,9.085,
19.301127083133906,200,9.351,
19.312174666207284,200,8.241,
19.321010750252753,200,8.344,
19.331058541312814,200,9.332,
19.340085500385612,200,9.215,
19.354176166001707,200,9.547,
19.361464750021696,200,10.748,
19.371063500177115,200,9.362,
19.380273083224893,200,7.949,
19.39469829108566,200,9.341,
19.400462833233178,200,8.681,
19.410021375399083,200,8.497,
19.42340987501666,200,13.062,
19.431721000000834,200,8.133,
19.440654583275318,200,7.727,
19.450201833155006,200,8.776,
19.461302458308637,200,36.591,
19.47005729144439,200,31.956,
19.48154079122469,200,27.727,
19.492150250356644,200,20.877,
19.50130079127848,200,15.687,
19.51230691606179,200,8.82,
19.52013854123652,200,8.663,
19.53126895800233,200,8.424,
19.541203583125025,200,8.044,
19.55015291646123,200,7.635,
19.564334666356444,200,10.862,
19.57127095805481,200,9.973,
19.58208958338946,200,8.387,
19.591329041402787,200,8.264,
19.60416766628623,200,9.611,
19.610831583384424,200,9.021,
19.620878375135362,200,8.803,
19.631354541052133,200,8.522,
19.640819166321307,200,9.58,
19.650980750098825,200,9.389,
19.66422575013712,200,10.744,
19.67009925004095,200,9.041,
19.680143291130662,200,10.894,
19.690548000391573,200,10.479,
19.701028041075915,200,9.626,
19.71004783315584,200,10.431,
19.724937125109136,200,9.637,
19.73114600032568,200,8.758,
19.744383166078478,200,8.867,
19.7501506251283,200,8.48,
19.761180833447725,200,8.501,
19.77050666604191,200,8.4,
19.784691208042204,200,9.51,
19.79196766624227,200,9.936,
19.80005266610533,200,9.43,
19.810316416434944,200,8.411,
19.82225495809689,200,11.871,
19.830910458229482,200,9.95,
19.840079833287746,200,9.616,
19.854869208298624,200,10.111,
19.861370000056922,200,10.167,
19.8702968750149,200,8.977,
19.880064625293016,200,8.755,
19.8941710004583,200,10.428,
19.90124437538907,200,9.078,
19.910315750166774,200,8.564,
19.92478462541476,200,10.458,
19.930308666080236,200,9.084,
19.94018870824948,200,9.129,
19.950094833038747,200,8.87,
19.96222645835951,200,9.146,
19.970032625366002,200,8.914,
19.984933333005756,200,9.475,
19.991214125417173,200,9.249,
20.00002145813778,200,11.525,
20.010263625066727,200,13.3,
20.02018970809877,200,9.256,
20.030306833330542,200,10.835,
20.040885500144213,200,9.288,
20.050089958123863,200,8.794,
20.0601819162257,200,8.704,
20.07019183319062,200,9.382,
20.082221166230738,200,8.646,
20.09233379131183,200,10.783,
20.10117054125294,200,9.581,
20.110135500319302,200,9.092,
20.12038725009188,200,9.735,
20.13003116613254,200,8.95,
20.144871833268553,200,10.076,
20.15010887524113,200,9.04,
20.160205958411098,200,8.878,
20.171307166107,200,9.257,
20.18051154119894,200,8.496,
20.19019450014457,200,9.016,
20.20013550017029,200,9.123,
20.210063958074898,200,9.819,
20.222308833152056,200,10.565,
20.230238375253975,200,11.231,
20.244804083369672,200,10.709,
20.25177750037983,200,9.701,
20.26076487544924,200,9.662,
20.270272416062653,200,9.179,
20.281121916137636,200,9.28,
20.290283750277013,200,9.063,
20.302915208041668,200,10.482,
20.310014666058123,200,9.993,
20.32312929118052,200,10.437,
20.330494166351855,200,9.461,
20.342305291444063,200,9.178,
20.353100666310638,200,9.835,
20.360011416021734,200,9.513,
20.37024270836264,200,11.191,
20.38077124999836,200,10.129,
20.390260208398104,200,10.123,
20.401949166320264,200,10.278,
20.410853000357747,200,9.92,
20.420058750081807,200,10.918,
20.430105208419263,200,15.487,
20.440804625395685,200,15.806,
20.454441083129495,200,17.602,
20.460099916439503,200,15.73,
20.470169625245035,200,9.409,
20.48223370825872,200,8.831,
20.491703666280955,200,7.986,
20.50033508334309,200,7.944,
20.514791208319366,200,9.52,
20.520692333113402,200,9.674,
20.530300250276923,200,9.705,
20.54089554119855,200,9.063,
20.551006333436817,200,9.765,
20.560472750104964,200,8.734,
20.570363083388656,200,8.23,
20.581225500442088,200,8.448,
20.59133766638115,200,8.666,
20.601032166276127,200,8.836,
20.611068083439022,200,8.51,
20.62074683327228,200,8.79,
20.630396833177656,200,8.849,
20.64285916602239,200,8.59,
20.65145462518558,200,8.853,
20.660289625171572,200,8.48,
20.67127304105088,200,8.878,
20.680018541403115,200,9.34,
20.69237441616133,200,9.307,
20.700924000237137,200,9.673,
20.710031958296895,200,9.023,
20.720192625187337,200,8.65,
20.734266666229814,200,9.208,
20.74015725031495,200,8.766,
20.75024783331901,200,8.126,
20.760096750222147,200,8.52,
20.774891291279346,200,9.711,
20.78014058340341,200,10.439,
20.79110825015232,200,9.758,
20.800024750176817,200,10.25,
20.810157750267535,200,18.528,
20.820089833345264,200,17.776,
20.83430679142475,200,12.769,
20.84270237525925,200,13.683,
20.850220875348896,200,14.548,
20.86003595823422,200,11.707,
20.870164041407406,200,13.512,
20.880212708376348,200,10.124,
20.890220791101456,200,9.342,
20.901335625443608,200,13.23,
20.910892791114748,200,9.536,
20.920122500043362,200,8.927,
20.93061620835215,200,8.769,
20.9410995002836,200,9.19,
20.950073915999383,200,8.821,
20.964136000256985,200,9.906,
20.97113750036806,200,8.647,
20.984139166306704,200,9.531,
20.990187583025545,200,9.104,
21.000576791353524,200,9.99,
21.010286416392773,200,9.159,
21.020622166339308,200,8.673,
21.033091250341386,200,8.615,
21.041118583176285,200,9.882,
21.05333204101771,200,8.783,
21.06050670845434,200,8.996,
21.070326666347682,200,9.976,
21.084321500267833,200,10.075,
21.090189833194017,200,10.095,
21.10426729125902,200,8.782,
21.110232333187014,200,11.823,
21.12034508306533,200,10.747,
21.131057500373572,200,26.687,
21.140627458225936,200,24.053,
21.151495166122913,200,18.518,
21.16022325027734,200,12.942,
21.170257666148245,200,11.228,
21.180189916398376,200,11.062,
21.192031791433692,200,11.369,
21.200105958152562,200,9.162,
21.21033720811829,200,8.364,
21.22472450044006,200,9.283,
21.23062725039199,200,8.534,
21.24464966636151,200,9.163,
21.251045000273734,200,9.63,
21.26003187522292,200,9.907,
21.27067545801401,200,14.478,
21.280277166049927,200,14.426,
21.290200291201472,200,11.436,
21.300024875439703,200,9.581,
21.31226204102859,200,8.621,
21.32019833335653,200,9.077,
21.33427095832303,200,10.81,
21.34020487545058,200,11.396,
21.351021375041455,200,23.938,
21.362296708393842,200,14.833,
21.372620583046228,200,11.797,
21.380560958292335,200,9.558,
21.394362166058272,200,10.378,
21.40220137545839,200,10.646,
21.41046491637826,200,10.275,
21.422200000379235,200,10.22,
21.430333458352834,200,8.975,
21.440028666052967,200,9.189,
21.450093708001077,200,10.172,
21.460393000394106,200,8.806,
21.4746879581362,200,14.362,
21.480225666426122,200,13.434,
21.494766833260655,200,9.632,
21.502192583400756,200,9.469,
21.511894875206053,200,8.658,
21.520880583208054,200,10.081,
21.53293408313766,200,14.578,
21.54187187505886,200,11.593,
21.550027458462864,200,9.029,
21.56487016612664,200,10.08,
21.571330458391458,200,8.913,
21.580120041035116,200,8.4,
21.594880666118115,200,17.612,
21.600472166202962,200,19.464,
21.610479791183025,200,13.548,
21.621628458146006,200,10.945,
21.63180729141459,200,9.316,
21.643976958002895,200,9.999,
21.650767750106752,200,9.081,
21.662305250298232,200,8.525,
21.67031104117632,200,9.109,
21.68189345812425,200,9.998,
21.690281458199024,200,12.096,
21.703153083100915,200,12.378,
21.710928083397448,200,11.123,
21.721860750112683,200,19.151,
21.734122208319604,200,14.166,
21.74011395825073,200,11.334,
21.752297583036125,200,9.256,
21.760075458325446,200,10.072,
21.7700247913599,200,8.41,
21.78116612508893,200,10.685,
21.79114329116419,200,9.799,
21.80231750011444,200,11.22,
21.811007166281343,200,9.955,
21.82434216607362,200,11.226,
21.831184583250433,200,10.834,
21.840429375413805,200,10.403,
21.85002754116431,200,9.482,
21.864836583379656,200,10.988,
21.870914583094418,200,10.183,
21.880561750382185,200,10.537,
21.890343041159213,200,9.732,
21.90010125003755,200,9.064,
21.911164333112538,200,7.375,
21.920091333333403,200,10.142,
21.93117941636592,200,8.694,
21.941091916058213,200,9.001,
21.95083333319053,200,8.207,
21.961138208396733,200,8.42,
21.970528750214726,200,10.387,
21.980092458426952,200,14.076,
21.99038862530142,200,9.821,
22.000306791160256,200,8.599,
22.012028000317514,200,10.292,
22.02019204106182,200,9.42,
22.03023570822552,200,8.752,
22.04482570802793,200,9.939,
22.050010291393846,200,9.044,
22.06012566620484,200,19.353,
22.072321208193898,200,12.583,
22.08060854114592,200,9.187,
22.09231337532401,200,10.34,
22.10072962520644,200,9.71,
22.11063687503338,200,9.083,
22.124594625085592,200,10.25,
22.132596583105624,200,11.248,
22.14362608315423,200,15.403,
22.15089275036007,200,32.339,
22.162368666380644,200,25.07,
22.170040666125715,200,20.919,
22.180400333367288,200,15.443,
22.190814041066915,200,14.398,
22.201072958298028,200,16.664,
22.210790125187486,200,17.631,
22.221727708354592,200,16.125,
22.230420125182718,200,26.29,
22.240550708025694,200,47.759,
22.257297500036657,200,36.956,
22.260218291077763,200,33.456,
22.27116462541744,200,26.245,
22.280173041392118,200,19.238,
22.291123166214675,200,11.154,
22.300032708328217,200,9.601,
22.310946208424866,200,10.56,
22.32002016622573,200,8.247,
22.331170791294426,200,7.555,
22.342183291446418,200,8.655,
22.350196125451475,200,8.664,
22.36482466617599,200,10.351,
22.371985250152647,200,11.241,
22.380270500201732,200,8.384,
22.39477516617626,200,9.824,
22.401119833346456,200,8.359,
22.410376250278205,200,8.985,
22.422182500362396,200,9.394,
22.430265041068196,200,8.943,
22.442498208023608,200,9.162,
22.450738958083093,200,10.641,
22.4620007914491,200,9.028,
22.47329645836726,200,8.538,
22.480040000285953,200,9.321,
22.490333208348602,200,9.091,
22.501083708368242,200,8.74,
22.514381375163794,200,10.258,
22.520213041454554,200,8.917,
22.531277041416615,200,9.47,
22.540178458206356,200,9.269,
22.55102250026539,200,11.673,
22.560980208218098,200,9.378,
22.57047158339992,200,8.486,
22.580033166334033,200,10.362,
22.59087208332494,200,10.859,
22.602889000438154,200,11.468,
22.61042695818469,200,11.231,
22.620969666168094,200,9.667,
22.630487125366926,200,9.213,
22.640432375017554,200,9.346,
22.650101583451033,200,11.514,
22.660796291194856,200,9.112,
22.67013591621071,200,8.399,
22.683917125221342,200,9.179,
22.690983125008643,200,9.738,
22.700093166437,200,8.765,
22.713158916216344,200,13.07,
22.72130529116839,200,14.899,
22.73198025021702,200,14.736,
22.740054625086486,200,12.537,
22.750187125056982,200,10.385,
22.760416416451335,200,8.055,
22.774665208067745,200,9.193,
22.78033325029537,200,9.759,
22.790060250088573,200,11.06,
22.80034637544304,200,10.236,
22.81050212541595,200,12.599,
22.820408083032817,200,9.471,
22.83079162519425,200,7.986,
22.844559958204627,200,9.002,
22.850304250139743,200,8.382,
22.863186583388597,200,11.655,
22.870090916287154,200,8.509,
22.88487233314663,200,9.623,
22.890108708292246,200,8.63,
22.900323875248432,200,8.921,
22.910200708080083,200,10.46,
22.920184375252575,200,8.621,
22.93011683318764,200,9.095,
22.940300666261464,200,8.866,
22.950206333305687,200,11.249,
22.960133583284914,200,9.243,
22.97038916638121,200,10.001,
22.98010104103014,200,8.866,
22.994848833419383,200,10.807,
23.00099941622466,200,11.01,
23.010950208175927,200,12.667,
23.02004679106176,200,9.314,
23.03109487518668,200,12.224,
23.040088375099003,200,10.431,
23.050909541081637,200,9.711,
23.061950791161507,200,15.718,
23.0706275831908,200,14.316,
23.0806989162229,200,13.687,
23.091439416166395,200,14.202,
23.100257250014693,200,10.716,
23.11022691614926,200,11.723,
23.1202262500301,200,9.979,
23.13028325000778,200,9.935,
23.140142833348364,200,9.262,
23.154785791411996,200,13.02,
23.161187291145325,200,10.338,
23.170109416358173,200,9.052,
23.180138666182756,200,7.865,
23.192210000008345,200,8.554,
23.200362250208855,200,11.547,
23.212844333145767,200,8.633,
23.22010379144922,200,8.839,
23.234067083336413,200,11.088,
23.241230083163828,200,8.652,
23.25089208316058,200,8.301,
23.260040416382253,200,9.543,
23.27130287513137,200,8.862,
23.284189666155726,200,14.643,
23.291875208262354,200,12.819,
23.3010932081379,200,10.355,
23.31267962511629,200,9.149,
23.321125625167042,200,8.757,
23.333814875222743,200,10.132,
23.342279291246086,200,10.072,
23.35122370813042,200,9.628,
23.360147416125983,200,9.347,
23.370553458109498,200,8.772,
23.381089541129768,200,8.521,
23.39106870815158,200,9.051,
23.40010533342138,200,9.578,
23.41340145841241,200,8.857,
23.420090958010405,200,9.208,
23.434901458211243,200,9.511,
23.441133541055024,200,11.861,
23.452415458392352,200,9.912,
23.46366766607389,200,11.208,
23.470122208353132,200,10.166,
23.48017591610551,200,9.346,
23.490494708064944,200,9.08,
23.50055120838806,200,8.858,
23.51221854100004,200,9.082,
23.52222550008446,200,8.977,
23.533222625032067,200,10.058,
23.540192125365138,200,9.334,
23.55074558313936,200,9.755,
23.560325000435114,200,9.824,
23.57125079119578,200,9.883,
23.580424000043422,200,13.762,
23.59263016609475,200,11.348,
23.60296225035563,200,11.01,
23.610151333268732,200,9.427,
23.6205075411126,200,9.157,
23.630147125106305,200,10.348,
23.644854625221342,200,11.143,
23.65247833309695,200,11.481,
23.661549833137542,200,13.423,
23.670318000018597,200,12.003,
23.68016929132864,200,16.871,
23.690227250102907,200,17.414,
23.70045766606927,200,14.331,
23.71048583323136,200,15.747,
23.720386000350118,200,11.24,
23.731081625446677,200,9.256,
23.740024333354086,200,8.636,
23.750856166239828,200,10.649,
23.760058041196316,200,14.026,
23.77021004119888,200,10.573,
23.780029708053917,200,12.403,
23.791875750292093,200,13.827,
23.800329416058958,200,10.804,
23.814672500360757,200,11.93,
23.82002987526357,200,9.101,
23.83020812505856,200,8.454,
23.84009062545374,200,7.605,
23.854911708272994,200,9.474,
23.860319833271205,200,8.088,
23.870221791323274,200,9.958,
23.88351804111153,200,9.126,
23.891932666301727,200,9.202,
23.901012666057795,200,8.71,
23.911333666183054,200,7.736,
23.92112912517041,200,7.603,
23.930023583117872,200,7.295,
23.940116750076413,200,8.309,
23.952137666288763,200,9.706,
23.9612373332493,200,8.703,
23.970979458186775,200,8.411,
23.982206708285958,200,8.137,
23.990187083370984,200,8.472,
24.004829000215977,200,10.258,
24.01110400026664,200,11.399,
24.021520166192204,200,9.848,
24.03252337500453,200,9.924,
24.04010708304122,200,9.714,
24.050879541318864,200,8.959,
24.063093000091612,200,8.996,
24.07053245836869,200,9.042,
24.08045541634783,200,9.525,
24.09084879141301,200,8.959,
24.102484416216612,200,8.873,
24.110099291428924,200,9.401,
24.12042541615665,200,8.556,
24.13348783319816,200,9.465,
24.1410877504386,200,9.097,
24.15105529129505,200,9.756,
24.160008166451007,200,8.587,
24.172177666332573,200,8.836,
24.181906125042588,200,8.874,
24.19021200016141,200,15.993,
24.200046041049063,200,11.299,
24.214821125380695,200,10.384,
24.220334875397384,200,9.53,
24.23121616616845,200,10.122,
24.244321125093848,200,10.369,
24.25023579131812,200,9.577,
24.26454820809886,200,10.612,
24.271338375285268,200,9.613,
24.28075012518093,200,10.579,
24.291274500079453,200,9.147,
24.30054441606626,200,9.116,
24.310754750389606,200,9.438,
24.32129554124549,200,9.142,
24.33117129141465,200,9.333,
24.340363833121955,200,9.097,
24.350476208142936,200,8.998,
24.361135750077665,200,9.886,
24.370916333049536,200,9.384,
24.380209708120674,200,9.422,
24.390493833459914,200,8.822,
24.40025895833969,200,9.342,
24.41086316620931,200,14.811,
24.420711250044405,200,11.848,
24.43054262502119,200,10.097,
24.440476541407406,200,10.339,
24.451054958160967,200,9.11,
24.461018791422248,200,9.248,
24.47011579107493,200,8.574,
24.484871791210026,200,11.565,
24.491248041391373,200,11.873,
24.503018958028406,200,9.999,
24.51057270821184,200,10.427,
24.521115666255355,200,9.538,
24.530031791422516,200,15.599,
24.54038554104045,200,13.303,
24.551219625398517,200,10.803,
24.56024737516418,200,9.26,
24.57397558307275,200,9.591,
24.58079900033772,200,9.165,
24.59455004101619,200,10.082,
24.600311416201293,200,9.892,
24.611218833364546,200,12.304,
24.620079208165407,200,9.843,
24.63440175028518,200,10.485,
24.641297625377774,200,10.727,
24.650050000287592,200,10.788,
24.660024750046432,200,11.217,
24.67009004112333,200,10.379,
24.680051958188415,200,9.911,
24.694867083337158,200,10.443,
24.70154712535441,200,10.865,
24.710309833288193,200,9.731,
24.72381175030023,200,10.169,
24.73029795801267,200,9.243,
24.741113333031535,200,9.091,
24.750068000052124,200,9.215,
24.764937666244805,200,10.2,
24.772011125460267,200,9.783,
24.780942000448704,200,10.6,
24.79003879101947,200,10.551,
24.800307125318795,200,10.816,
24.81028312537819,200,10.266,
24.820322916377336,200,9.433,
24.830742583144456,200,10.778,
24.841250625438988,200,10.993,
24.850297541357577,200,12.438,
24.86098145833239,200,11.53,
24.87007037503645,200,10.567,
24.88411858305335,200,9.843,
24.89199054101482,200,13.084,
24.90191491600126,200,9.679,
24.910278625320643,200,10.078,
24.92018087534234,200,27.99,
24.933315083384514,200,17.547,
24.942563916090876,200,11.609,
24.950163833331317,200,9.886,
24.963206166401505,200,11.8,
24.970033416058868,200,8.461,
24.980157708283514,200,8.801,
24.991868916433305,200,9.499,
25.000561791006476,200,9.885,
25.014139416161925,200,9.268,
25.021435000002384,200,8.615,
25.0310185411945,200,9.719,
25.040060666389763,200,8.397,
25.05489275045693,200,10.255,
25.060308875050396,200,8.14,
25.07479533320293,200,12.249,
25.080360416322947,200,11.457,
25.090334000065923,200,9.117,
25.100231250282377,200,8.822,
25.110177166294307,200,8.399,
25.12321695825085,200,9.685,
25.131045125424862,200,8.791,
25.144115916453302,200,9.936,
25.151085791178048,200,9.425,
25.16035533323884,200,8.82,
25.172406583093107,200,8.836,
25.18075375026092,200,8.685,
25.190452750306576,200,8.581,
25.20220729103312,200,8.29,
25.210364833008498,200,8.708,
25.224755458068103,200,9.508,
25.23087075026706,200,8.97,
25.24230020819232,200,10.981,
25.250159833114594,200,9.378,
25.26059754146263,200,10.084,
25.271842833142728,200,8.993,
25.281369833275676,200,9.577,
25.292236083187163,200,9.539,
25.300744500011206,200,10.398,
25.311115000396967,200,10.893,
25.321809041313827,200,14.131,
25.33254075003788,200,16.586,
25.343401041347533,200,15.035,
25.35026783309877,200,10.531,
25.361329625360668,200,12.166,
25.370869666337967,200,10.458,
25.380070583429188,200,9.449,
25.390292833093554,200,9.406,
25.400146125350147,200,9.261,
25.41051987512037,200,8.815,
25.421139750164002,200,9.489,
25.430016625206918,200,9.486,
25.442133250180632,200,9.353,
25.451129666063935,200,9.215,
25.464270750060678,200,9.645,
25.470247250050306,200,9.129,
25.48232433339581,200,9.362,
25.490131083410233,200,10.768,
25.500705833081156,200,9.324,
25.5144831254147,200,10.047,
25.521479041315615,200,11.696,
25.534129083156586,200,10.212,
25.540056083351374,200,9.555,
25.55038791615516,200,8.833,
25.564745625015348,200,8.89,
25.57196091627702,200,8.792,
25.580115250311792,200,10.146,
25.590040166396648,200,9.571,
25.60481116641313,200,10.267,
25.61130933323875,200,9.525,
25.621312333270907,200,12.501,
25.63187662512064,200,11.401,
25.640547458082438,200,10.343,
25.650430250447243,200,8.997,
25.660523833241314,200,8.262,
25.670020666439086,200,7.95,
25.680294166319072,200,8.122,
25.690061916131526,200,10.519,
25.70266087539494,200,12.631,
25.711041000206023,200,14.754,
25.720524875447154,200,9.275,
25.731032791081816,200,11.094,
25.74018312525004,200,11.559,
25.751555708236992,200,13.914,
25.760155166033655,200,10.211,
25.77034645806998,200,9.283,
25.78468425013125,200,9.777,
25.79253925010562,200,12.766,
25.800277500413358,200,13.228,
25.81037929141894,200,12.609,
25.82035854132846,200,16.535,
25.83031537523493,200,16.104,
25.84123900020495,200,10.249,
25.85024679126218,200,9.028,
25.86011541634798,200,8.652,
25.872305333148688,200,9.105,
25.880892250221223,200,8.484,
25.890329083427787,200,8.358,
25.903498500119895,200,9.512,
25.91011833306402,200,9.756,
25.922632666304708,200,8.395,
25.930250666104257,200,8.48,
25.940983958076686,200,9.873,
25.95229912502691,200,9.426,
25.96006012521684,200,11.147,
25.97472087526694,200,10.624,
25.981207208242267,200,9.323,
25.991556250024587,200,8.959,
26.00026245834306,200,9.125,
26.01044287532568,200,9.162,
26.020170875359327,200,8.826,
26.03133879136294,200,8.573,
26.040896375197917,200,8.594,
26.05036195833236,200,9.361,
26.064553416334093,200,10.376,
26.07156450022012,200,9.415,
26.084154833108187,200,11.465,
26.091208124998957,200,9.118,
26.100057625211775,200,9.339,
26.111326583195478,200,9.067,
26.120150791015476,200,9.06,
26.13017687527463,200,10.883,
26.140160750132054,200,9.38,
26.15142087545246,200,9.419,
26.160268208011985,200,9.594,
26.17082712519914,200,9.086,
26.1844740412198,200,9.942,
26.190902583301067,200,8.843,
26.200925208162516,200,8.716,
26.210528291296214,200,9.49,
26.220934291370213,200,11.468,
26.23216220829636,200,10.196,
26.24005491612479,200,10.381,
26.250321708153933,200,10.276,
26.260014791041613,200,13.283,
26.27011308306828,200,9.729,
26.28093900019303,200,11.242,
26.291584166232497,200,9.586,
26.304031166248024,200,10.173,
26.310383750125766,200,9.53,
26.321266583167017,200,9.227,
26.33061520801857,200,9.62,
26.340074208099395,200,9.244,
26.350276125129312,200,9.084,
26.36264070821926,200,10.04,
26.373410208150744,200,11.005,
26.3812147914432,200,9.57,
26.39020370831713,200,9.432,
26.40443987539038,200,11.297,
26.41165450029075,200,11.259,
26.420207208022475,200,11.714,
26.430134875234216,200,10.564,
26.44229150004685,200,14.035,
26.451824500225484,200,13.225,
26.46092329127714,200,12.861,
26.474343500100076,200,10.032,
26.480816333089024,200,9.132,
26.490847666282207,200,11.295,
26.504347583279014,200,9.607,
26.512063916306943,200,9.471,
26.521353125106543,200,9.998,
26.530179791152477,200,10.284,
26.540104833431542,200,9.316,
26.55395304132253,200,10.203,
26.56106008309871,200,10.738,
26.5742573752068,200,10.145,
26.580504541285336,200,8.965,
26.59141366602853,200,13.455,
26.602302083279938,200,12.214,
26.610290666110814,200,10.09,
26.621319458354264,200,8.901,
26.63016941631213,200,9.2,
26.644069250207394,200,10.182,
26.650364166125655,200,9.471,
26.6612619580701,200,9.153,
26.670243291184306,200,9.288,
26.68478300003335,200,10.073,
26.69208191614598,200,11.94,
26.70021495828405,200,9.045,
26.710199708119035,200,8.944,
26.722313250415027,200,9.333,
26.730187375098467,200,9.223,
26.74314554128796,200,9.007,
26.750421500299126,200,9.556,
26.76474625011906,200,9.831,
26.771170708350837,200,9.658,
26.780626208055764,200,9.129,
26.794643291272223,200,10.333,
26.801202000118792,200,13.246,
26.81079391622916,200,8.997,
26.820973958354443,200,10.615,
26.830198541283607,200,10.822,
26.84202441619709,200,8.909,
26.851081625092775,200,9.47,
26.860761208459735,200,10.935,
26.870203250087798,200,10.308,
26.880042833276093,200,9.372,
26.892264458350837,200,9.538,
26.900380625389516,200,9.593,
26.91175766615197,200,9.851,
26.920082333032042,200,9.534,
26.93233475042507,200,8.538,
26.940118166152388,200,8.368,
26.953201541211456,200,11.037,
26.960043833125383,200,10.404,
26.970985083375126,200,9.713,
26.980156583245844,200,10.738,
26.990086416248232,200,9.918,
27.001110583078116,200,9.573,
27.01165175018832,200,8.513,
27.02089750021696,200,8.17,
27.03008925030008,200,10.372,
27.040223041083664,200,8.394,
27.054757291451097,200,9.585,
27.060837666038424,200,10.202,
27.070887041278183,200,10.102,
27.080248166341335,200,9.135,
27.09059066604823,200,9.836,
27.10019770823419,200,8.642,
27.111312041059136,200,10.5,
27.120066500268877,200,12.144,
27.13062583329156,200,10.232,
27.141260500065982,200,8.606,
27.150873666163534,200,12.357,
27.160080208443105,200,13.459,
27.170095375273377,200,9.561,
27.184818333014846,200,9.789,
27.191017041448504,200,9.258,
27.204423416405916,200,10.232,
27.210791416000575,200,10.691,
27.22026391606778,200,9.052,
27.232200333382934,200,12.477,
27.24382208334282,200,9.858,
27.25294845830649,200,9.829,
27.26009791623801,200,10.168,
27.27001529140398,200,8.689,
27.28486470831558,200,10.998,
27.290131458081305,200,8.585,
27.30210941610858,200,9.22,
27.311042125336826,200,9.393,
27.320377750322223,200,8.605,
27.330090125091374,200,8.999,
27.344914583023638,200,9.891,
27.35163916600868,200,8.746,
27.360244708135724,200,8.269,
27.374819250311702,200,9.033,
27.380547750275582,200,8.654,
27.39232604112476,200,11.774,
27.400385708082467,200,10.117,
27.41053625009954,200,9.805,
27.42007370805368,200,8.867,
27.430017875041813,200,8.554,
27.444948125164956,200,10.591,
27.452093625441194,200,10.186,
27.460438958369195,200,9.086,
27.47042483324185,200,8.859,
27.480050291400403,200,9.342,
27.49099045805633,200,9.693,
27.50029791612178,200,9.292,
27.510774708352983,200,9.498,
27.520107666030526,200,8.937,
27.533113583456725,200,9.869,
27.54085437534377,200,10.405,
27.551034041214734,200,9.223,
27.56017995811999,200,8.483,
27.57477929117158,200,13.355,
27.580037041101605,200,12.38,
27.59493041643873,200,9.972,
27.600052958354354,200,9.399,
27.610424208454788,200,9.578,
27.62124454136938,200,9.119,
27.630173458252102,200,9.402,
27.64013741631061,200,8.943,
27.652730416040868,200,10.26,
27.66116233309731,200,9.715,
27.67011275002733,200,10.035,
27.681107375305146,200,9.999,
27.690409125294536,200,10.208,
27.70471516624093,200,10.6,
27.71018462534994,200,9.053,
27.720219750422984,200,10.798,
27.73001050017774,200,10.441,
27.74002612521872,200,8.956,
27.754931750241667,200,9.585,
27.761778166051954,200,8.922,
27.770147916395217,200,8.83,
27.784868291113526,200,9.276,
27.790883500128984,200,9.519,
27.800520916003734,200,9.232,
27.81157754128799,200,10.436,
27.82002208335325,200,11.144,
27.830310833174735,200,11.577,
27.840070666279644,200,13.875,
27.850298833101988,200,11.85,
27.864403125364333,200,9.485,
27.870665000285953,200,8.484,
27.882295958232135,200,10.062,
27.890889750327915,200,9.938,
27.90006591612473,200,10.148,
27.91105675045401,200,9.39,
27.920180750079453,200,8.563,
27.931305250152946,200,12.307,
27.94003679137677,200,10.466,
27.95025495812297,200,8.754,
27.962119750212878,200,9.141,
27.97122870804742,200,8.642,
27.98230891628191,200,9.492,
27.99027887545526,200,10.231,
28.000916875433177,200,9.092,
28.01096275029704,200,9.344,
28.02015316626057,200,8.839,
28.03212916618213,200,8.879,
28.041330666281283,200,8.305,
28.05044375034049,200,8.768,
28.064677625428885,200,9.72,
28.070744041353464,200,8.468,
28.084543083328754,200,9.786,
28.090850375127047,200,9.334,
28.10231470828876,200,8.297,
28.110071166418493,200,8.434,
28.120080208405852,200,8.283,
28.13157504145056,200,9.528,
28.140313416253775,200,10.596,
28.15365658327937,200,11.695,
28.161303708329797,200,9.671,
28.170926666352898,200,9.53,
28.18040525028482,200,8.722,
28.190065750386566,200,8.907,
28.20088820811361,200,11.988,
28.210413624998182,200,10.298,
28.22001108340919,200,10.267,
28.233417083043605,200,10.038,
28.240016791038215,200,11.212,
28.25478154141456,200,10.365,
28.261318208184093,200,8.642,
28.2709781662561,200,8.558,
28.284456458408386,200,13.675,
28.292135500349104,200,9.391,
28.30024845805019,200,8.874,
28.310022125020623,200,8.586,
28.320157000329345,200,9.341,
28.334828791208565,200,9.934,
28.340246458072215,200,9.59,
28.350207375362515,200,9.148,
28.361078125424683,200,8.974,
28.370862166397274,200,9.182,
28.38022141624242,200,8.663,
28.394798833411187,200,10.354,
28.400159583427012,200,9.468,
28.41009704116732,200,9.286,
28.42109620803967,200,9.331,
28.430299625266343,200,10.736,
28.441880750004202,200,9.237,
28.451327708084136,200,9.26,
28.46019654115662,200,10.208,
28.470327000133693,200,8.915,
28.481095375027508,200,8.873,
28.490946791134775,200,15.336,
28.500343083404005,200,16.427,
28.511014791205525,200,9.705,
28.522482333239168,200,8.974,
28.530127458274364,200,11.568,
28.543152375146747,200,9.996,
28.550195625051856,200,8.936,
28.56029091635719,200,8.454,
28.57128420844674,200,8.964,
28.580067875329405,200,9.471,
28.590237125288695,200,9.144,
28.600231666117907,200,9.563,
28.612072916235775,200,11.216,
28.62051570834592,200,11.691,
28.633181875105947,200,14.738,
28.641212666407228,200,12.674,
28.650863708462566,200,27.001,
28.662711000069976,200,16.602,
28.671901000197977,200,13.799,
28.68261233344674,200,13.404,
28.69361904123798,200,13.661,
28.70031033316627,200,11.124,
28.710104083176702,200,10.503,
28.720368000213057,200,9.962,
28.730198125354946,200,9.067,
28.7403777083382,200,10.722,
28.750256333034486,200,9.122,
28.763181041460484,200,9.828,
28.77101270807907,200,15.017,
28.78103220835328,200,8.967,
28.790041708387434,200,8.829,
28.80489758308977,200,10.678,
28.81142145814374,200,10.563,
28.820016833022237,200,9.535,
28.831031291279942,200,8.911,
28.84095983300358,200,12.965,
28.850053166039288,200,9.32,
28.860450708307326,200,8.502,
28.874710166361183,200,13.057,
28.880961458198726,200,10.385,
28.890819708351046,200,9.007,
28.90381162520498,200,9.575,
28.91014300007373,200,8.907,
28.92090700007975,200,10.229,
28.9300945000723,200,9.395,
28.94134641624987,200,9.229,
28.951147041283548,200,9.352,
28.960314750205725,200,10.559,
28.970069916453212,200,9.655,
28.983122583013028,200,9.87,
28.99000837514177,200,8.958,
29.004931083414704,200,12.174,
29.010611583013088,200,9.694,
29.021275958046317,200,9.743,
29.0305135413073,200,9.896,
29.040169375017285,200,11.579,
29.050985125359148,200,11.603,
29.06010679109022,200,10.616,
29.070061875041574,200,9.27,
29.080014875158668,200,9.765,
29.094942833296955,200,10.694,
29.101332625374198,200,10.937,
29.11023325007409,200,10.091,
29.120052583049983,200,9.889,
29.133580083027482,200,10.952,
29.14054995821789,200,9.435,
29.152277208399028,200,10.717,
29.162821208126843,200,15.844,
29.173330125398934,200,26.666,
29.180066250264645,200,28.987,
29.192959708161652,200,22.87,
29.20298191625625,200,18.589,
29.211707208305597,200,26.957,
29.22020341642201,200,29.843,
29.231613791082054,200,22.625,
29.24125566612929,200,18.575,
29.250977375078946,200,16.412,
29.26053445832804,200,11.19,
29.270993958227336,200,10.691,
29.280771208461374,200,8.983,
29.29406225029379,200,11.312,
29.300225416198373,200,8.629,
29.313382500316948,200,8.212,
29.3209535414353,200,8.539,
29.334425083361566,200,9.774,
29.340524416416883,200,8.798,
29.35018029110506,200,10.242,
29.360086291097105,200,11.26,
29.370088333263993,200,9.242,
29.380494791083038,200,8.266,
29.39470341615379,200,9.843,
29.400260041002184,200,10.137,
29.410336416214705,200,10.035,
29.420185166411102,200,8.416,
29.434746916405857,200,9.279,
29.44081529136747,200,9.486,
29.452196500264108,200,9.473,
29.460046041291207,200,9.883,
29.4748264583759,200,10.576,
29.481113000307232,200,8.721,
29.491301583126187,200,8.516,
29.500935041345656,200,11.584,
29.510297208093107,200,10.016,
29.52022154117003,200,11.624,
29.53137974999845,200,9.214,
29.54001725045964,200,9.673,
29.551299333106726,200,9.707,
29.56030062539503,200,15.865,
29.571934500243515,200,15.797,
29.580033875070512,200,12.475,
29.590373625047505,200,12.013,
29.602285291068256,200,10.896,
29.610952833201736,200,11.856,
29.620712250005454,200,8.987,
29.631004500202835,200,8.433,
29.64034583326429,200,8.77,
29.650124291423708,200,9.471,
29.66094445809722,200,8.978,
29.670867041219026,200,8.729,
29.68005441641435,200,8.439,
29.692126500420272,200,12.231,
29.70036333333701,200,9.822,
29.71014920808375,200,10.497,
29.72048629121855,200,9.724,
29.73019037535414,200,9.189,
29.740257166326046,200,8.816,
29.751296583097428,200,9.101,
29.760197416413575,200,9.045,
29.770152458455414,200,8.633,
29.781570291146636,200,11.746,
29.790575666353106,200,10.909,
29.803488375153393,200,10.057,
29.812710500322282,200,11.392,
29.823474041186273,200,9.547,
29.830371000338346,200,9.861,
29.840219541452825,200,9.539,
29.852320875041187,200,11.446,
29.860249375458807,200,10.553,
29.870160333346575,200,9.452,
29.88131770817563,200,9.109,
29.8902997081168,200,9.049,
29.900364333298057,200,9.492,
29.912232333328575,200,11.475,
29.920148416422307,200,10.379,
29.930898708291352,200,8.923,
29.94090300006792,200,8.763,
29.95093470811844,200,9.605,
29.960122166201472,200,8.743,
29.972745958250016,200,9.654,
29.980122750159353,200,11.885,
29.99299829127267,200,10.329,
30.000855833292007,200,11.481,
30.011239625047892,200,12.619,
30.022034000139683,200,11.789,
30.03011041600257,200,10.039,
30.041105875279754,200,8.512,
30.050440500024706,200,8.393,
30.062062250450253,200,10.131,
30.07005187543109,200,11.788,
30.08001458318904,200,10.117,
30.090058708097786,200,8.772,
30.10206808336079,200,9.535,
30.11016804119572,200,8.709,
30.124885166063905,200,10.535,
30.13040716620162,200,9.119,
30.140622958075255,200,9.981,
30.15030225040391,200,10.519,
30.160707875154912,200,9.585,
30.170291583053768,200,8.439,
30.184735250193626,200,13.077,
30.192537166178226,200,10.133,
30.200954250060022,200,10.966,
30.210271832998842,200,10.226,
30.221239333041012,200,10.202,
30.23008745815605,200,10.834,
30.240026916377246,200,9.261,
30.250117416027933,200,10.762,
30.26213087514043,200,9.815,
30.270364708267152,200,10.452,
30.28010275028646,200,9.302,
30.291078166104853,200,8.079,
30.300042708404362,200,8.335,
30.312617916148156,200,10.162,
30.32131070829928,200,9.39,
30.330195041373372,200,9.045,
30.34013354126364,200,9.788,
30.35007791640237,200,10.85,
30.363208333030343,200,9.701,
30.370852708350867,200,10.759,
30.380098125431687,200,11.963,
30.390022666193545,200,10.109,
30.400379250291735,200,8.461,
30.414699875283986,200,8.646,
30.421872416045517,200,9.849,
30.431977750267833,200,9.946,
30.440354583319277,200,10.141,
30.4546577911824,200,10.976,
30.4600428333506,200,9.936,
30.470122666098177,200,8.413,
30.484869708307087,200,10.994,
30.490867166314274,200,10.535,
30.501152000389993,200,8.622,
30.51086883340031,200,8.439,
30.523560541216284,200,9.484,
30.530169166158885,200,11.074,
30.540358750149608,200,9.398,
30.554202208295465,200,10.451,
30.56030312506482,200,11.161,
30.57034929143265,200,10.694,
30.580850958358496,200,16.66,
30.59007462533191,200,11.1,
30.60071066627279,200,9.097,
30.611555833369493,200,15.737,
30.620031166356057,200,14.115,
30.630506333429366,200,10.301,
30.640034625306726,200,9.287,
30.65133058326319,200,9.245,
30.66164187528193,200,8.957,
30.670306916348636,200,8.438,
30.683224458247423,200,9.726,
30.69058245839551,200,9.657,
30.700050875078887,200,8.893,
30.710032833274454,200,8.477,
30.72491595800966,200,11.016,
30.731244333088398,200,13.545,
30.740175208076835,200,10.303,
30.75002258317545,200,9.396,
30.76021495833993,200,8.805,
30.77212983323261,200,8.985,
30.780954583082348,200,9.593,
30.79431379120797,200,9.601,
30.8000936252065,200,8.717,
30.814852833282202,200,8.815,
30.82029699999839,200,8.541,
30.83031600015238,200,12.997,
30.84033945808187,200,12.065,
30.850472333375365,200,11.023,
30.864590833429247,200,9.953,
30.8722659163177,200,9.588,
30.88003308326006,200,8.716,
30.890096500050277,200,8.383,
30.902004250325263,200,8.458,
30.910295333247632,200,9.318,
30.920490125194192,200,9.907,
30.93092270800844,200,9.247,
30.942069041077048,200,11.809,
30.950228041037917,200,9.566,
30.961325958371162,200,8.728,
30.97421875037253,200,9.595,
30.980421125423163,200,8.585,
30.994731625076383,200,9.372,
31.00128887500614,200,8.732,
31.01087125018239,200,8.438,
31.021093916147947,200,9.238,
31.030184000264853,200,8.186,
31.044799708295614,200,9.641,
31.05092908302322,200,10.448,
31.06064095813781,200,11.455,
31.070214500185102,200,11.787,
31.083743666298687,200,9.562,
31.09251975035295,200,10.355,
31.100928583182395,200,9.449,
31.11009145807475,200,8.18,
31.12430787505582,200,9.744,
31.132786583155394,200,10.196,
31.140769625082612,200,9.143,
31.153933541383594,200,11.042,
31.160321541130543,200,21.076,
31.170980083290488,200,18.46,
31.181556958239526,200,19.819,
31.193838083185256,200,15.53,
31.200018500443548,200,11.084,
31.21110116643831,200,12.448,
31.22146908333525,200,7.908,
31.23085300019011,200,7.96,
31.242928541265428,200,9.082,
31.250018791295588,200,8.013,
31.264838375151157,200,8.5,
31.27002108329907,200,8.821,
31.284912958275527,200,8.754,
31.290824000258,200,9.565,
31.301291916053742,200,7.922,
31.310176083352417,200,7.492,
31.320261500310153,200,8.663,
31.333135083317757,200,9.082,
31.340093916282058,200,9.312,
31.35039250040427,200,8.719,
31.36241245828569,200,9.073,
31.373358208220452,200,8.928,
31.380539583042264,200,8.584,
31.39131895825267,200,8.842,
31.400078166276217,200,9.22,
31.410327041056007,200,8.772,
31.42014233302325,200,11.341,
31.431431541219354,200,9.262,
31.440027541015297,200,9.024,
31.450117708183825,200,12.28,
31.46070145815611,200,9.532,
31.472120416350663,200,8.916,
31.48033145815134,200,8.936,
31.490029458422214,200,8.519,
31.504930875264108,200,9.289,
31.511208166368306,200,9.298,
31.520027958322316,200,9.662,
31.530248541384935,200,10.84,
31.540121875237674,200,9.944,
31.550019750371575,200,10.206,
31.564144833013415,200,9.537,
31.57221566606313,200,10.037,
31.580252875108272,200,10.081,
31.590191583149135,200,8.642,
31.601282583083957,200,8.856,
31.611279875040054,200,11.167,
31.620232583023608,200,13.481,
31.630244916304946,200,10.428,
31.640684833284467,200,9.262,
31.651139541063458,200,8.875,
31.663010750431567,200,11.437,
31.67010037507862,200,9.778,
31.681044083088636,200,8.69,
31.690763625316322,200,9.259,
31.701248708181083,200,9.59,
31.710250958334655,200,10.106,
31.720260916277766,200,9.103,
31.730334875173867,200,8.943,
31.74030450033024,200,8.939,
31.750160166062415,200,8.631,
31.760110125411302,200,8.687,
31.770300208125263,200,9.048,
31.782718250062317,200,9.787,
31.79001137521118,200,9.88,
31.80377662507817,200,11.094,
31.810731625184417,200,9.844,
31.82170841610059,200,8.84,
31.83113337540999,200,9.605,
31.840623791329563,200,8.859,
31.852212166413665,200,8.899,
31.86034083319828,200,9.484,
31.872254458256066,200,12.336,
31.880758291110396,200,10.72,
31.890199958346784,200,8.697,
31.90480695804581,200,9.894,
31.911565916147083,200,8.479,
31.922279875259846,200,8.247,
31.93005287507549,200,8.622,
31.94028350012377,200,8.708,
31.95217570802197,200,8.65,
31.962162541225553,200,29.258,
31.97004650020972,200,30.223,
31.98116037528962,200,20.789,
31.99009508313611,200,14.122,
32.000761833041906,200,13.694,
32.01004583342001,200,12.284,
32.02489704126492,200,12.861,
32.030802166089416,200,10.287,
32.04048679117113,200,8.073,
32.05153766600415,200,8.105,
32.06315475003794,200,24.848,
32.07014658302069,200,20.501,
32.080305291339755,200,14.409,
32.09196687536314,200,9.235,
32.10037562530488,200,10.111,
32.11133545823395,200,8.554,
32.120753000024706,200,8.199,
32.13394566625357,200,8.616,
32.14118241611868,200,9.201,
32.150241708382964,200,8.289,
32.160137583035976,200,9.216,
32.17029183311388,200,8.579,
32.18317037541419,200,9.055,
32.190341625362635,200,9.043,
32.20015204139054,200,9.892,
32.21107383305207,200,9.183,
32.22010516608134,200,8.831,
32.231162750162184,200,8.911,
32.24110508337617,200,8.753,
32.25093570817262,200,8.576,
32.2602915414609,200,11.904,
32.27028000028804,200,10.274,
32.28017995832488,200,9.432,
32.294841416180134,200,9.819,
32.301094125024974,200,10.555,
32.3143845833838,200,12.071,
32.321291375439614,200,13.346,
32.334361208137125,200,16.461,
32.34109208313748,200,19.234,
32.352699666284025,200,17.117,
32.3625802914612,200,17.318,
32.371216458268464,200,18.423,
32.38010083325207,200,16.362,
32.39194104121998,200,16.486,
32.40379820810631,200,15.241,
32.41203545825556,200,16.979,
32.42056970810518,200,16.213,
32.43071875022724,200,28.151,
32.440152041148394,200,21.468,
32.452202250249684,200,16.78,
32.460100000258535,200,15.676,
32.47249341616407,200,17.422,
32.4810878331773,200,13.444,
32.49309420818463,200,11.747,
32.500294083263725,200,13.255,
32.51202454138547,200,9.18,
32.52016666624695,200,8.378,
32.531227458268404,200,8.419,
32.5406782082282,200,7.934,
32.554594041313976,200,9.605,
32.560560666024685,200,8.331,
32.57208879105747,200,7.827,
32.58091970812529,200,8.326,
32.59160295827314,200,8.089,
32.603696500416845,200,9.306,
32.610091666225344,200,9.015,
32.62489854125306,200,10.948,
32.630121041089296,200,9.868,
32.6409663753584,200,9.182,
32.650111416354775,200,8.436,
32.66484537534416,200,9.973,
32.67128791613504,200,9.715,
32.68206620821729,200,8.602,
32.69001983338967,200,8.854,
32.70122825028375,200,9.182,
32.71028675045818,200,8.815,
32.7247911663726,200,11.266,
32.731658541131765,200,9.8,
32.74020625045523,200,9.571,
32.75082583306357,200,9.452,
32.76012545824051,200,9.706,
32.77445025043562,200,12.296,
32.781480791047215,200,12.383,
32.79194658342749,200,12.36,
32.80023600021377,200,10.527,
32.81232712510973,200,11.265,
32.82012058328837,200,11.928,
32.83311816630885,200,10.666,
32.84019000036642,200,10.624,
32.854822708293796,200,11.062,
32.86119575006887,200,11.218,
32.87088241614401,200,10.518,
32.880014583002776,200,10.502,
32.89159654127434,200,9.503,
32.90030345832929,200,10.733,
32.91028570802882,200,9.558,
32.92112133326009,200,9.234,
32.93015420809388,200,10.721,
32.940547791309655,200,9.379,
32.954637666232884,200,10.053,
32.96099083311856,200,9.47,
32.97033870825544,200,9.778,
32.983363000210375,200,11.012,
32.990520250052214,200,9.475,
33.0008706250228,200,8.552,
33.01439908333123,200,10.135,
33.020335958339274,200,8.777,
33.03116737538949,200,10.386,
33.040322583168745,200,9.971,
33.05019529117271,200,8.44,
33.06011629104614,200,10.272,
33.070087041240185,200,9.01,
33.080194000154734,200,9.369,
33.09026337508112,200,10.321,
33.1029813750647,200,10.445,
33.111215541139245,200,10.122,
33.120990791358054,200,9.17,
33.130097958259284,200,8.769,
33.14480408327654,200,9.956,
33.15134537545964,200,8.47,
33.163121208082885,200,10.157,
33.17085254145786,200,10.754,
33.18004454113543,200,9.037,
33.190275041386485,200,8.595,
33.204757291357964,200,9.247,
33.21028625033796,200,9.204,
33.22421075031161,200,9.434,
33.23098258301616,200,8.577,
33.240563166327775,200,9.31,
33.25280004134402,200,9.902,
33.26132645830512,200,10.595,
33.27110483311117,200,9.712,
33.2805473334156,200,8.66,
33.294608500320464,200,10.923,
33.30131775001064,200,8.995,
33.31101291626692,200,8.442,
33.3202773751691,200,8.734,
33.33213295834139,200,9.132,
33.340535041410476,200,9.449,
33.35427200002596,200,10.187,
33.36013695830479,200,8.821,
33.37486725021154,200,10.161,
33.38148925034329,200,9.272,
33.39232608303428,200,9.932,
33.40019791619852,200,10.142,
33.412138666026294,200,10.61,
33.42061325022951,200,9.548,
33.434025375172496,200,10.558,
33.44032483315095,200,14.874,
33.450123875401914,200,10.015,
33.46491662506014,200,10.786,
33.47197233326733,200,9.835,
33.48142158333212,200,10.429,
33.49168745800853,200,9.959,
33.50003712531179,200,10.86,
33.510065416339785,200,10.056,
33.52002887520939,200,8.871,
33.53001958318055,200,9.14,
33.54008433315903,200,8.679,
33.554896750021726,200,10.508,
33.561317125335336,200,9.348,
33.57050858344883,200,16.137,
33.58036308316514,200,13.299,
33.590790500398725,200,10.945,
33.60116595821455,200,9.702,
33.6101694162935,200,10.649,
33.62476775003597,200,10.601,
33.63127012504265,200,10.342,
33.64280137512833,200,9.432,
33.65022700000554,200,10.201,
33.66089416621253,200,9.525,
33.67192391632125,200,8.937,
33.68324541626498,200,10.189,
33.69002362526953,200,9.202,
33.70256416639313,200,10.835,
33.71037358324975,200,8.506,
33.72132695838809,200,9.07,
33.73009262513369,200,10.15,
33.74129100004211,200,9.273,
33.75012045819312,200,8.813,
33.7600472914055,200,8.062,
33.77487254142761,200,9.523,
33.78050516638905,200,8.744,
33.793064000084996,200,8.894,
33.800285041332245,200,9.308,
33.81054608337581,200,8.287,
33.82466087536886,200,9.477,
33.83019270841032,200,12.844,
33.84046075027436,200,11.756,
33.85308475000784,200,12.114,
33.86186220822856,200,9.003,
33.87025141622871,200,8.26,
33.884742291178554,200,11.114,
33.89188358327374,200,10.59,
33.90098166605458,200,10.823,
33.91001820843667,200,9.774,
33.92234079120681,200,8.26,
33.93004929134622,200,8.75,
33.940043583046645,200,9.46,
33.950695250183344,200,8.327,
33.96318229101598,200,9.065,
33.97117233322933,200,9.592,
33.98128120834008,200,9.829,
33.99034679122269,200,9.63,
34.001082791015506,200,11.14,
34.013474208302796,200,8.942,
34.02080133324489,200,8.981,
34.03422979125753,200,10.423,
34.04054491641,200,9.363,
34.05103416601196,200,8.605,
34.06027604127303,200,12.268,
34.07054308336228,200,10.494,
34.0803196253255,200,9.339,
34.09472200041637,200,9.394,
34.10012766625732,200,8.86,
34.11488825036213,200,9.482,
34.120227416045964,200,8.327,
34.130099541042,200,8.573,
34.141031875275075,200,9.505,
34.153133208397776,200,8.788,
34.1608722503297,200,9.423,
34.1741400831379,200,10.603,
34.18113279109821,200,10.642,
34.19015320809558,200,9.476,
34.20111454138532,200,8.411,
34.21107995836064,200,8.089,
34.22115525044501,200,9.002,
34.23087566625327,200,10.802,
34.24056095816195,200,15.65,
34.250842875335366,200,15.64,
34.2600391251035,200,11.054,
34.27035800041631,200,12.153,
34.28044770844281,200,10.464,
34.29023716645315,200,9.728,
34.30471462523565,200,9.624,
34.312006041407585,200,9.865,
34.32095395820215,200,9.088,
34.33437970839441,200,9.557,
34.3401586250402,200,10.039,
34.353904750198126,200,9.131,
34.36217195820063,200,8.884,
34.37065470824018,200,8.84,
34.38048437517136,200,9.834,
34.394124291371554,200,10.433,
34.40098741604015,200,9.778,
34.410752416122705,200,9.463,
34.422064166050404,200,8.68,
34.43010116601363,200,7.736,
34.44485804112628,200,9.873,
34.4501140830107,200,8.519,
34.464870541356504,200,9.642,
34.47097625024617,200,9.166,
34.48444150015712,200,9.274,
34.49022695841268,200,8.27,
34.504794833250344,200,9.934,
34.51012058323249,200,8.933,
34.521165708079934,200,7.986,
34.530032250098884,200,7.981,
34.54030495835468,200,9.197,
34.5501057500951,200,10.521,
34.56418287521228,200,9.42,
34.57025337545201,200,8.449,
34.58010183321312,200,11.217,
34.59032700024545,200,9.068,
34.60432016616687,200,9.374,
34.61020095832646,200,9.107,
34.62480150023475,200,9.135,
34.6301857912913,200,9.845,
34.64098200015724,200,9.545,
34.650039500091225,200,8.891,
34.66122933337465,200,9.594,
34.67097325017676,200,9.305,
34.680131333414465,200,9.388,
34.69477895833552,200,12.687,
34.70056008314714,200,11.124,
34.71462491620332,200,9.972,
34.72108650021255,200,8.779,
34.731006833259016,200,9.181,
34.74099516635761,200,9.128,
34.75220312504098,200,9.441,
34.760093125049025,200,15.326,
34.772169375326484,200,9.467,
34.780014916323125,200,9.418,
34.794858541339636,200,10.217,
34.801256583072245,200,8.983,
34.81041487539187,200,8.646,
34.82122858334333,200,8.246,
34.83328454103321,200,10.324,
34.84060454135761,200,8.828,
34.85035054106265,200,8.552,
34.86413500038907,200,9.077,
34.87043633311987,200,8.946,
34.88012591609731,200,9.555,
34.89000912522897,200,8.843,
34.90221104118973,200,8.92,
34.91040483303368,200,9.16,
34.92109241615981,200,9.085,
34.93007625034079,200,9.765,
34.94077783310786,200,10.857,
34.95137987518683,200,9.827,
34.96226770803332,200,9.706,
34.97022729134187,200,9.655,
34.98080491600558,200,9.432,
34.99124233331531,200,8.874,
35.00013258308172,200,9.719,
35.01091500045732,200,11.452,
35.02201075013727,200,9.584,
35.030329041182995,200,8.986,
35.04215820832178,200,8.701,
35.05015708319843,200,10.431,
35.060301875229925,200,9.775,
35.072153041139245,200,9.504,
35.08009083336219,200,17.059,
35.090621083043516,200,12.886,
35.10122000006959,200,10.259,
35.114247125107795,200,11.228,
35.12011345801875,200,9.382,
35.13112283311784,200,9.391,
35.14035854116082,200,8.722,
35.15316362539306,200,10.406,
35.160234708338976,200,9.305,
35.17420104146004,200,10.2,
35.18102975003421,200,9.266,
35.19014091603458,200,8.556,
35.204847750253975,200,10.138,
35.210242041386664,200,9.252,
35.22478737542406,200,10.162,
35.231371250003576,200,9.23,
35.24009095830843,200,9.395,
35.251025958452374,200,9.186,
35.261207750067115,200,8.876,
35.271018125116825,200,10.079,
35.280889416113496,200,10.136,
35.29327025031671,200,9.206,
35.300680541433394,200,9.986,
35.31208354141563,200,10.896,
35.32095270836726,200,14.016,
35.330883875023574,200,10.464,
35.34229779103771,200,8.963,
35.353796458337456,200,10.563,
35.36092691635713,200,9.754,
35.371028958354145,200,9.11,
35.380057875066996,200,9.513,
35.39233291614801,200,10.951,
35.40086679114029,200,14.968,
35.41186466626823,200,36.204,
35.42881045816466,200,24.327,
35.430799916386604,200,28.097,
35.44119662512094,200,17.835,
35.45129075041041,200,15.999,
35.460090208332986,200,12.225,
35.47104133339599,200,15.017,
35.480281208176166,200,11.532,
35.49001604132354,200,12.201,
35.5000831251964,200,11.639,
35.514735291246325,200,12.129,
35.52025591628626,200,12.658,
35.53108612541109,200,10.595,
35.542816791217774,200,11.048,
35.55333412531763,200,11.1,
35.5601973333396,200,9.038,
35.570351916365325,200,9.524,
35.58094983315095,200,8.922,
35.59234020812437,200,10.035,
35.60013133333996,200,9.467,
35.61211120802909,200,9.356,
35.6208119164221,200,10.001,
35.632230333052576,200,13.833,
35.64215933345258,200,10.694,
35.652966250199825,200,18.706,
35.66328516602516,200,11.358,
35.673266041092575,200,9.84,
35.68040525028482,200,8.729,
35.692483958322555,200,8.69,
35.7015962083824,200,9.209,
35.71191095840186,200,10.685,
35.72397500043735,200,8.605,
35.731120250187814,200,8.831,
35.74313925020397,200,10.004,
35.75076104141772,200,10.879,
35.76096870843321,200,9.737,
35.770160250365734,200,8.979,
35.78002000041306,200,8.541,
35.79493183316663,200,10.628,
35.802478125318885,200,11.986,
35.81026408309117,200,9.192,
35.82477983320132,200,10.205,
35.831503708381206,200,9.333,
35.840103291440755,200,9.213,
35.854816750157624,200,10.089,
35.8613732913509,200,9.065,
35.87022345839068,200,8.777,
35.88004041602835,200,9.977,
35.89094062522054,200,9.353,
35.90205125045031,200,8.874,
35.91057833330706,200,11.467,
35.920588583219796,200,9.581,
35.93035391625017,200,10.361,
35.94051445834339,200,9.582,
35.95382179133594,200,10.149,
35.96096404129639,200,9.462,
35.970247000455856,200,8.872,
35.98322191601619,200,14.298,
35.99015212524682,200,12.307,
36.0048400410451,200,12.336,
36.010344291105866,200,12.302,
36.02093037543818,200,11.396,
36.03110450040549,200,10.197,
36.0419554580003,200,9.306,
36.052349500358105,200,10.612,
36.06054554134607,200,9.442,
36.0700701251626,200,8.51,
36.08194254105911,200,12.319,
36.09005800029263,200,10.836,
36.10090816626325,200,9.646,
36.11062620813027,200,11.667,
36.124584750272334,200,11.579,
36.1302868751809,200,10.19,
36.14016691641882,200,9.604,
36.1501255412586,200,9.741,
36.16234020842239,200,10.021,
36.170193958096206,200,10.908,
36.180413000285625,200,10.265,
36.19462391640991,200,9.689,
36.20114441635087,200,9.005,
36.21022641612217,200,8.808,
36.22012233315036,200,9.767,
36.23487095814198,200,9.945,
36.24115966632962,200,10.64,
36.2502536252141,200,10.143,
36.26048987545073,200,10.044,
36.27041908307001,200,11.009,
36.28006845805794,200,10.701,
36.293151166290045,200,9.392,
36.30031129112467,200,11.756,
36.3110462911427,200,10.6,
36.32016258314252,200,8.889,
36.33472191635519,200,11.305,
36.3400330003351,200,10.886,
36.350077708251774,200,11.014,
36.36239454103634,200,9.647,
36.370387541130185,200,9.971,
36.38006433332339,200,11.507,
36.39024025015533,200,10.724,
36.40051791630685,200,8.66,
36.410219291225076,200,8.828,
36.422635541297495,200,11.066,
36.43006679136306,200,9.911,
36.44249312533066,200,9.379,
36.451193125452846,200,8.751,
36.46215895842761,200,13.043,
36.47066266601905,200,13.699,
36.480782916303724,200,11.436,
36.490029458422214,200,14.916,
36.50086325034499,200,10.394,
36.51216737506911,200,9.032,
36.523309875279665,200,8.489,
36.530151000246406,200,9.471,
36.54132920829579,200,9.792,
36.55026345839724,200,9.951,
36.56231941608712,200,12.087,
36.570289416238666,200,9.173,
36.58476191619411,200,9.994,
36.59132254123688,200,8.57,
36.60095266625285,200,8.87,
36.61287579126656,200,8.555,
36.62134350044653,200,8.331,
36.63061679108068,200,9.495,
36.64112612511963,200,9.4,
36.651108333375305,200,8.719,
36.66073058312759,200,9.86,
36.670441625174135,200,9.569,
36.680120333097875,200,10.674,
36.69314845837653,200,10.328,
36.7032376662828,200,9.751,
36.71092358324677,200,9.993,
36.72121433308348,200,9.393,
36.73126900009811,200,8.987,
36.740074125118554,200,8.547,
36.751140791457146,200,8.527,
36.76050025038421,200,8.514,
36.77231058338657,200,9.346,
36.78022045828402,200,9.321,
36.79066179133952,200,8.933,
36.800012833438814,200,9.331,
36.81228887522593,200,11.26,
36.82115758303553,200,13.347,
36.830663500353694,200,10.137,
36.84453820809722,200,10.65,
36.850108416285366,200,9.641,
36.860816250089556,200,9.554,
36.87019750010222,200,9.049,
36.88486241642386,200,10.46,
36.89164075022563,200,9.711,
36.90195762505755,200,11.008,
36.9112711250782,200,12.118,
36.92424108320847,200,11.13,
36.93119062529877,200,9.693,
36.9401231254451,200,10.316,
36.954139000270516,200,10.374,
36.96071141632274,200,9.637,
36.97016333322972,200,9.836,
36.98023354122415,200,9.654,
36.99471045844257,200,10.374,
37.000041666440666,200,9.207,
37.0103170000948,200,9.339,
37.020798875018954,200,9.532,
37.034536875318736,200,10.003,
37.041350750252604,200,11.777,
37.05092825042084,200,9.396,
37.060300833079964,200,8.53,
37.07472770800814,200,10.204,
37.08119120821357,200,9.372,
37.093407166190445,200,9.566,
37.101830375380814,200,9.155,
37.114042250439525,200,12.155,
37.12112750019878,200,11.134,
37.1301253749989,200,10.382,
37.1416420834139,200,9.514,
37.15098266629502,200,8.775,
37.16082958318293,200,9.473,
37.17218529107049,200,12.713,
37.18003933317959,200,10.606,
37.191140208393335,200,9.528,
37.200436416082084,200,11.872,
37.210112541448325,200,10.116,
37.22013183310628,200,9.718,
37.23116979142651,200,10.041,
37.242075166199356,200,9.339,
37.25006000045687,200,9.176,
37.2648465000093,200,9.949,
37.270099125336856,200,8.998,
37.28486616630107,200,10.975,
37.290033750236034,200,9.54,
37.30082533322275,200,9.24,
37.31090575037524,200,10.053,
37.322160583455116,200,9.382,
37.330572333186865,200,8.234,
37.34223666600883,200,8.334,
37.35130908340216,200,8.305,
37.36097866622731,200,8.189,
37.37003391608596,200,7.567,
37.380188750103116,200,7.641,
37.39130025031045,200,7.815,
37.40137729141861,200,7.728,
37.41125683300197,200,7.946,
37.420004500076175,200,9.884,
37.43076275009662,200,8.386,
37.44452629145235,200,9.554,
37.45161287533119,200,8.605,
37.461110666394234,200,9.183,
37.47003645822406,200,8.99,
37.480088375043124,200,9.498,
37.493174833245575,200,8.9,
37.50011383322999,200,9.566,
37.510946875438094,200,11.693,
37.52026287512854,200,10.168,
37.53001662530005,200,9.806,
37.54089575028047,200,9.862,
37.550163083244115,200,9.289,
37.56214537518099,200,10.561,
37.57208229135722,200,9.569,
37.58013808308169,200,10.198,
37.59327504131943,200,12.32,
37.60003966605291,200,10.42,
37.61338404100388,200,12.385,
37.6216641664505,200,12.178,
37.63006554124877,200,11.472,
37.64009312540293,200,10.565,
37.65440404135734,200,11.774,
37.66001037508249,200,11.089,
37.67012595804408,200,9.717,
37.68109525041655,200,10.15,
37.690434583462775,200,9.379,
37.70027604140341,200,9.895,
37.714783458039165,200,10.834,
37.721446375362575,200,10.072,
37.73002608306706,200,24.426,
37.7404604582116,200,22.002,
37.750253500416875,200,16.309,
37.76096387533471,200,9.499,
37.772001875098795,200,8.36,
37.780133333057165,200,9.41,
37.79057100042701,200,7.996,
37.80457666609436,200,10.09,
37.81156179122627,200,9.64,
37.82029466610402,200,9.887,
37.830045125447214,200,8.622,
37.84491770807654,200,9.03,
37.85017262538895,200,9.725,
37.86088241636753,200,8.718,
37.87438920838758,200,10.891,
37.880277833435684,200,11.439,
37.89020033320412,200,8.834,
37.900043916422874,200,8.101,
37.91128558339551,200,8.422,
37.920619250275195,200,8.367,
37.9320557503961,200,8.349,
37.940347416326404,200,8.471,
37.95129650039598,200,8.398,
37.96064983308315,200,8.44,
37.97461725026369,200,9.858,
37.98106229119003,200,8.741,
37.99415233312175,200,10.462,
38.002468125429004,200,10.977,
38.01045904122293,200,9.077,
38.0206187912263,200,9.899,
38.03046629112214,200,8.505,
38.04468400031328,200,9.762,
38.051418625283986,200,8.608,
38.061107458081096,200,8.715,
38.07130825007334,200,9.155,
38.08025887515396,200,9.884,
38.09473262540996,200,10.09,
38.10116641642526,200,9.303,
38.11008679121733,200,9.179,
38.12025012541562,200,10.308,
38.13047987502068,200,10.866,
38.14060650020838,200,11.64,
38.15059091616422,200,12.415,
38.16398691618815,200,11.811,
38.170089250430465,200,9.607,
38.180736541282386,200,8.893,
38.1908876253292,200,9.386,
38.20004937518388,200,11.255,
38.21486900001764,200,10.45,
38.22138900030404,200,9.786,
38.23087862506509,200,8.743,
38.244128125254065,200,10.7,
38.250058458186686,200,8.713,
38.2612925413996,200,8.569,
38.27090087532997,200,8.529,
38.28107783338055,200,8.722,
38.29070779122412,200,8.964,
38.300271708052605,200,10.362,
38.31002679141238,200,9.176,
38.32108737528324,200,8.45,
38.33041966613382,200,9.232,
38.34217979107052,200,9.27,
38.3500163750723,200,9.407,
38.36218933342025,200,10.085,
38.37195508321747,200,9.437,
38.381486458238214,200,8.963,
38.39040462533012,200,8.7,
38.40013716602698,200,8.777,
38.41125875012949,200,9.514,
38.420059166383,200,9.524,
38.43399770837277,200,11.467,
38.440245625097305,200,10.535,
38.45010829111561,200,10.212,
38.46097629144788,200,10.274,
38.47089466638863,200,10.328,
38.48328745830804,200,12.442,
38.49098183307797,200,11.877,
38.50038312515244,200,11.31,
38.51001437520608,200,11.131,
38.52016362501308,200,12.342,
38.53091304143891,200,11.058,
38.54100937535986,200,8.44,
38.55020200042054,200,8.552,
38.56031166622415,200,7.992,
38.57476850040257,200,8.627,
38.580058332998306,200,9.244,
38.59077575011179,200,9.099,
38.60429512523115,200,9.7,
38.610429666005075,200,8.622,
38.62366812536493,200,8.681,
38.63058858318254,200,9.188,
38.64295333344489,200,10.647,
38.650086583103985,200,10.101,
38.660055541433394,200,13.334,
38.67012833338231,200,10.158,
38.680352833122015,200,8.837,
38.69006204139441,200,9.586,
38.70237487507984,200,8.659,
38.71019433345646,200,8.728,
38.72320250002667,200,9.694,
38.73008266603574,200,8.976,
38.74212337518111,200,9.353,
38.750104958191514,200,9.24,
38.760384208057076,200,8.939,
38.772516125347465,200,9.097,
38.781393041368574,200,10.767,
38.79061629110947,200,16.166,
38.80010875035077,200,13.575,
38.81019870843738,200,12.048,
38.820049500092864,200,12.582,
38.83194570802152,200,10.298,
38.84023108333349,200,9.975,
38.850180791225284,200,9.573,
38.86482279142365,200,9.421,
38.87088720826432,200,9.731,
38.88132587540895,200,8.934,
38.89322620816529,200,10.283,
38.90179800009355,200,9.69,
38.91196166630834,200,8.962,
38.92008370812982,200,11.446,
38.9301729160361,200,9.94,
38.94020400010049,200,9.035,
38.950010125059634,200,8.374,
38.96492479136214,200,9.514,
38.97024375014007,200,8.898,
38.98004391603172,200,8.748,
38.990026583429426,200,8.432,
39.00487041613087,200,10.49,
39.0100345001556,200,10.275,
39.02012366615236,200,10.821,
39.03079420840368,200,17.904,
39.04006912512705,200,12.92,
39.050161958206445,200,11.219,
39.06138104107231,200,13.956,
39.070043083280325,200,9.097,
39.080128375440836,200,8.671,
39.09487066604197,200,9.978,
39.10014433320612,200,8.507,
39.114201583433896,200,10.253,
39.1201897081919,200,10.647,
39.1303424583748,200,10.026,
39.14020091621205,200,9.584,
39.15108287520707,200,10.016,
39.16093579120934,200,13.082,
39.170135125052184,200,15.416,
39.180165625177324,200,9.51,
39.190675541292876,200,8.233,
39.204588333144784,200,9.264,
39.21046158345416,200,17.875,
39.220019958447665,200,12.422,
39.23255870817229,200,9.038,
39.243042916059494,200,9.389,
39.25202529132366,200,14.53,
39.26124091632664,200,13.74,
39.273136916104704,200,13.538,
39.28191775036976,200,13.059,
39.290929708164185,200,10.742,
39.30053108325228,200,9.07,
39.3105963752605,200,10.832,
39.32056162506342,200,10.457,
39.330125875305384,200,10.264,
39.34023683331907,200,12.845,
39.35050816601142,200,15.212,
39.36249866615981,200,13.476,
39.37016541603953,200,9.952,
39.3820436662063,200,13.14,
39.390085875056684,200,8.543,
39.40425412543118,200,9.513,
39.41200304124504,200,9.554,
39.42010791646317,200,8.947,
39.43007295811549,200,8.835,
39.44130437541753,200,8.496,
39.45283179124817,200,7.8,
39.461976000107825,200,13.613,
39.47078016633168,200,12.204,
39.48092675022781,200,11.159,
39.490022000391036,200,8.978,
39.50364812510088,200,10.927,
39.51005604118109,200,10.31,
39.52470191614702,200,9.908,
39.53003804106265,200,8.157,
39.54016229137778,200,8.571,
39.5548415412195,200,10.861,
39.56049866601825,200,9.25,
39.570940708275884,200,8.88,
39.58061554143205,200,9.662,
39.59310183301568,200,10.115,
39.60011995816603,200,9.098,
39.61427554115653,200,11.234,
39.620590625330806,200,8.404,
39.63464745832607,200,11.887,
39.640248583164066,200,10.158,
39.65101620834321,200,8.853,
39.66081212507561,200,12.749,
39.670047166291624,200,12.793,
39.684892416000366,200,11.66,
39.692449666094035,200,9.879,
39.70351358316839,200,8.554,
39.71003466611728,200,8.738,
39.72128412500024,200,8.385,
39.730573666282,200,8.165,
39.74465625034645,200,10.877,
39.750217916443944,200,9.211,
39.76416033320129,200,10.217,
39.771060791332275,200,9.49,
39.78000529110432,200,9.357,
39.79351241607219,200,9.144,
39.80062208324671,200,10.702,
39.81199666624889,200,9.594,
39.820090875029564,200,10.156,
39.830035500228405,200,9.445,
39.840022625401616,200,10.743,
39.850652458146214,200,8.034,
39.86182800028473,200,7.819,
39.870197208132595,200,7.789,
39.88026312505826,200,10.204,
39.89002854144201,200,8.7,
39.9048655834049,200,9.981,
39.91125145833939,200,9.008,
39.92010575020686,200,8.411,
39.93489087512717,200,10.651,
39.9409842081368,200,9.311,
39.951118000317365,200,9.535,
39.96053125010803,200,8.467,
39.97173454100266,200,10.221,
39.98025233345106,200,11.008,
39.990543166175485,200,9.971,
40.00031587528065,200,8.827,
40.01313920831308,200,9.672,
40.0203425004147,200,9.367,
40.031327083241194,200,8.464,
40.043046625331044,200,9.517,
40.05050695827231,200,10.504,
40.060785750392824,200,8.916,
40.07074062526226,200,8.387,
40.08016141643748,200,8.426,
40.09119400009513,200,8.97,
40.10001429123804,200,9.624,
40.11490387516096,200,9.719,
40.12106170831248,200,8.6,
40.13065791642293,200,10.342,
40.14078645827249,200,9.602,
40.15431512519717,200,10.69,
40.16031233314425,200,8.698,
40.17131220828742,200,8.924,
40.18005375005305,200,9.565,
40.19203320844099,200,8.728,
40.200580125208944,200,9.179,
40.2118839584291,200,11.83,
40.22010316606611,200,11.84,
40.23024116642773,200,12.019,
40.240357250440866,200,10.569,
40.250270625110716,200,10.772,
40.26473741605878,200,10.083,
40.27111370814964,200,9.769,
40.28074554121122,200,11.135,
40.29019062500447,200,9.756,
40.30475112516433,200,9.878,
40.31003008317202,200,9.096,
40.322006333153695,200,9.66,
40.33010537503287,200,10.052,
40.34120283322409,200,8.674,
40.35073025012389,200,9.833,
40.361005041282624,200,9.012,
40.370925625320524,200,9.114,
40.38214695826173,200,9.006,
40.39087795838714,200,8.717,
40.4044554582797,200,8.497,
40.41086387541145,200,8.657,
40.42111229104921,200,7.806,
40.43436741642654,200,8.763,
40.44025991624221,200,9.485,
40.45062025031075,200,8.027,
40.46132250037044,200,9.068,
40.470106333028525,200,9.026,
40.48252704134211,200,10.219,
40.49093458335847,200,9.962,
40.5043719583191,200,9.604,
40.5106855831109,200,8.502,
40.52006158325821,200,8.551,
40.53003070829436,200,8.5,
40.540523041039705,200,9.254,
40.55073425034061,200,8.771,
40.562179666012526,200,8.949,
40.57375525031239,200,9.63,
40.580725791398436,200,8.905,
40.59049362502992,200,8.58,
40.604689583182335,200,9.934,
40.610327791422606,200,10.989,
40.6205072500743,200,10.805,
40.63247050018981,200,11.709,
40.64017645828426,200,11.475,
40.65007775044069,200,9.651,
40.664820708334446,200,10.038,
40.67203383333981,200,9.496,
40.68154645804316,200,10.535,
40.69017683342099,200,9.583,
40.70069233328104,200,9.504,
40.71002225019038,200,9.068,
40.720088416244835,200,9.363,
40.73047037515789,200,9.103,
40.74107237532735,200,8.909,
40.75311183324084,200,10.401,
40.76033991621807,200,9.811,
40.770133583340794,200,9.214,
40.78042333340272,200,9.121,
40.790626916103065,200,9.637,
40.80018779123202,200,9.738,
40.812138500157744,200,9.887,
40.82017850037664,200,9.484,
40.83417062507942,200,10.776,
40.840921708382666,200,9.983,
40.85028408328071,200,9.609,
40.86013300018385,200,9.037,
40.87483962532133,200,10.619,
40.88003316614777,200,9.585,
40.89286195812747,200,11.584,
40.90097862528637,200,10.241,
40.91203970834613,200,10.535,
40.92239979142323,200,10.591,
40.93002350023016,200,9.391,
40.9402640000917,200,9.386,
40.954103250056505,200,10.368,
40.9606090830639,200,9.883,
40.97001783316955,200,10.498,
40.98020370816812,200,10.346,
40.992302583064884,200,10.524,
41.000326541252434,200,10.038,
41.01006320817396,200,9.652,
41.020843875128776,200,9.654,
41.033985583111644,200,9.96,
41.040222875308245,200,9.182,
41.054391666315496,200,9.305,
41.061991583090276,200,9.122,
41.072100250050426,200,9.463,
41.08000675030053,200,9.394,
41.09265241632238,200,8.993,
41.10101970843971,200,9.355,
41.11102225026116,200,8.868,
41.12128662504256,200,10.627,
41.13162358338013,200,12.283,
41.140496583189815,200,10.24,
41.15104016615078,200,8.132,
41.16010266635567,200,8.11,
41.171172166243196,200,8.891,
41.18432933324948,200,9.451,
41.19113666610792,200,8.455,
41.20291095832363,200,10.7,
41.21128875017166,200,15.569,
41.22150425007567,200,19.116,
41.2310774163343,200,18.149,
41.240256583318114,200,16.315,
41.25435520801693,200,11.404,
41.260170916095376,200,11.289,
41.27479004114866,200,12.137,
41.28218050021678,200,9.707,
41.29127154126763,200,10.499,
41.30247566616163,200,8.895,
41.31334862532094,200,8.999,
41.32069333316758,200,9.007,
41.33447716617957,200,10.099,
41.34094891604036,200,11.133,
41.35213775001466,200,9.621,
41.36005137534812,200,11.095,
41.37318812543526,200,13.316,
41.38005279144272,200,10.46,
41.39420733321458,200,12.861,
41.40046991640702,200,9.717,
41.41022470826283,200,8.261,
41.42300212522969,200,11.825,
41.43003462534398,200,10.239,
41.440204416401684,200,9.212,
41.45049166632816,200,8.739,
41.460024416446686,200,9.743,
41.47000966640189,200,8.7,
41.48122345842421,200,8.101,
41.49421666609123,200,8.66,
41.50225562509149,200,8.385,
41.51170820835978,200,8.163,
41.52129533328116,200,10.527,
41.53001670818776,200,9.477,
41.54088291618973,200,9.5,
41.550085625145584,200,8.876,
41.560190208256245,200,8.789,
41.57110900012776,200,8.608,
41.58025420829654,200,8.644,
41.59020808339119,200,8.808,
41.60470987530425,200,10.219,
41.611232416238636,200,9.314,
41.620382708031684,200,9.379,
41.63209275016561,200,9.936,
41.640136000234634,200,10.639,
41.65005054138601,200,12.459,
41.663260500412434,200,11.179,
41.67033087508753,200,8.865,
41.68009795807302,200,10.653,
41.691241500433534,200,9.53,
41.700202541425824,200,9.477,
41.710908458102494,200,8.829,
41.72007441613823,200,10.114,
41.73003725009039,200,9.266,
41.744917375035584,200,10.194,
41.750059666112065,200,9.185,
41.76024083327502,200,9.182,
41.770304166246206,200,10.289,
41.780459250323474,200,9.24,
41.790830000303686,200,9.347,
41.80002133315429,200,9.501,
41.81494862539694,200,11.283,
41.82074575033039,200,10.154,
41.830165166407824,200,10.037,
41.84009191626683,200,9.444,
41.85113533306867,200,9.067,
41.860070458147675,200,9.298,
41.87434883322567,200,10.52,
41.8801518753171,200,9.619,
41.89116087509319,200,9.498,
41.90000845817849,200,9.749,
41.91086462512612,200,9.388,
41.92011483339593,200,9.212,
41.93024604115635,200,10.154,
41.944830500055104,200,10.382,
41.951358458027244,200,10.072,
41.962568500079215,200,9.73,
41.97086345823482,200,13.841,
41.982187958434224,200,10.818,
41.99076662538573,200,10.827,
42.00002208305523,200,10.383,
42.01028304127976,200,9.842,
42.02108775032684,200,10.36,
42.03057745844126,200,9.726,
42.04022025037557,200,9.244,
42.05477241612971,200,10.126,
42.061380750034004,200,9.286,
42.07198604103178,200,9.901,
42.08106791600585,200,11.159,
42.09160625003278,200,9.993,
42.10018991632387,200,9.647,
42.11097166640684,200,9.806,
42.12004279112443,200,11.668,
42.13016787543893,200,11.912,
42.140305375214666,200,12.313,
42.151357708033174,200,10.364,
42.16413550032303,200,12.528,
42.1705551664345,200,9.855,
42.182354416232556,200,10.833,
42.190102166030556,200,8.624,
42.204854666255414,200,9.174,
42.21190441632643,200,12.498,
42.22007995843887,200,10.708,
42.230324666015804,200,9.76,
42.24461287539452,200,11.5,
42.25005125021562,200,9.724,
42.262010250240564,200,13.898,
42.273876833263785,200,12.199,
42.280019333120435,200,10.145,
42.29013079125434,200,11.626,
42.30003600008786,200,45.745,
42.3193134162575,200,30.691,
42.323942250106484,200,30.31,
42.33067833306268,200,27.252,
42.341043250169605,200,17.714,
42.35023995814845,200,14.434,
42.36047741631046,200,17.132,
42.37064162502065,200,11.267,
42.38285475037992,200,10.763,
42.39017508318648,200,9.829,
42.40423858305439,200,8.319,
42.41068987501785,200,9.15,
42.420847250148654,200,9.522,
42.43184116622433,200,12.311,
42.440014083404094,200,9.315,
42.452130041085184,200,10.682,
42.46133412513882,200,10.854,
42.47016054112464,200,11.797,
42.4806010001339,200,11.325,
42.49246554123238,200,9.309,
42.50104729132727,200,11.238,
42.51080045802519,200,12.441,
42.52434820821509,200,10.797,
42.530630083289,200,9.793,
42.54200966609642,200,8.784,
42.551959125325084,200,15.945,
42.56005208333954,200,14.02,
42.570161666255444,200,9.477,
42.58198008313775,200,9.419,
42.593933791387826,200,9.726,
42.6001595412381,200,13.669,
42.61023408314213,200,9.253,
42.62132191611454,200,8.715,
42.6302806250751,200,14.518,
42.644668500404805,200,13.601,
42.65050183329731,200,10.646,
42.66226995829493,200,15.526,
42.673764208331704,200,10.932,
42.68003129120916,200,8.856,
42.69027887517586,200,7.993,
42.70315608335659,200,9.739,
42.71020062500611,200,9.273,
42.72044145828113,200,8.496,
42.73209495842457,200,11.123,
42.740059583447874,200,9.321,
42.75485629122704,200,10.835,
42.761339916381985,200,11.335,
42.77320058317855,200,10.137,
42.78011808311567,200,16.264,
42.79479079134762,200,10.601,
42.80126595823094,200,10.645,
42.812925666105,200,11.105,
42.82039029104635,200,10.355,
42.83055729139596,200,11.519,
42.840272875037044,200,15.947,
42.8500456251204,200,16.788,
42.860804583411664,200,15.602,
42.87070629140362,200,15.184,
42.88163062511012,200,11.147,
42.89215091615915,200,9.307,
42.90080391615629,200,8.887,
42.911097791045904,200,8.889,
42.92057441640645,200,11.51,
42.9344278331846,200,11.972,
42.94041854143143,200,10.257,
42.95199187519029,200,9.578,
42.96098495833576,200,9.488,
42.97433725045994,200,10.791,
42.98110100021586,200,10.173,
42.99428129103035,200,9.074,
43.00150829134509,200,8.708,
43.01107029104605,200,7.638,
43.024337250273675,200,9.711,
43.03133233310655,200,8.109,
43.044224166311324,200,9.059,
43.05042308336124,200,15.607,
43.0602491251193,200,12.158,
43.072489875368774,200,9.434,
43.08010808331892,200,8.386,
43.09485508315265,200,9.009,
43.100440291222185,200,10.065,
43.110035500023514,200,11.198,
43.120339416433126,200,9.975,
43.13146475004032,200,11.875,
43.140304958447814,200,10.964,
43.15042829141021,200,9.435,
43.16234245803207,200,9.834,
43.170340333133936,200,12.322,
43.18070716643706,200,12.029,
43.19048291631043,200,11.854,
43.200080500449985,200,10.386,
43.21026379102841,200,10.154,
43.220170750282705,200,9.708,
43.230293958447874,200,10.654,
43.24014233332127,200,10.133,
43.2501065004617,200,10.289,
43.26030912529677,200,9.638,
43.271229583304375,200,9.316,
43.283852625172585,200,10.147,
43.29024845827371,200,9.466,
43.30096691614017,200,9.492,
43.31021858332679,200,8.142,
43.3200935004279,200,8.661,
43.3334934161976,200,10.218,
43.34051891602576,200,10.4,
43.35095475008711,200,8.603,
43.36037241620943,200,11.104,
43.37472145818174,200,9.803,
43.382550416048616,200,9.357,
43.39013037504628,200,11.355,
43.40098800044507,200,12.675,
43.410021166317165,200,10.841,
43.42077287519351,200,10.429,
43.430259875021875,200,11.702,
43.444660833105445,200,13.567,
43.452550375368446,200,14.654,
43.461406333372,200,10.72,
43.47069800039753,200,8.85,
43.48457708302885,200,16.176,
43.49014216614887,200,13.734,
43.504235125146806,200,10.666,
43.51276862528175,200,13.902,
43.52222612500191,200,10.376,
43.53003512509167,200,13.601,
43.5400407910347,200,9.791,
43.55410000029951,200,9.439,
43.562635666225106,200,8.951,
43.57007258338854,200,8.526,
43.58027125010267,200,11.879,
43.594808833207935,200,14.939,
43.600237916223705,200,11.209,
43.611210541334,200,10.362,
43.620178000070155,200,15.414,
43.63340958300978,200,13.559,
43.641922208014876,200,10.797,
43.651088000275195,200,10.123,
43.66236412525177,200,9.957,
43.6700420002453,200,11.079,
43.680358541198075,200,9.851,
43.69004991604015,200,9.631,
43.70473991613835,200,9.981,
43.71009170822799,200,8.637,
43.721331916283816,200,8.621,
43.73091875016689,200,9.669,
43.74039291637018,200,9.324,
43.7545932084322,200,10.109,
43.76133250026032,200,9.19,
43.77023612521589,200,11.608,
43.780099250376225,200,9.068,
43.79316725023091,200,8.887,
43.8007374163717,200,11.826,
43.81005062535405,200,11.127,
43.82012545829639,200,8.611,
43.83043179102242,200,8.973,
43.84013712545857,200,10.104,
43.85218687541783,200,10.7,
43.8603120832704,200,9.947,
43.870876708067954,200,10.943,
43.88104745838791,200,11.944,
43.89073229115456,200,10.3,
43.900502333417535,200,8.675,
43.91458237543702,200,9.035,
43.92021050024778,200,11.512,
43.93099583312869,200,11.728,
43.941916541196406,200,10.208,
43.950082750059664,200,10.06,
43.96015337528661,200,10.182,
43.972005375195295,200,12.985,
43.981332291383296,200,9.497,
43.99017120804638,200,8.863,
44.00482991617173,200,11.045,
44.01001750025898,200,10.337,
44.02077316632494,200,16.6,
44.03046533325687,200,12.051,
44.04204741632566,200,15.316,
44.05156375002116,200,11.99,
44.06164775043726,200,9.587,
44.070597666315734,200,9.284,
44.0823122500442,200,11.359,
44.09324016608298,200,12.082,
44.1007691253908,200,10.352,
44.11137804109603,200,10.474,
44.120047791395336,200,10.92,
44.130940875038505,200,8.565,
44.14436779124662,200,11.034,
44.15133562544361,200,9.534,
44.160368375014514,200,8.238,
44.17001691600308,200,8.697,
44.180326083209366,200,11.612,
44.19115454144776,200,8.98,
44.200156833045185,200,8.661,
44.21479741623625,200,9.085,
44.22208783309907,200,9.135,
44.23375758342445,200,10.253,
44.24302945844829,200,11.115,
44.25120958313346,200,9.809,
44.26193816633895,200,9.272,
44.2709520412609,200,10.401,
44.280160083435476,200,10.472,
44.293336833361536,200,10.502,
44.300283041317016,200,9.063,
44.31089958315715,200,10.7,
44.320045666303486,200,8.597,
44.33478695806116,200,10.551,
44.34140491625294,200,9.881,
44.35096045816317,200,10.531,
44.364385708235204,200,11.384,
44.37168554123491,200,9.957,
44.380177416373044,200,10.82,
44.3909248332493,200,9.103,
44.400028333067894,200,8.327,
44.41012491611764,200,9.136,
44.42002541618422,200,9.603,
44.43078470835462,200,10.561,
44.440840375144035,200,9.994,
44.45026170834899,200,9.839,
44.463220208417624,200,11.277,
44.47330716624856,200,9.233,
44.481089000124484,200,11.054,
44.490174166392535,200,8.823,
44.50128679117188,200,8.302,
44.51131633343175,200,8.743,
44.521077083423734,200,9.667,
44.53037250041962,200,9.765,
44.54138566600159,200,10.404,
44.5501780831255,200,9.798,
44.56036812532693,200,10.562,
44.57236229116097,200,11.611,
44.580010750330985,200,9.404,
44.59386775037274,200,8.536,
44.60088100004941,200,9.202,
44.610277000349015,200,8.157,
44.6244350830093,200,9.448,
44.63046758342534,200,9.761,
44.64257783303037,200,10.817,
44.65074266633019,200,13.216,
44.664412000216544,200,9.858,
44.6707910830155,200,9.746,
44.680387625005096,200,9.078,
44.69193787500262,200,11.535,
44.70158383343369,200,11.62,
44.71303991600871,200,10.797,
44.72046862542629,200,10.263,
44.730048375204206,200,8.864,
44.744913750328124,200,9.229,
44.75091812526807,200,10.241,
44.76049666618928,200,8.781,
44.77107720822096,200,8.612,
44.78054891619831,200,8.508,
44.794314625207335,200,10.209,
44.800622458104044,200,9.597,
44.81121720839292,200,8.854,
44.82229808345437,200,8.717,
44.8308787913993,200,8.917,
44.84070862503722,200,8.864,
44.853108333423734,200,11.63,
44.861073666252196,200,10.604,
44.870131333358586,200,11.859,
44.88068816624582,200,10.969,
44.89008075045422,200,9.198,
44.90401812503114,200,9.969,
44.910305000375956,200,9.385,
44.92478883313015,200,11.542,
44.9300761250779,200,10.742,
44.94195729121566,200,10.175,
44.95030187536031,200,10.267,
44.96379795810208,200,9.938,
44.97052212525159,200,8.24,
44.98466600012034,200,9.333,
44.99087670817971,200,8.514,
45.001069916412234,200,8.242,
45.01017070841044,200,8.539,
45.02187420800328,200,10.049,
45.03002708312124,200,8.483,
45.040863916277885,200,8.826,
45.0508307502605,200,7.994,
45.064484500326216,200,11.222,
45.070323875173926,200,8.617,
45.082395625300705,200,9.906,
45.09015150042251,200,9.913,
45.10110070835799,200,7.878,
45.11437645833939,200,9.185,
45.12058558315039,200,9.496,
45.132265916094184,200,9.396,
45.140047958120704,200,10.112,
45.1512832082808,200,9.052,
45.162052708212286,200,8.471,
45.17114900005981,200,9.564,
45.18031254131347,200,9.697,
45.191216458100826,200,9.543,
45.200384208001196,200,8.831,
45.21219787513837,200,9.191,
45.22323862509802,200,10.729,
45.232124916277826,200,11.145,
45.241131958086044,200,9.606,
45.25032295845449,200,8.862,
45.264279041439295,200,9.582,
45.27033491618931,200,10.787,
45.280744791030884,200,9.583,
45.29445020807907,200,10.525,
45.30126587534323,200,9.229,
45.3112779580988,200,9.467,
45.320491375401616,200,10.019,
45.33126650005579,200,9.849,
45.34032545844093,200,11.775,
45.35253841616213,200,12.841,
45.36054175021127,200,10.761,
45.37013925006613,200,10.478,
45.381920125335455,200,9.63,
45.39066629111767,200,12.193,
45.40003200015053,200,9.284,
45.41315820813179,200,10.206,
45.420534333214164,200,8.947,
45.434082000050694,200,9.998,
45.44029541639611,200,9.543,
45.453134125098586,200,10.601,
45.46047241613269,200,17.965,
45.470869458280504,200,12.641,
45.480560125317425,200,10.792,
45.49214837513864,200,9.968,
45.500289583113045,200,10.267,
45.51276316633448,200,13.907,
45.5202965834178,200,10.478,
45.53066112520173,200,8.604,
45.544003083370626,200,9.891,
45.55028629116714,200,8.901,
45.56132437521592,200,8.836,
45.57099233334884,200,8.748,
45.580770458094776,200,9.272,
45.59437108319253,200,9.08,
45.60210029128939,200,9.697,
45.61119783343747,200,11.344,
45.620055000297725,200,10.041,
45.63005250040442,200,10.405,
45.640290041454136,200,9.396,
45.65205679135397,200,9.048,
45.66040312545374,200,9.66,
45.67468791641295,200,9.69,
45.68086729105562,200,9.496,
45.690520958043635,200,8.782,
45.70109112514183,200,9.294,
45.71096145827323,200,9.83,
45.72045870823786,200,11.08,
45.73458812525496,200,9.599,
45.74031300004572,200,8.492,
45.754771541338414,200,9.81,
45.760121333412826,200,8.742,
45.77122637536377,200,12.204,
45.78086058329791,200,9.677,
45.79000608343631,200,9.109,
45.800225708168,200,13.123,
45.81005479115993,200,9.711,
45.82233329117298,200,10.676,
45.83091250015423,200,10.572,
45.84443891607225,200,10.249,
45.85100441612303,200,9.031,
45.8613040833734,200,8.931,
45.872260166332126,200,9.419,
45.88023900007829,200,10.454,
45.89482266642153,200,10.308,
45.90142250014469,200,9.956,
45.91002191603184,200,9.688,
45.92058679135516,200,9.034,
45.93301425036043,200,9.883,
45.94005191605538,200,9.622,
45.9548710831441,200,9.744,
45.960856083314866,200,10.212,
45.97038104105741,200,10.532,
45.98013437539339,200,12.187,
45.993549541104585,200,10.212,
46.00016145827249,200,9.635,
46.010928250383586,200,9.638,
46.02023025043309,200,9.376,
46.030923708342016,200,8.91,
46.04444129113108,200,10.087,
46.05035250028595,200,8.892,
46.060167625080794,200,8.632,
46.072910791262984,200,8.783,
46.08094395836815,200,9.377,
46.090168291237205,200,9.032,
46.10209675040096,200,9.718,
46.11036408320069,200,9.866,
46.120190458372235,200,10.498,
46.134802541229874,200,11.178,
46.14213812537491,200,10.313,
46.151148833334446,200,10.859,
46.16001308336854,200,9.746,
46.17099666642025,200,9.748,
46.180018791463226,200,22.458,
46.19031154131517,200,17.272,
46.20070062531158,200,12.031,
46.21210308326408,200,13.134,
46.22032112535089,200,10.935,
46.232910208404064,200,10.415,
46.24087883345783,200,9.503,
46.25000720843673,200,8.493,
46.26484487531707,200,9.956,
46.27135808300227,200,8.665,
46.284230958204716,200,10.705,
46.29026429122314,200,12.289,
46.30475725000724,200,10.615,
46.31182612525299,200,9.478,
46.320013291202486,200,9.485,
46.3348923753947,200,15.74,
46.34120633313432,200,24.761,
46.35106550017372,200,17.221,
46.360019750427455,200,12.929,
46.370058125350624,200,9.202,
46.383552708197385,200,11.487,
46.39092320809141,200,12.784,
46.400170791428536,200,9.957,
46.410098041407764,200,8.708,
46.42027450026944,200,11.149,
46.43091829121113,200,13.247,
46.44034954113886,200,9.298,
46.450863333418965,200,8.392,
46.46012637531385,200,11.108,
46.470853875391185,200,9.019,
46.48006120836362,200,8.381,
46.491984041407704,200,9.667,
46.50032475031912,200,11.991,
46.510295500047505,200,15.304,
46.52071012509987,200,11.11,
46.53023700043559,200,9.441,
46.54476908314973,200,10.172,
46.55096200015396,200,9.324,
46.56126191606745,200,8.545,
46.57317475043237,200,8.758,
46.581224208232015,200,8.951,
46.5911186253652,200,8.503,
46.60436916630715,200,9.235,
46.61047270800918,200,8.386,
46.6246730000712,200,8.225,
46.63103379122913,200,8.533,
46.64439441636205,200,13.407,
46.65215037530288,200,9.601,
46.661830000113696,200,8.147,
46.670922125224024,200,8.616,
46.68064995808527,200,10.001,
46.69114537537098,200,9.158,
46.70043483329937,200,10.028,
46.7103315833956,200,8.528,
46.72033516643569,200,8.458,
46.734653333202004,200,9.251,
46.74056400032714,200,9.361,
46.75008958345279,200,9.049,
46.760189541149884,200,9.296,
46.77032483322546,200,15.499,
46.78077379101887,200,10.355,
46.79253850039095,200,10.324,
46.80048866616562,200,9.842,
46.81045104144141,200,9.368,
46.820343708153814,200,8.929,
46.83292254107073,200,10.466,
46.84133995836601,200,10.536,
46.850088416133076,200,9.995,
46.860249416437,200,8.816,
46.87119225040078,200,9.226,
46.8802407910116,200,10.603,
46.89025345817208,200,9.333,
46.900422875303775,200,9.225,
46.91056725010276,200,9.349,
46.92090041609481,200,8.88,
46.930627041030675,200,9.209,
46.9407477080822,200,9.786,
46.95034333318472,200,8.952,
46.961060125380754,200,9.005,
46.97229862539098,200,10.965,
46.98055100021884,200,12.153,
46.99209658335894,200,10.337,
47.000922583043575,200,11.5,
47.01070591621101,200,14.571,
47.02051087515429,200,11.205,
47.03032908309251,200,10.46,
47.040129125118256,200,10.125,
47.0528818750754,200,11.27,
47.06008670805022,200,9.599,
47.07220133300871,200,9.443,
47.08009325014427,200,9.72,
47.094844500068575,200,9.969,
47.101228666026145,200,9.565,
47.11001408332959,200,9.074,
47.12344070803374,200,9.607,
47.13014483312145,200,9.81,
47.14478804124519,200,11.304,
47.1521155834198,200,10.992,
47.16001820843667,200,9.896,
47.17240083310753,200,12.136,
47.18011087505147,200,11.004,
47.190390041098,200,10.292,
47.20018233312294,200,9.733,
47.21417462499812,200,10.627,
47.22081712540239,200,9.535,
47.23205441609025,200,8.755,
47.240113583393395,200,9.673,
47.2548602912575,200,10.428,
47.261167333461344,200,8.652,
47.27092604106292,200,8.684,
47.280671041458845,200,9.252,
47.2908532503061,200,9.059,
47.30323483329266,200,10.1,
47.31044108327478,200,9.213,
47.32142366608605,200,9.244,
47.330114958342165,200,12.049,
47.34005237510428,200,10.76,
47.350035125389695,200,10.592,
47.36068120831624,200,10.694,
47.371649333275855,200,10.456,
47.38035504100844,200,10.307,
47.39005625015125,200,11.022,
47.40004379115999,200,10.89,
47.410230291076005,200,10.04,
47.42219983320683,200,9.437,
47.43014100007713,200,11.646,
47.44033958343789,200,11.145,
47.45005675032735,200,11.224,
47.461103833280504,200,11.419,
47.47138025006279,200,10.483,
47.48234016634524,200,10.981,
47.49020887538791,200,9.136,
47.50478525040671,200,10.656,
47.51252008322626,200,12.546,
47.52024354133755,200,9.115,
47.53008558321744,200,10.197,
47.54488425003365,200,12.046,
47.55028316611424,200,10.441,
47.560562833212316,200,12.365,
47.5727342502214,200,11.53,
47.58009050041437,200,10.667,
47.591905375011265,200,10.492,
47.6000136253424,200,11.181,
47.614896583370864,200,10.141,
47.62209841609001,200,8.999,
47.63041558302939,200,8.724,
47.64009325020015,200,8.945,
47.6512598330155,200,9.216,
47.660330791026354,200,9.472,
47.670184625312686,200,8.928,
47.68007016601041,200,9.225,
47.69017054140568,200,10.073,
47.70003395806998,200,9.4,
47.71488029137254,200,11.053,
47.721790625248104,200,10.701,
47.73098225006834,200,11.953,
47.74002929124981,200,12.14,
47.75054304115474,200,9.824,
47.764049750287086,200,10.606,
47.770299916155636,200,9.213,
47.78066045837477,200,8.69,
47.793638333212584,200,10.238,
47.80086929118261,200,9.142,
47.81107620801777,200,9.237,
47.821143416222185,200,9.066,
47.830146708060056,200,10.438,
47.84043366601691,200,9.142,
47.850558541249484,200,8.732,
47.86035008309409,200,9.328,
47.87086687516421,200,10.26,
47.88051633303985,200,10.541,
47.89160291617736,200,11.351,
47.90025266632438,200,10.303,
47.91191162541509,200,9.408,
47.920145916286856,200,8.607,
47.93483850033954,200,9.268,
47.940946500282735,200,10.093,
47.95062800031155,200,8.373,
47.96018666634336,200,10.062,
47.97003800002858,200,8.285,
47.984517083037645,200,8.908,
47.99159966642037,200,9.173,
48.00052495812997,200,8.762,
48.01070350036025,200,15.91,
48.02028770837933,200,11.143,
48.031220083124936,200,9.947,
48.04010079102591,200,9.07,
48.050185333006084,200,8.805,
48.06394150014967,200,9.318,
48.07048966642469,200,8.518,
48.08260304108262,200,10.686,
48.09126920811832,200,10.27,
48.100052083376795,200,9.574,
48.11480641644448,200,8.978,
48.12208716617897,200,9.745,
48.130327000282705,200,11.556,
48.140020083170384,200,12.45,
48.15075212530792,200,10.37,
48.163231750018895,200,9.814,
48.17015037545934,200,8.592,
48.18183875037357,200,11.119,
48.1905818330124,200,9.725,
48.20450400002301,200,10.177,
48.21119925007224,200,9.174,
48.22089812532067,200,8.998,
48.234467833302915,200,9.653,
48.24266433343291,200,10.068,
48.25019120844081,200,8.434,
48.262100166175514,200,12.722,
48.27060945844278,200,9.978,
48.28108737524599,200,10.399,
48.29015220841393,200,10.767,
48.30160262528807,200,11.489,
48.310920000076294,200,11.208,
48.322029958013445,200,9.41,
48.332338250242174,200,9.61,
48.34232508344576,200,9.142,
48.35032895812765,200,10.151,
48.36031154124066,200,9.132,
48.370725916232914,200,9.077,
48.38145854137838,200,9.053,
48.39195887511596,200,9.4,
48.40103633329272,200,8.779,
48.41228400031105,200,8.732,
48.42031120834872,200,9.636,
48.4335047500208,200,15.78,
48.44005237519741,200,10.683,
48.45093954121694,200,11.104,
48.46174225024879,200,9.145,
48.47055191639811,200,11.419,
48.480624250136316,200,9.255,
48.494354458060116,200,9.836,
48.50066470820457,200,9.023,
48.51423054141924,200,12.834,
48.521177125163376,200,9.574,
48.5319840000011,200,8.68,
48.5410112910904,200,9.914,
48.55015083309263,200,10.054,
48.56213204143569,200,8.624,
48.570025000255555,200,9.13,
48.580052791163325,200,8.354,
48.592199500184506,200,8.687,
48.60021370835602,200,9.015,
48.61289462540299,200,9.517,
48.620077666360885,200,10.427,
48.63239150028676,200,11.238,
48.640208958182484,200,10.31,
48.65008254116401,200,9.607,
48.66480987519026,200,10.844,
48.67005083337426,200,10.095,
48.6812417502515,200,12.601,
48.6908678333275,200,11.672,
48.70098875043914,200,10.749,
48.71016391646117,200,9.126,
48.72030033310875,200,8.213,
48.73470783326775,200,9.22,
48.741089958231896,200,9.738,
48.75006533320993,200,10.587,
48.7603032910265,200,9.003,
48.77062425017357,200,10.158,
48.780374583322555,200,9.657,
48.79459875030443,200,10.266,
48.80118262534961,200,10.152,
48.81013008300215,200,9.339,
48.82038575038314,200,8.404,
48.831259791273624,200,8.768,
48.8408205001615,200,8.48,
48.851169041357934,200,10.265,
48.86427337536588,200,13.225,
48.872024208307266,200,8.956,
48.88096783310175,200,10.098,
48.89020370831713,200,10.014,
48.90015795826912,200,9.057,
48.9145342502743,200,9.611,
48.92086275015026,200,9.202,
48.93097304133698,200,9.567,
48.94036037521437,200,9.138,
48.950068458449095,200,9.055,
48.961018750444055,200,9.163,
48.971092166379094,200,12.904,
48.98248591599986,200,10.806,
48.9915383332409,200,10.587,
49.0020452500321,200,10.823,
49.010129208210856,200,16.59,
49.02474058326334,200,11.404,
49.03001308301464,200,9.164,
49.044924875255674,200,9.535,
49.05095687508583,200,8.676,
49.06057075038552,200,8.163,
49.074648458044976,200,9.649,
49.08074954105541,200,9.04,
49.091285875067115,200,11.122,
49.103568541351706,200,11.102,
49.111143791116774,200,9.032,
49.12116791633889,200,8.764,
49.134338750038296,200,9.754,
49.14073729142547,200,8.481,
49.150183708406985,200,10.304,
49.16001166636124,200,8.525,
49.17416983330622,200,8.892,
49.18117050034925,200,8.966,
49.19121750025079,200,8.38,
49.20124041615054,200,8.554,
49.21429020818323,200,9.495,
49.221024541184306,200,8.638,
49.23047775030136,200,9.114,
49.242891958449036,200,9.069,
49.250083250459284,200,8.795,
49.261708333157,200,11.025,
49.27087591635063,200,10.739,
49.28076287545264,200,11.121,
49.290755458176136,200,13.185,
49.30089700035751,200,17.785,
49.31105933338404,200,17.744,
49.3200122914277,200,10.404,
49.33104341616854,200,15.592,
49.34439312526956,200,15.929,
49.35029466636479,200,9.569,
49.36009983345866,200,8.085,
49.37028583325446,200,7.462,
49.38027895800769,200,7.806,
49.39170366618782,200,7.436,
49.402117875404656,200,8.198,
49.411211708094925,200,9.183,
49.42018587514758,200,8.616,
49.43476391630247,200,9.509,
49.44025508314371,200,8.7,
49.45479595800862,200,10.54,
49.46156625030562,200,10.641,
49.470420375000685,200,9.093,
49.480624250136316,200,8.975,
49.491050500422716,200,9.108,
49.50006987527013,200,9.042,
49.51484908303246,200,10.841,
49.521031791344285,200,9.624,
49.530184333212674,200,9.492,
49.543109375052154,200,11.187,
49.550165416207165,200,9.793,
49.5600130003877,200,9.596,
49.570577666163445,200,9.818,
49.580089000053704,200,9.153,
49.590422083158046,200,9.28,
49.60088254138827,200,9.779,
49.610326500143856,200,8.8,
49.62019154103473,200,2185.659,
49.631302333436906,200,2243.741,
49.64423504145816,200,2269.533,
49.65273420838639,200,2171.294,
49.662327375262976,200,2204.056,
49.6723497081548,200,2210.044,
49.6835160413757,200,3951.045,
49.69306495832279,200,2243.13,
49.70064533315599,200,2256.744,
49.71455491613597,200,3968.392,
49.7225954583846,200,3963.476,
49.730332125443965,200,2228.996,
49.744739500340074,200,2205.241,
49.75249854102731,200,3945.447,
49.7601910000667,200,2204.44,
49.7747815833427,200,2138.203,
49.782497375272214,200,2202.968,
49.793620833195746,200,2198.707,
49.80033362517133,200,2242.331,
49.814236916136,200,2159.58,
49.82087504118681,200,2190.751,
49.83428687509149,200,2170.266,
49.84203812526539,200,2219.079,
49.853636416140944,200,1271.206,
49.86221870826557,200,1217.837,
49.872115791309625,200,1267.393,
49.88099025003612,200,2230.325,
49.89276758302003,200,2159.599,
49.90110283344984,200,2164.751,
49.91007495811209,200,1352.082,
49.92030654102564,200,2177.098,
49.932025333400816,200,2236.73,
49.94024029141292,200,1306.979,
49.95463850023225,200,2149.124,
49.96009779116139,200,2183.962,
49.97020254144445,200,2153.268,
49.982667916454375,200,2158.707,
49.99057491635904,200,2153.575,
50.00229129102081,200,2146.852,
50.010045666247606,200,1222.062,
50.02147945808247,200,1250.93,
50.03004658315331,200,1281.402,
50.04270904138684,200,2140.48,
50.05268775019795,200,2131.096,
50.06096583325416,200,2155.028,
50.07429395802319,200,1260.597,
50.08212658343837,200,2141.208,
50.0907486253418,200,2137.558,
50.103080708067864,200,2113.715,
50.11255750013515,200,1347.617,
50.12158070830628,200,2120.386,
50.13345279125497,200,1305.569,
50.14011966623366,200,1311.982,
50.15005450043827,200,1315.522,
50.16087095811963,200,1279.682,
50.17124170809984,200,1307.735,
50.18431091634557,200,1313.622,
50.19253887515515,200,1290.833,
50.202390250284225,200,2058.894,
50.21194779127836,200,1280.413,
50.22011016635224,200,1321.757,
50.23064108332619,200,1244.359,
50.24318475043401,200,2027.216,
50.250315708108246,200,2025.249,
50.26263420842588,200,2023.776,
50.27204891620204,200,2024.636,
50.281779166311026,200,1306.461,
50.29381583305076,200,1266.023,
50.30261733336374,200,2023.046,
50.31255470821634,200,743.193,
50.3228770410642,200,2022.623,
50.33303920831531,200,713.41,
50.34331970801577,200,800.534,
50.35227341623977,200,827.778,
50.36175320809707,200,794.612,
50.3737731250003,200,1359.026,
50.380884083453566,200,1237.285,
50.390496666077524,200,803.145,
50.40329112531617,200,875.304,
50.41305800015107,200,1234.887,
50.42239850014448,200,1302.702,
50.430795416235924,200,836.195,
50.4441472501494,200,868.502,
50.4526787083596,200,1267.065,
50.461287666112185,200,1220.043,
50.474124166183174,200,1301.201,
50.480204083025455,200,834.377,
50.4925562501885,200,1314.459,
50.500565541442484,200,1305.012,
50.51305791642517,200,826.544,
50.52009762544185,200,823.193,
50.53091466613114,200,1219.676,
50.54005112545565,200,1284.434,
50.554739041253924,200,476.171,
50.56239904137328,200,496.474,
50.570199583191425,200,496.166,
50.58285408327356,200,537.004,
50.593132166191936,200,587.395,
50.60127787524834,200,592.079,
50.61231541633606,200,613.608,
50.62539441604167,200,837.772,
50.636832083109766,200,819.448,
50.6412842082791,200,594.619,
50.650743500329554,200,856.062,
50.66127012530342,200,779.418,
50.674142125062644,200,347.28,
50.682650291360915,200,2048.748,
50.69129812531173,200,440.703,
50.70348366629332,200,457.851,
50.712312541436404,200,414.924,
50.7232510834001,200,476.152,
50.733151875436306,200,270.897,
50.74321975000203,200,462.24,
50.753165958449244,200,312.818,
50.76032533310354,200,220.378,
50.77470170846209,200,409.097,
50.78110225033015,200,266.913,
50.794339791405946,200,227.914,
50.80185687541962,200,370.524,
50.81122775003314,200,245.258,
50.8201012914069,200,292.839,
50.834781125187874,200,264.245,
50.84202062524855,200,186.465,
50.85001412546262,200,282.373,
50.86056441627443,200,221.14,
50.870706416200846,200,163.802,
50.88060058327392,200,270.339,
50.89010137505829,200,249.228,
50.900153250433505,200,149.135,
50.91002916637808,200,160.453,
50.92194729112089,200,251.817,
50.93114629108459,200,269.336,
50.94432287523523,200,232.486,
50.952607333194464,200,256.44,
50.960124833043665,200,460.671,
50.97198933316395,200,260.003,
50.981070291250944,200,747.293,
50.990092125255615,200,332.973,
51.00020083319396,200,302.596,
51.01224537519738,200,439.787,
51.02019375003874,200,205.644,
51.03046991629526,200,254.603,
51.04112883331254,200,354.561,
51.052115000318736,200,260.076,
51.063792208209634,200,330.801,
51.07202350022271,200,381.806,
51.080053916200995,200,265.729,
51.09032854111865,200,316.883,
51.10126500017941,200,322.101,
51.1105638332665,200,296.684,
51.12040741601959,200,250.867,
51.13024141639471,200,330.802,
51.1446744161658,200,223.852,
51.15036004129797,200,288.539,
51.160183208063245,200,261.194,
51.17134170839563,200,230.849,
51.180663250386715,200,262.623,
51.19320591632277,200,273.517,
51.20102783339098,200,280.19,
51.210059291217476,200,228.638,
51.22031504102051,200,205.801,
51.23160316608846,200,265.38,
51.240087625104934,200,175.923,
51.250052916351706,200,303.576,
51.260139000136405,200,305.272,
51.27045112522319,200,236.677,
51.28228112543002,200,264.925,
51.291605583392084,200,382.312,
51.302321166265756,200,194.585,
51.31039912533015,200,252.277,
51.32296383334324,200,253.707,
51.33076904108748,200,219.977,
51.340810291003436,200,220.41,
51.35447387536988,200,220.144,
51.36014354135841,200,214.912,
51.370525708422065,200,202.3,
51.38024929119274,200,216.979,
51.390040083322674,200,206.883,
51.4003094159998,200,172.15,
51.410092000383884,200,207.141,
51.42015291610733,200,228.194,
51.430099291261286,200,229.575,
51.441898541059345,200,167.678,
51.45003137504682,200,209.955,
51.46019195811823,200,103.833,
51.47003620816395,200,189.527,
51.48154616635293,200,187.758,
51.490255458280444,200,229.293,
51.50034112529829,200,152.61,
51.51056762505323,200,203.022,
51.520198583137244,200,113.699,
51.53096470842138,200,196.472,
51.54025695845485,200,214.728,
51.55072558345273,200,168.311,
51.560102958232164,200,143.666,
51.57096741627902,200,247.951,
51.580519958399236,200,210.781,
51.591952125076205,200,198.373,
51.601742750033736,200,253.737,
51.61002870835364,200,196.074,
51.6200622911565,200,203.627,
51.630762541200966,200,149.189,
51.6402767081745,200,118.617,
51.650428833439946,200,198.816,
51.66033966606483,200,172.526,
51.670222375076264,200,182.492,
51.68095729127526,200,122.879,
51.690787833184004,200,201.49,
51.70012958301231,200,270.172,
51.71035195840523,200,145.965,
51.721838833298534,200,208.483,
51.731628083158284,200,241.021,
51.74015233339742,200,266.52,
51.7510091252625,200,249.018,
51.76204020809382,200,210.113,
51.770227583125234,200,210.722,
51.780087375082076,200,193.786,
51.790113208349794,200,180.536,
51.80004366626963,200,191.024,
51.81021200027317,200,177.285,
51.8201161660254,200,239.959,
51.83662987500429,200,220.221,
51.84074916644022,200,162.947,
51.850066125392914,200,207.079,
51.86237462516874,200,171.091,
51.87084912508726,200,195.773,
51.88016933342442,200,182.021,
51.89012304134667,200,197.627,
51.90177037520334,200,194.417,
51.9105572081171,200,178.238,
51.92086179135367,200,165.815,
51.93023254116997,200,178.9,
51.944368166383356,200,184.302,
51.95046650012955,200,180.3,
51.96219200035557,200,149.762,
51.97179204132408,200,109.338,
51.98027520813048,200,125.28,
51.990037666168064,200,155.143,
52.00017208326608,200,131.252,
52.01496375026181,200,170.495,
52.02142900042236,200,150.117,
52.031778500415385,200,145.913,
52.04070195835084,200,182.122,
52.050122500397265,200,126.158,
52.064537291415036,200,127.125,
52.07013262528926,200,122.104,
52.080394458025694,200,126.687,
52.092020666226745,200,115.081,
52.10206170845777,200,113.074,
52.11183716636151,200,103.608,
52.12013191636652,200,121.502,
52.13112733326852,200,105.852,
52.140698625240475,200,94.566,
52.15247904136777,200,85.074,
52.16214262507856,200,85.204,
52.170773041434586,200,68.946,
52.180413083173335,200,48.697,
52.19010762544349,200,59.643,
52.201221416238695,200,54.338,
52.211298041045666,200,48.589,
52.22155358316377,200,42.477,
52.23016791604459,200,35.442,
52.24327262537554,200,23.676,
52.253139791078866,200,17.407,
52.2610666253604,200,14.467,
52.27046737540513,200,8.715,
52.2828504582867,200,10.774,
52.29066229145974,200,8.789,
52.302791375201195,200,9.295,
52.311494291294366,200,10.345,
52.320436333306134,200,9.264,
52.33274962520227,200,9.464,
52.34128437517211,200,9.968,
52.351924625225365,200,8.54,
52.360222125425935,200,7.771,
52.37448912533,200,11.562,
52.38118770811707,200,10.699,
52.391919375397265,200,8.565,
52.403884125407785,200,11.447,
52.41006079129875,200,9.525,
52.42053208313882,200,9.707,
52.43411762500182,200,12.631,
52.44004066614434,200,11.651,
52.45132283307612,200,10.517,
52.463107666000724,200,11.884,
52.470098375342786,200,11.483,
52.480015208013356,200,14.882,
52.49085650034249,200,10.719,
52.50012508314103,200,17.007,
52.51023025019094,200,11.661,
52.52063133334741,200,8.189,
52.53459650045261,200,10.419,
52.54066850012168,200,9.619,
52.55085854139179,200,9.219,
52.564432750456035,200,9.584,
52.57057800004259,200,10.949,
52.58035650011152,200,11.807,
52.59020254109055,200,10.842,
52.6008567083627,200,8.839,
52.610787958372384,200,7.996,
52.62451658304781,200,10.192,
52.63005670811981,200,9.321,
52.6405717083253,200,11.863,
52.654621875379235,200,13.489,
52.66233708336949,200,14.288,
52.67230941634625,200,14.044,
52.680115833412856,200,25.199,
52.690150500275195,200,36.588,
52.70016979100183,200,33.123,
52.71401450037956,200,33.503,
52.72061025025323,200,27.183,
52.73364800028503,200,40.882,
52.74012175016105,200,37.649,
52.75005191611126,200,29.707,
52.760098916012794,200,26.156,
52.770282625220716,200,16.064,
52.78084987541661,200,12.471,
52.792901458218694,200,9.951,
52.80337387509644,200,13.402,
52.81013737525791,200,14.232,
52.82304850034416,200,10.471,
52.830485000275075,200,19.819,
52.84047020832077,200,12.938,
52.85398254124448,200,13.718,
52.860106208361685,200,12.349,
52.87102383328602,200,10.191,
52.880674625281245,200,9.61,
52.89096050010994,200,7.98,
52.90437200013548,200,10.564,
52.911890083458275,200,8.727,
52.92397345835343,200,8.455,
52.93053129129112,200,8.559,
52.94133229134604,200,8.565,
52.951232250314206,200,8.486,
52.963348291348666,200,8.88,
52.97076295828447,200,8.941,
52.980879958253354,200,10.006,
52.99001337541267,200,9.645,
53.00150179117918,200,11.013,
53.010272208135575,200,9.684,
53.02231620810926,200,11.544,
53.03142266627401,200,11.681,
53.041020083241165,200,8.716,
53.05091437511146,200,7.723,
53.06446895841509,200,9.218,
53.070278333034366,200,8.711,
53.08279037522152,200,9.178,
53.09015495842323,200,8.617,
53.10331479134038,200,8.65,
53.110014541074634,200,8.501,
53.124906541313976,200,10.543,
53.13011304102838,200,9.122,
53.14001258322969,200,9.345,
53.15188491623849,200,9.46,
53.160699375439435,200,10.608,
53.1708054584451,200,10.049,
53.18437470821664,200,11.314,
53.19132241606712,200,13.111,
53.20002325018868,200,10.504,
53.21022808318958,200,11.52,
53.22061175014824,200,9.789,
53.231537791434675,200,9.451,
53.24029504135251,200,9.212,
53.2505534584634,200,8.89,
53.260316708125174,200,8.455,
53.272596625145525,200,12.577,
53.28014591615647,200,11.024,
53.29162008315325,200,10.064,
53.3012421252206,200,10.539,
53.31129162525758,200,9.819,
53.32092275004834,200,8.837,
53.33397058304399,200,10.305,
53.340910291299224,200,11.893,
53.350544250104576,200,10.089,
53.36052587535232,200,9.039,
53.370639375410974,200,9.129,
53.382148125208914,200,9.167,
53.39084633300081,200,8.731,
53.40072354115546,200,8.397,
53.41255145845935,200,8.808,
53.42089733341709,200,9.847,
53.430473500397056,200,9.715,
53.444205375388265,200,11.925,
53.450039541348815,200,11.001,
53.46004020841792,200,11.226,
53.47022454114631,200,11.097,
53.48049012525007,200,10.589,
53.490058875177056,200,11.617,
53.501036000438035,200,9.029,
53.51016041636467,200,8.585,
53.52133175032213,200,10.311,
53.53090070839971,200,10.418,
53.54099625023082,200,9.246,
53.55320879118517,200,10.052,
53.56082920823246,200,11.236,
53.57024012506008,200,10.031,
53.58007658319548,200,9.39,
53.59470737539232,200,13.214,
53.601187291089445,200,13.933,
53.61013583326712,200,9.178,
53.62026291619986,200,14.329,
53.6306630410254,200,13.352,
53.640333333052695,200,31.712,
53.653834333177656,200,28.296,
53.66168187512085,200,20.812,
53.67052158340812,200,17.066,
53.680259000044316,200,14.69,
53.69140425045043,200,11.903,
53.70031900005415,200,8.572,
53.71013216627762,200,9.564,
53.72009087540209,200,8.439,
53.73008558340371,200,9.102,
53.74028987530619,200,9.459,
53.750902250409126,200,10.303,
53.76003666641191,200,11.216,
53.77057754108682,200,11.841,
53.78211254114285,200,10.214,
53.790168083272874,200,11.631,
53.8001365410164,200,9.437,
53.81267854105681,200,16.831,
53.82009945809841,200,14.033,
53.830154666211456,200,10.559,
53.84001895831898,200,10.557,
53.850024458020926,200,11.289,
53.862102708313614,200,10.556,
53.8730500000529,200,10.221,
53.88126054126769,200,11.0,
53.89066195813939,200,9.816,
53.90380450012162,200,11.348,
53.9112884583883,200,9.164,
53.922111416235566,200,8.932,
53.930713791400194,200,10.473,
53.940340583212674,200,11.387,
53.95088091632351,200,11.585,
53.9608717081137,200,9.827,
53.970036833081394,200,9.101,
53.98318308312446,200,10.553,
53.99150812532753,200,9.219,
54.00070320814848,200,8.327,
54.011328250169754,200,8.186,
54.02064050035551,200,8.666,
54.03003991628066,200,15.963,
54.04007833311334,200,11.031,
54.05124345840886,200,9.206,
54.06025875033811,200,10.82,
54.07210175041109,200,9.745,
54.08129983302206,200,9.605,
54.09012933308259,200,8.734,
54.10440600011498,200,10.24,
54.111004000063986,200,9.552,
54.12087554112077,200,9.299,
54.130039708223194,200,10.441,
54.140232916455716,200,8.83,
54.15031637530774,200,13.83,
54.162563333287835,200,14.235,
54.17018225044012,200,10.553,
54.1835037083365,200,11.335,
54.19019512506202,200,10.967,
54.20042279129848,200,9.943,
54.21021375013515,200,9.813,
54.22001445805654,200,10.518,
54.2301971251145,200,10.615,
54.24091900000349,200,9.709,
54.25013304129243,200,10.273,
54.26005450030789,200,9.741,
54.27113650040701,200,9.241,
54.2819549581036,200,15.923,
54.29103200044483,200,11.762,
54.30416312534362,200,10.766,
54.31082562543452,200,9.719,
54.321968416217715,200,9.242,
54.33015387505293,200,9.867,
54.34221712499857,200,9.751,
54.350011833012104,200,8.956,
54.3613163754344,200,10.049,
54.37426375038922,200,12.232,
54.381278708111495,200,9.94,
54.390029250178486,200,8.581,
54.40488737542182,200,9.344,
54.412399916443974,200,12.039,
54.420860541053116,200,10.442,
54.43078487506136,200,9.814,
54.44036141643301,200,9.919,
54.45155079104006,200,11.525,
54.462358916178346,200,11.393,
54.4710412081331,200,12.284,
54.48421100014821,200,9.97,
54.49275283329189,200,10.726,
54.50011933315545,200,9.491,
54.51083979103714,200,9.627,
54.520145625341684,200,11.125,
54.5300158332102,200,11.368,
54.54129020823166,200,9.536,
54.5500846253708,200,11.44,
54.56014550011605,200,11.748,
54.57025933312252,200,10.541,
54.58202050020918,200,9.946,
54.59156479127705,200,8.588,
54.6021308330819,200,8.765,
54.6101233754307,200,9.627,
54.62094675004482,200,8.907,
54.63086512545124,200,8.468,
54.64373420830816,200,12.112,
54.65005554119125,200,15.715,
54.663088666275144,200,12.284,
54.67116158315912,200,11.47,
54.68397770822048,200,14.575,
54.69016158301383,200,13.684,
54.70039854105562,200,12.389,
54.71019645826891,200,14.908,
54.72034966619685,200,11.2,
54.73332891613245,200,11.455,
54.7422338752076,200,10.132,
54.75233362521976,200,8.939,
54.76009729132056,200,10.771,
54.7748411251232,200,9.423,
54.782388458028436,200,9.092,
54.79002575017512,200,8.575,
54.80489766644314,200,8.951,
54.8117677080445,200,9.642,
54.8212343333289,200,8.825,
54.83321425039321,200,11.319,
54.84120854130015,200,9.862,
54.85044525004923,200,10.582,
54.86460983334109,200,10.19,
54.870331458281726,200,8.51,
54.88133087521419,200,8.09,
54.89036204107106,200,8.251,
54.900011625140905,200,11.265,
54.91095416620374,200,9.466,
54.9202028750442,200,9.022,
54.93008758313954,200,11.627,
54.94127833331004,200,12.103,
54.95188270835206,200,25.066,
54.96220516646281,200,16.735,
54.97013437515125,200,14.273,
54.980440500192344,200,14.941,
54.990472708363086,200,11.752,
55.000019166152924,200,10.005,
55.012125166133046,200,10.892,
55.02065558312461,200,9.721,
55.030077000148594,200,9.166,
55.04045729106292,200,8.358,
55.053880208171904,200,9.824,
55.060199125204235,200,8.705,
55.07128920825198,200,9.806,
55.081011708360165,200,8.607,
55.09128841618076,200,9.305,
55.1000870000571,200,10.932,
55.110177708324045,200,9.26,
55.12070379126817,200,8.785,
55.13451658328995,200,9.263,
55.14266941603273,200,9.09,
55.150099750142545,200,9.864,
55.16229104110971,200,10.156,
55.1713930410333,200,11.736,
55.18182816635817,200,10.027,
55.19167425017804,200,8.566,
55.20126075018197,200,9.499,
55.210375333204865,200,9.849,
55.221609791275114,200,9.514,
55.23002220829949,200,10.234,
55.24015670828521,200,10.186,
55.25116758327931,200,8.775,
55.260855458211154,200,8.55,
55.2712837504223,200,9.886,
55.280854541342705,200,10.51,
55.29129345808178,200,8.596,
55.30413500033319,200,10.311,
55.31018720800057,200,9.225,
55.32026179134846,200,8.198,
55.33479033317417,200,9.246,
55.34055612515658,200,10.505,
55.35027870815247,200,10.851,
55.36444133333862,200,10.946,
55.371337208431214,200,9.877,
55.38035470806062,200,9.29,
55.39265137538314,200,8.729,
55.401291583199054,200,8.572,
55.41088925022632,200,8.508,
55.42097695823759,200,8.408,
55.430308166425675,200,11.37,
55.44282437535003,200,9.272,
55.45057445811108,200,9.723,
55.4612404583022,200,11.527,
55.472497708164155,200,9.745,
55.48195291636512,200,9.587,
55.493955333251506,200,10.149,
55.50022929115221,200,9.144,
55.51419337512925,200,11.448,
55.52018808340654,200,9.469,
55.53229816630483,200,9.945,
55.54012954141945,200,9.06,
55.55481829121709,200,10.256,
55.56229433324188,200,9.381,
55.57092591607943,200,9.178,
55.58030166616663,200,9.012,
55.5904185003601,200,8.939,
55.60017412528396,200,9.162,
55.61035595834255,200,8.915,
55.62316225003451,200,9.337,
55.63069291645661,200,9.541,
55.64338762545958,200,11.213,
55.65010516624898,200,11.551,
55.6609583334066,200,11.344,
55.670031250454485,200,10.387,
55.68043329101056,200,10.352,
55.690024375449866,200,11.204,
55.704362250398844,200,11.633,
55.71019758330658,200,10.018,
55.72469750000164,200,9.59,
55.73091191612184,200,8.829,
55.74087900016457,200,10.381,
55.75444000028074,200,9.842,
55.762660041451454,200,9.649,
55.77031008340418,200,8.707,
55.78003679122776,200,8.577,
55.79490900039673,200,15.839,
55.80003916611895,200,31.456,
55.81136295804754,200,26.032,
55.82249637506902,200,14.769,
55.83027341635898,200,10.927,
55.84085858333856,200,12.232,
55.85274470830336,200,12.936,
55.86136800004169,200,11.83,
55.87083387514576,200,8.729,
55.88439141632989,200,10.293,
55.890473833307624,200,12.128,
55.900136958342046,200,9.792,
55.913987583015114,200,10.641,
55.920628250110894,200,9.801,
55.93201608303934,200,8.439,
55.94118654122576,200,7.66,
55.9542878754437,200,8.42,
55.96057266602293,200,8.213,
55.97229262534529,200,7.378,
55.98032933333889,200,9.025,
55.994765375275165,200,10.288,
56.00010950025171,200,8.955,
56.01019216608256,200,12.041,
56.02018379140645,200,10.088,
56.03002858301625,200,9.452,
56.04133145837113,200,9.196,
56.051249916199595,200,8.182,
56.06396408332512,200,8.772,
56.070717541035265,200,8.749,
56.08456754125655,200,9.457,
56.09093062533066,200,9.353,
56.10113937500864,200,10.866,
56.11434912541881,200,10.535,
56.12195541616529,200,9.131,
56.13048508344218,200,10.302,
56.14168795803562,200,9.026,
56.15014400007203,200,9.242,
56.161110416054726,200,9.079,
56.17047283332795,200,9.691,
56.18006637506187,200,10.185,
56.19132166635245,200,9.029,
56.20102662499994,200,8.93,
56.21088012540713,200,9.125,
56.22008983325213,200,8.829,
56.230090166442096,200,10.059,
56.24116612505168,200,8.945,
56.2522456664592,200,9.239,
56.26020645815879,200,9.158,
56.27047612518072,200,9.686,
56.28127541625872,200,11.937,
56.29426254145801,200,11.776,
56.30008116643876,200,9.902,
56.313984875101596,200,12.713,
56.32022487511858,200,9.134,
56.330104291439056,200,9.168,
56.34425025014207,200,12.784,
56.35095379129052,200,11.634,
56.36071070842445,200,10.407,
56.37212770804763,200,9.945,
56.38230216642842,200,9.254,
56.391167416237295,200,10.089,
56.40100729139522,200,9.296,
56.41168641624972,200,9.537,
56.42289233300835,200,9.684,
56.43019491620362,200,9.141,
56.44045437499881,200,8.983,
56.453320833388716,200,10.603,
56.46061166608706,200,9.72,
56.470232208259404,200,9.04,
56.48416975000873,200,10.374,
56.49005008302629,200,9.139,
56.500093166250736,200,9.984,
56.51014945842326,200,9.528,
56.520872875116765,200,9.554,
56.531964333262295,200,9.731,
56.54011737508699,200,9.664,
56.554822041187435,200,10.505,
56.56173137528822,200,10.204,
56.57136645819992,200,9.829,
56.582096541300416,200,9.726,
56.590135500300676,200,10.505,
56.60028050001711,200,11.334,
56.610155375208706,200,10.392,
56.62021466623992,200,9.433,
56.63076854124665,200,8.361,
56.6400466253981,200,8.532,
56.650113250128925,200,12.318,
56.66072058305144,200,9.525,
56.674452625215054,200,10.18,
56.68126108311117,200,8.997,
56.69015520811081,200,8.859,
56.7012657080777,200,9.138,
56.710309750400484,200,8.609,
56.72002500016242,200,9.217,
56.730242708232254,200,10.729,
56.740421208087355,200,9.147,
56.75097283301875,200,9.495,
56.7609329582192,200,12.75,
56.77187866624445,200,10.439,
56.78083237539977,200,9.004,
56.79266500007361,200,8.337,
56.80060766637325,200,8.174,
56.81415258301422,200,11.732,
56.82008241629228,200,10.016,
56.83478350006044,200,14.675,
56.841274625156075,200,15.236,
56.85030433302745,200,9.283,
56.862742708064616,200,11.179,
56.87004091637209,200,9.754,
56.88092079106718,200,8.068,
56.89122208300978,200,9.616,
56.90034187538549,200,8.73,
56.91006175009534,200,9.226,
56.920022666454315,200,8.556,
56.93012658320367,200,9.588,
56.94049904122949,200,8.748,
56.95004166616127,200,8.855,
56.9600102910772,200,9.659,
56.97027433337644,200,9.142,
56.98054479109123,200,10.142,
56.99011312518269,200,12.617,
57.00077100005001,200,10.881,
57.010053750127554,200,10.783,
57.023265375290066,200,9.637,
57.03064608341083,200,10.439,
57.04022004129365,200,9.744,
57.052209083456546,200,10.695,
57.06019762530923,200,8.437,
57.0748181254603,200,10.124,
57.08143037511036,200,10.868,
57.091188750229776,200,10.619,
57.10004604142159,200,10.29,
57.110217166133225,200,9.326,
57.1209682081826,200,9.566,
57.13019633339718,200,9.317,
57.140762333292514,200,8.922,
57.150959375314415,200,9.504,
57.16147291613743,200,9.762,
57.17201354121789,200,11.559,
57.18149587512016,200,11.01,
57.19041662523523,200,9.944,
57.20031391642988,200,27.716,
57.214278458151966,200,19.825,
57.221283375285566,200,12.942,
57.23174054129049,200,12.641,
57.24093387508765,200,8.92,
57.25078604137525,200,7.732,
57.26397579116747,200,8.089,
57.27008520811796,200,8.264,
57.281883750110865,200,8.564,
57.29014683328569,200,8.621,
57.302733375225216,200,8.032,
57.31011995812878,200,9.461,
57.320433541201055,200,8.732,
57.3301032083109,200,8.9,
57.34110545832664,200,9.861,
57.35008991602808,200,9.571,
57.36311270808801,200,10.268,
57.3701082081534,200,11.267,
57.38087641634047,200,9.535,
57.394364250358194,200,9.637,
57.40215108310804,200,10.033,
57.41034570802003,200,10.256,
57.424310291185975,200,10.777,
57.43081145826727,200,10.02,
57.44020091602579,200,9.438,
57.450659041292965,200,10.754,
57.461211333051324,200,9.528,
57.470541458111256,200,9.318,
57.48423025012016,200,10.022,
57.49085433315486,200,10.196,
57.50447391625494,200,9.378,
57.5119295832701,200,9.192,
57.52211737539619,200,9.408,
57.530838625039905,200,9.835,
57.54195029102266,200,9.842,
57.55004670843482,200,10.465,
57.56032358342782,200,11.253,
57.57010691612959,200,10.366,
57.58218720834702,200,9.541,
57.59030837519094,200,9.342,
57.60053912503645,200,8.903,
57.613157875370234,200,10.274,
57.62001041602343,200,9.473,
57.63013412524015,200,9.154,
57.64018387533724,200,9.249,
57.650144916027784,200,10.519,
57.66193825006485,200,10.276,
57.67015045834705,200,9.482,
57.68068145820871,200,9.243,
57.69457300007343,200,10.262,
57.70120520843193,200,9.782,
57.71039079129696,200,9.421,
57.720767999999225,200,9.91,
57.730514500290155,200,8.876,
57.74056433327496,200,10.128,
57.75054954132065,200,10.478,
57.76062733307481,200,11.587,
57.771275541279465,200,10.119,
57.78374012513086,200,11.759,
57.791082916315645,200,10.951,
57.800707791000605,200,9.597,
57.81030770810321,200,9.16,
57.82154175033793,200,10.151,
57.83004970801994,200,9.836,
57.8410908752121,200,9.07,
57.850119416136295,200,8.89,
57.860100833233446,200,8.542,
57.873185583390296,200,9.346,
57.88066866621375,200,9.064,
57.890909458044916,200,8.716,
57.90052037499845,200,5876.556,
57.913376291282475,200,5872.09,
57.92008425015956,200,5870.058,
57.93478441610932,200,5867.984,
57.94059958308935,200,5867.146,
57.95458379108459,200,5863.352,
57.96253070840612,200,5876.462,
57.97348166629672,200,5870.945,
57.981405625119805,200,5866.911,
57.99183962540701,200,5863.205,
58.002698958385736,200,5869.162,
58.013420291244984,200,5870.952,
58.02004137542099,200,5866.956,
58.03462729137391,200,5866.814,
58.04248737543821,200,5875.747,
58.05357929132879,200,5872.191,
58.06132437521592,200,5868.194,
58.07420300040394,200,5871.156,
58.08198125008494,200,5864.224,
58.0927462503314,200,5864.965,
58.101923250127584,200,5865.554,
58.11189287528396,200,5865.527,
58.123885416425765,200,5860.32,
58.13262016605586,200,5871.027,
58.14160604123026,200,5870.551,
58.15257200039923,200,5864.041,
58.162993791047484,200,5865.127,
58.1709479582496,200,5869.24,
58.18298945808783,200,5862.878,
58.19004641612992,200,5871.572,
58.20446795830503,200,5874.011,
58.2119786250405,200,5869.861,
58.22122100042179,200,5867.563,
58.23379862541333,200,5866.082,
58.24157566623762,200,5866.942,
58.25340879103169,200,5871.164,
58.26163150044158,200,5866.526,
58.27307733334601,200,5864.735,
58.28304062504321,200,5868.373,
58.29305833345279,200,5869.542,
58.30198604101315,200,5866.793,
58.31471304129809,200,5866.637,
58.32147258333862,200,5868.537,
58.332915416453034,200,5872.369,
58.34013979136944,200,5866.074,
58.354369958397,200,5864.441,
58.361990083009005,200,5869.57,
58.37333925021812,200,5862.546,
58.38124904129654,200,5865.222,
58.39161162544042,200,5867.486,
58.403774166014045,200,5866.171,
58.41160258324817,200,5869.123,
58.423289666417986,200,5865.047,
58.433090708218515,200,5867.565,
58.44310854142532,200,5866.418,
58.451002416200936,200,5863.876,
58.46346404124051,200,5869.129,
58.47298200009391,200,5867.595,
58.48219425044954,200,5865.412,
58.491093958262354,200,5867.598,
58.5040061250329,200,5861.463,
58.51034695841372,200,5868.815,
58.524738958105445,200,5862.065,
58.5324739580974,200,5866.279,
58.54361141612753,200,5865.153,
58.55260550044477,200,5865.095,
58.56341841630638,200,5863.119,
58.57097770832479,200,5867.467,
58.58022295823321,200,5868.438,
58.590053083375096,200,5869.991,
58.60179354110733,200,5865.567,
58.61041658325121,200,5864.984,
58.624154708348215,200,5863.215,
58.632814625278115,200,5868.413,
58.64044825034216,200,5862.398,
58.6503051253967,200,5866.313,
58.66221100045368,200,5868.783,
58.67007666639984,200,5867.292,
58.681254875380546,200,5866.158,
58.694269583094865,200,5863.873,
58.702762083150446,200,5864.374,
58.71113183302805,200,5872.431,
58.72185866627842,200,5866.138,
58.733885208144784,200,5863.52,
58.742949000094086,200,5866.267,
58.75328845810145,200,5870.257,
58.7611615001224,200,5867.628,
58.77113266615197,200,5866.701,
58.783293166197836,200,5866.373,
58.79210554109886,200,5867.662,
58.80082770809531,200,5869.013,
58.81420583324507,200,5869.233,
58.82021529134363,200,5868.922,
58.83467295812443,200,5867.678,
58.84088429110125,200,5865.255,
58.85419933311641,200,5867.287,
58.86212300043553,200,5871.219,
58.87387304101139,200,5863.77,
58.88011695817113,200,5866.38,
58.89364420808852,200,5865.166,
58.90001841634512,200,5867.316,
58.91210425039753,200,5870.637,
58.92206741636619,200,5865.021,
58.93287762533873,200,5865.422,
58.94153329124674,200,5868.308,
58.95283858338371,200,5864.905,
58.9619466252625,200,5870.668,
58.97364883311093,200,3980.992,
58.98714475007728,200,3965.792,
58.990836083423346,200,3963.735,
59.00413720821962,200,3970.816,
59.01131295831874,200,3967.975,
59.02333341632038,200,3956.781,
59.03113754140213,200,3955.73,
59.044324041344225,200,3947.558,
59.05254054116085,200,3945.104,
59.063218041323125,200,3945.751,
59.0713507081382,200,3945.295,
59.08032500045374,200,3943.798,
59.09160412522033,200,3948.079,
59.10381483333185,200,3948.839,
59.112711541354656,200,3943.272,
59.122994125355035,200,3947.003,
59.133002375252545,200,3949.871,
59.14166750013828,200,3944.476,
59.15362704126164,200,3948.098,
59.16229979135096,200,3948.633,
59.17029579123482,200,3944.04,
59.18456858303398,200,3950.256,
59.19161133328453,200,3944.632,
59.20483966637403,200,3946.288,
59.21196495834738,200,3943.755,
59.22310416633263,200,3945.48,
59.23872795840725,200,3952.34,
59.24015595810488,200,3951.28,
59.253468125127256,200,3946.288,
59.26244029123336,200,3946.173,
59.27244233340025,200,3945.704,
59.28117041615769,200,3948.505,
59.29021616606042,200,3943.096,
59.30120183341205,200,3945.04,
59.3140187500976,200,3947.422,
59.32025666628033,200,3947.815,
59.333153791259974,200,3946.43,
59.340923791285604,200,3949.919,
59.35303941601887,200,3947.187,
59.36205329140648,200,3948.138,
59.37369304103777,200,3948.283,
59.380083750002086,200,3944.358,
59.39473600033671,200,3941.703,
59.400474791415036,200,3949.086,
59.41048562526703,200,3946.892,
59.42467537522316,200,3946.169,
59.4325560410507,200,3943.916,
59.44338483316824,200,3945.196,
59.45269508333877,200,3948.021,
59.46337554138154,200,3947.071,
59.47303150035441,200,3942.922,
59.480254416354,200,3947.226,
59.49002191610634,200,3946.752,
59.50042170844972,200,3945.638,
59.514560875017196,200,3948.931,
59.52246420830488,200,3945.794,
59.53016616636887,200,3950.085,
59.5448316661641,200,3946.386,
59.55237279133871,200,3949.722,
59.565546583384275,200,3946.999,
59.571401708293706,200,3942.96,
59.5816336250864,200,3949.441,
59.59391358308494,200,3943.677,
59.60287050018087,200,3949.147,
59.613195875193924,200,3946.778,
59.623233208432794,200,3948.134,
59.630646750330925,200,3944.621,
59.641537291463464,200,3946.939,
59.65346450032666,200,3946.629,
59.6628680001013,200,3948.159,
59.670807250309736,200,3949.81,
59.684257625136524,200,3951.629,
59.69012991618365,200,3946.318,
59.702866583131254,200,3945.936,
59.71101587545127,200,3947.154,
59.72332679107785,200,3947.667,
59.733138625044376,200,3946.475,
59.74126266641542,200,3949.584,
59.75213075010106,200,3945.5,
59.761177125386894,200,3947.652,
59.77246083319187,200,3948.898,
59.78252633335069,200,3946.86,
59.79347716644406,200,3949.726,
59.8015942084603,200,3945.837,
59.81198616605252,200,3946.863,
59.82317070802674,200,3952.435,
59.8324877503328,200,3952.939,
59.84038820816204,200,3950.602,
59.85432116640732,200,3946.997,
59.86906150029972,200,3953.705,
59.87060391623527,200,3953.111,
59.8845615000464,200,3953.516,
59.891610083170235,200,3953.863,
59.90397354122251,200,3946.222,
59.9122617081739,200,3944.565,
59.92312558321282,200,3948.582,
59.9332118332386,200,3952.071,
59.94346500001848,200,3950.398,
59.951160833239555,200,3946.84,
59.961992625147104,200,3955.668,
59.970801666378975,200,3953.699,
59.982667833101004,200,3949.398,
59.993398583028466,200,3949.587,
