t_start,status,latency_ms,error
1.2479722499847412e-07,200,39.978,
0.012707458809018135,200,26.612,
0.020864292047917843,200,21.112,
0.03211666690185666,200,17.225,
0.04069000016897917,200,10.009,
0.051073291804641485,200,9.59,
0.06034045899286866,200,10.561,
0.07071737479418516,200,7.517,
0.08078504214063287,200,7.408,
0.09001050004735589,200,7.691,
0.10286812484264374,200,5.902,
0.11274054180830717,200,6.367,
0.12358795898035169,200,7.014,
0.1300191250629723,200,9.236,
0.14360874984413385,200,7.325,
0.1515514999628067,200,6.211,
0.16369604179635644,200,7.109,
0.17003087513148785,200,7.985,
0.18489787494763732,200,6.017,
0.1907992921769619,200,5.788,
0.20443758415058255,200,5.98,
0.21024158410727978,200,6.848,
0.22477837512269616,200,6.023,
0.23176654195412993,200,6.231,
0.24002037523314357,200,6.072,
0.2508508749306202,200,5.972,
0.26086733397096395,200,5.909,
0.27491416689008474,200,7.954,
0.281037709210068,200,6.899,
0.29058937495574355,200,6.95,
0.3016658751294017,200,7.205,
0.3100920422002673,200,15.92,
0.3264051671139896,200,10.256,
0.3315383750014007,200,11.045,
0.3406835841014981,200,9.227,
0.3509605838917196,200,6.328,
0.3644847092218697,200,7.977,
0.3705664169974625,200,8.113,
0.3826640001498163,200,18.584,
0.39818170899525285,200,20.521,
0.4009791249409318,200,16.602,
0.4111893340013921,200,24.667,
0.4209654168225825,200,19.256,
0.4322760421782732,200,15.895,
0.44194316724315286,200,11.389,
0.45394787518307567,200,7.148,
0.46053354209288955,200,8.299,
0.47022874979302287,200,6.54,
0.48483112500980496,200,7.359,
0.49204054195433855,200,6.174,
0.5018855421803892,200,7.529,
0.5140201249159873,200,11.105,
0.5248241671361029,200,10.986,
0.5349652920849621,200,17.17,
0.540227625053376,200,12.106,
0.5518377502448857,200,7.002,
0.5640133339911699,200,7.283,
0.5720054591074586,200,8.767,
0.5805820841342211,200,9.355,
0.5919759999960661,200,15.705,
0.6016811248846352,200,14.107,
0.6140687922015786,200,9.301,
0.6200317088514566,200,13.975,
0.6349121672101319,200,9.418,
0.640673500020057,200,8.633,
0.6518242917954922,200,7.156,
0.6626277090981603,200,7.351,
0.670582584105432,200,6.374,
0.6800470422022045,200,8.595,
0.6924542090855539,200,7.352,
0.700353667140007,200,8.3,
0.7147849588654935,200,7.654,
0.7220380418002605,200,7.921,
0.7323251250199974,200,7.223,
0.7422431670129299,200,6.527,
0.7524182088673115,200,17.741,
0.7600877499207854,200,8.972,
0.7707418748177588,200,15.404,
0.7801002920605242,200,8.7,
0.7947612921707332,200,7.684,
0.80253945896402,200,7.302,
0.8106640418991446,200,7.409,
0.8228622921742499,200,6.723,
0.8335254169069231,200,8.156,
0.8408061671070755,200,7.475,
0.8538744589313865,200,6.839,
0.8628119169734418,200,6.172,
0.8700344171375036,200,6.744,
0.8808836252428591,200,7.162,
0.891546499915421,200,7.221,
0.9038979588076472,200,7.208,
0.9109728340990841,200,6.931,
0.9200200000777841,200,7.04,
0.9349474590271711,200,8.572,
0.9401205000467598,200,9.033,
0.9510099589824677,200,7.74,
0.9600226250477135,200,8.122,
0.9734783750027418,200,6.906,
0.9802387920208275,429,2.516,
0.9920402090065181,200,7.944,
1.0007795421406627,429,1.11,
1.0108321248553693,200,7.48,
1.020836167037487,429,1.324,
1.032049249857664,200,10.564,
1.0408625840209424,429,1.661,
1.0545147499069571,200,8.685,
1.0601189997978508,429,1.284,
1.0734911668114364,200,15.181,
1.0805354998447,200,17.284,
1.0906867091543972,429,1.682,
1.104516209103167,200,8.576,
1.1100358748808503,429,1.176,
1.1249077091924846,200,8.785,
1.1300343750044703,429,2.084,
1.1449020002037287,200,7.269,
1.1521208751946688,429,3.531,
1.163905750028789,200,8.159,
1.1730019999668002,429,1.182,
1.183449000120163,200,9.811,
1.1900221249088645,429,1.486,
1.201845624949783,429,1.193,
1.2140399999916553,200,7.671,
1.2218727092258632,429,0.983,
1.234014084096998,200,7.326,
1.2411836669780314,429,1.007,
1.2529400000348687,200,9.355,
1.2618047092109919,429,2.466,
1.270061292219907,200,8.254,
1.2849144591018558,200,8.901,
1.290747667197138,429,1.275,
1.3038363340310752,200,8.352,
1.3126246249303222,429,2.024,
1.3236283748410642,200,8.405,
1.3331260839477181,429,1.113,
1.3420595838688314,429,1.993,
1.353916124906391,200,21.879,
1.362961791921407,200,12.991,
1.3734303340315819,429,2.65,
1.3829095419496298,429,0.929,
1.3915817919187248,200,7.589,
1.4009647089987993,429,1.068,
1.4124522497877479,200,8.714,
1.4217863748781383,429,1.188,
1.4309940421953797,200,7.649,
1.4435968748293817,200,6.681,
1.451552334241569,429,0.936,
1.464161999989301,200,34.71,
1.4723714590072632,429,10.753,
1.4801131249405444,429,3.529,
1.4929146668873727,200,11.168,
1.500919584184885,429,1.556,
1.5144778341054916,200,7.462,
1.5218183752149343,429,1.139,
1.5310616670176387,200,8.472,
1.5417827921919525,429,0.928,
1.5528147919103503,200,7.436,
1.5619681249372661,429,1.606,
1.5739612500183284,200,7.191,
1.5818778341636062,429,0.944,
1.5940200840122998,200,6.408,
1.6005652090534568,429,0.822,
1.6146954172290862,200,7.85,
1.6225951667875051,200,6.954,
1.633640792220831,429,1.023,
1.6419102922081947,429,1.107,
1.6508712922222912,200,6.8,
1.66455112490803,200,6.618,
1.6719163749366999,429,1.052,
1.6866274592466652,200,8.063,
1.690693249925971,429,1.18,
1.7037633750587702,200,7.407,
1.7128528752364218,429,1.092,
1.7229432919993997,200,7.401,
1.731316708959639,429,1.037,
1.7427500421181321,429,1.41,
1.7515889168716967,200,7.857,
1.7631817501969635,200,12.049,
1.775488041806966,429,0.909,
1.780686709098518,429,1.031,
1.7943442091345787,200,8.18,
1.802682208828628,429,1.064,
1.8135755420662463,200,11.173,
1.8247691672295332,200,7.765,
1.8308895421214402,429,1.255,
1.8436432089656591,200,7.223,
1.8539693341590464,429,1.326,
1.8613136671483517,429,1.111,
1.8742284998297691,200,8.638,
1.8828630838543177,200,10.963,
1.891924667172134,429,1.885,
1.9021671670489013,429,5.324,
1.9134962088428438,200,7.827,
1.9219451248645782,429,1.146,
1.9329337091185153,200,10.757,
1.9433515421114862,200,12.125,
1.9503230419941247,429,2.897,
1.961495750118047,429,2.371,
1.9721498750150204,200,10.295,
1.9827895839698613,200,9.354,
1.9926501670852304,429,1.012,
2.003625917248428,200,7.141,
2.0107119590975344,429,1.04,
2.0208783340640366,429,1.033,
2.0308423340320587,200,6.662,
2.0445531248115003,200,7.9,
2.0508617497980595,429,1.13,
2.0618753749877214,200,10.421,
2.0740212919190526,429,1.389,
2.0828470420092344,429,1.084,
2.093505292199552,200,12.984,
2.100836291909218,429,2.975,
2.1145340842194855,200,6.885,
2.122663374990225,429,1.338,
2.133605749811977,200,7.623,
2.1410320000723004,429,2.47,
2.150876292027533,200,6.428,
2.1608899170532823,429,0.928,
2.1700132498517632,200,6.396,
2.180840709246695,429,0.974,
2.19018966704607,200,6.45,
2.2008781670592725,429,1.055,
2.2108713751658797,200,6.587,
2.224072374869138,200,6.643,
2.2313695838674903,429,1.032,
2.243637125007808,200,7.514,
2.25138279190287,429,1.016,
2.264249375090003,200,8.478,
2.2700233748182654,429,1.575,
2.28192974999547,429,1.312,
2.2939756251871586,200,8.037,
2.301966667175293,429,1.035,
2.312290833797306,200,7.492,
2.323819166980684,200,8.298,
2.3300979589112103,429,1.256,
2.3449192089028656,200,7.858,
2.3524439171887934,429,1.01,
2.361990500241518,429,1.952,
2.3739266670309007,200,7.703,
2.3820150839164853,429,1.003,
2.3929659998975694,200,7.744,
2.4005795419216156,429,0.991,
2.410876541864127,200,12.859,
2.4212101669982076,429,1.276,
2.430893999990076,200,6.573,
2.444472124800086,200,6.144,
2.45054891705513,429,0.86,
2.4647076250985265,200,6.242,
2.4726197090931237,429,1.065,
2.4834177498705685,200,6.651,
2.493151292204857,429,1.844,
2.5017172088846564,429,1.284,
2.5133103751577437,200,7.183,
2.5218815421685576,429,1.662,
2.5305939172394574,200,6.906,
2.5444873748347163,200,7.209,
2.551651374902576,429,1.106,
2.563647042028606,200,7.069,
2.5700520840473473,429,6.533,
2.5810041250661016,429,1.292,
2.5942926248535514,200,7.789,
2.6020716670900583,429,0.939,
2.6133162919431925,200,11.028,
2.623671041801572,200,9.527,
2.631621291860938,429,1.602,
2.642187749966979,429,1.321,
2.6531150420196354,200,7.354,
2.6615678751841187,200,8.601,
2.6732963752001524,429,1.336,
2.6830878341570497,200,6.763,
2.6930596670135856,429,1.082,
2.701562167145312,429,1.342,
2.7109142090193927,200,9.998,
2.722958667203784,200,7.686,
2.732785750180483,429,1.145,
2.7427809168584645,200,7.251,
2.7515952922403812,429,1.085,
2.7622329168953,429,1.036,
2.7738041249103844,200,7.182,
2.781608249992132,429,1.006,
2.7987612090073526,200,9.4,
2.800024041905999,429,2.688,
2.8149099168367684,200,8.058,
2.820118499919772,429,1.259,
2.834859542082995,200,7.933,
2.8408862091600895,429,1.442,
2.8528356668539345,200,7.802,
2.860038958955556,429,2.057,
2.8718895842321217,200,9.633,
2.8808884588070214,429,2.57,
2.8944794172421098,200,7.528,
2.902429916895926,429,0.94,
2.9115692088380456,200,7.793,
2.9218380842357874,429,1.008,
2.9309271671809256,200,9.048,
2.9401562088169158,429,2.076,
2.9548563337884843,200,9.722,
2.9616048340685666,200,9.333,
2.9700997499749064,429,1.292,
2.984862584155053,200,7.123,
2.991737375035882,429,1.097,
3.0026677921414375,429,1.182,
3.0135452919639647,200,7.484,
3.0209255418740213,429,1.48,
3.0344892921857536,200,7.244,
3.04245079215616,429,1.292,
3.051663708873093,200,7.193,
3.063634917140007,200,7.347,
3.0714257089421153,429,0.925,
3.0822140420787036,429,1.331,
3.0918174171820283,200,9.125,
3.1033481252379715,200,13.649,
3.110450250096619,429,6.635,
3.124628874938935,200,7.581,
3.1321465000510216,429,1.016,
3.1418992090038955,429,1.899,
3.1538919592276216,200,13.159,
3.1608343748375773,200,7.309,
3.1701954170130193,429,1.901,
3.1830075001344085,200,7.883,
3.193438416812569,429,1.102,
3.200253374874592,429,1.13,
3.2101179589517415,200,7.401,
3.2218994591385126,429,0.983,
3.2308668340556324,200,6.728,
3.240889959037304,429,1.123,
3.254502166993916,200,7.689,
3.261845333967358,429,1.094,
3.274028417188674,200,7.465,
3.281636542174965,429,0.95,
3.29413487482816,200,8.184,
3.301937833894044,429,2.163,
3.313942458946258,200,8.423,
3.3221246670000255,429,1.209,
3.330098417121917,200,9.637,
3.3448811671696603,200,7.069,
3.3524957918561995,429,0.977,
3.3613336249254644,429,0.955,
3.370520167052746,200,7.72,
3.3839431670494378,200,7.429,
3.39087620889768,429,0.952,
3.404272874817252,200,8.944,
3.410275958944112,429,2.352,
3.4200719171203673,429,1.561,
3.4327317089773715,200,9.31,
3.4408437497913837,429,2.036,
3.4532532920129597,200,7.381,
3.4621620001271367,429,1.362,
3.470466583967209,200,6.863,
3.484548999927938,200,10.112,
3.4950245418585837,429,0.989,
3.5006467499770224,429,1.261,
3.514577084220946,200,8.863,
3.5213080840185285,429,1.98,
3.534084042068571,200,9.993,
3.544844083953649,200,8.356,
3.5525155840441585,429,1.734,
3.5636346670798957,200,14.358,
3.5775366672314703,429,3.735,
3.580734834074974,429,1.255,
3.593603416811675,200,8.282,
3.6017967499792576,429,1.066,
3.611034750007093,200,7.731,
3.6272964999079704,200,7.966,
3.631042417138815,429,1.211,
3.640042374841869,429,1.245,
3.6549589592032135,200,8.894,
3.6607780000194907,429,1.316,
3.6717400001361966,200,17.19,
3.689357459079474,429,4.583,
3.6902211671695113,200,9.713,
3.7002592091448605,429,0.993,
3.710366959217936,200,9.937,
3.720069916918874,429,1.322,
3.73087541712448,200,8.234,
3.7400946668349206,429,1.245,
3.7548930840566754,200,7.518,
3.7617165842093527,429,1.135,
3.770847999956459,200,6.595,
3.784543458838016,200,6.452,
3.790852624922991,429,1.02,
3.80407995916903,200,7.218,
3.810854542069137,429,1.102,
3.8208561250939965,429,1.105,
3.83447299990803,200,8.074,
3.8408610420301557,429,1.23,
3.851469709072262,200,7.103,
3.8618597090244293,429,1.279,
3.8710222500376403,200,8.728,
3.8844001251272857,200,6.43,
3.8907268750481308,429,1.329,
3.90213341685012,429,1.033,
3.9139024168252945,200,8.579,
3.9200142500922084,429,1.372,
3.934921749867499,200,8.103,
3.940033624880016,429,1.449,
3.954915209207684,200,7.449,
3.960860666818917,429,1.162,
3.9708716669119895,200,6.894,
3.9844618341885507,200,7.106,
3.990216124802828,429,1.269,
4.005222999956459,200,7.585,
4.011829167138785,429,1.324,
4.02403520885855,200,7.207,
4.032865417189896,429,1.861,
4.043345334008336,200,9.194,
4.051723500248045,429,1.175,
4.063244542106986,200,9.475,
4.0731421248055995,429,1.106,
4.082145833875984,429,0.976,
4.0915760840289295,200,7.585,
4.103430917020887,200,10.499,
4.111125291790813,429,1.671,
4.123858375009149,200,8.242,
4.132774041965604,429,1.478,
4.143535749986768,200,8.476,
4.152451124973595,429,1.268,
4.161832792218775,429,1.312,
4.172167709097266,200,11.87,
4.183312249835581,200,11.867,
4.191346916835755,429,2.01,
4.200651292223483,429,2.12,
4.213314708787948,200,8.062,
4.2212740839459,429,2.33,
4.23046304192394,200,6.467,
4.244721250142902,200,6.52,
4.251878833863884,429,1.776,
4.260880874935538,429,0.968,
4.270165083929896,200,7.062,
4.2805245839990675,429,1.22,
4.290885792113841,200,6.333,
4.301820834167302,429,0.995,
4.314051833935082,200,7.262,
4.322929500136524,429,1.042,
4.333486624993384,200,7.418,
4.340826083905995,429,1.109,
4.3538703341037035,200,7.354,
4.361733541823924,429,1.681,
4.370120166800916,200,12.355,
4.382768916897476,429,1.394,
4.391942500136793,200,8.809,
4.400901209097356,429,1.402,
4.413264791946858,200,7.401,
4.423204209189862,200,8.558,
4.43181937513873,429,1.402,
4.442631749901921,200,7.775,
4.4506322499364614,429,0.948,
4.464345375075936,200,8.107,
4.470778834074736,429,1.613,
4.484561000019312,200,6.846,
4.491615875158459,429,0.907,
4.5031724171712995,200,7.426,
4.510609583929181,429,0.831,
4.520848750136793,429,0.86,
4.53315050015226,200,7.839,
4.540896667167544,429,1.024,
4.554564666934311,200,8.45,
4.560282167047262,429,1.418,
4.5742235840298235,200,7.738,
4.582473209127784,200,7.903,
4.590685416944325,429,1.822,
4.603418999817222,200,6.983,
4.612328500021249,429,0.827,
4.6238243342377245,200,7.307,
4.632280624937266,429,1.462,
4.640823042020202,429,1.108,
4.655069166794419,200,7.996,
4.6621151668950915,429,1.6,
4.673874083906412,200,7.199,
4.680667750071734,429,1.15,
4.694630791898817,200,8.264,
4.7025279169902205,429,1.348,
4.710765792056918,200,8.775,
4.720111791975796,429,1.001,
4.734883584082127,200,7.849,
4.742473875172436,429,1.532,
4.752833833917975,200,9.181,
4.760142125189304,429,2.326,
4.770035124849528,200,8.649,
4.7848766669631,200,8.774,
4.790950833819807,429,1.26,
4.8018914591521025,429,1.322,
4.813979874830693,200,7.845,
4.8217432498931885,429,0.985,
4.834065041970462,200,7.425,
4.840907750185579,429,1.039,
4.851871584076434,200,6.967,
4.863836416974664,200,7.15,
4.871865416876972,429,1.135,
4.8818744998425245,429,1.076,
4.891834542155266,200,7.385,
4.901772917248309,429,4.932,
4.910904875025153,200,12.792,
4.920064583886415,429,3.404,
4.931862417142838,200,8.079,
4.94007670879364,429,1.11,
4.9536113338544965,200,8.439,
4.9608684168197215,429,1.322,
4.970864417031407,200,7.262,
4.9822445418685675,429,1.027,
4.9912568340078,200,8.461,
5.001561000011861,429,1.275,
5.010811666958034,200,6.781,
5.022987250238657,429,1.003,
5.031800374854356,200,6.794,
5.041391999926418,429,2.146,
5.050893791951239,200,6.393,
5.063337166793644,200,12.21,
5.075901959091425,429,0.99,
5.081799834035337,429,1.539,
5.09361679200083,200,6.435,
5.101563124917448,429,1.314,
5.11354829184711,200,6.057,
5.126386499963701,200,6.056,
5.130536875221878,429,0.95,
5.1443044589832425,200,6.577,
5.1527216248214245,429,1.905,
5.163028333801776,200,14.07,
5.171700208913535,429,5.841,
5.1813518749549985,429,2.014,
5.1942634168080986,200,6.832,
5.2007385841570795,429,0.956,
5.2122185421176255,200,8.204,
5.22002070909366,429,2.351,
5.231979084201157,200,6.452,
5.240831458941102,429,1.438,
5.254504874814302,200,6.821,
5.2613086248748,429,0.805,
5.27433279203251,200,7.035,
5.280660000164062,429,1.24,
5.29590408410877,200,7.297,
5.301640000194311,429,1.373,
5.3113494999706745,200,8.321,
5.3229793747887015,429,1.107,
5.333457792177796,200,7.045,
5.343216250184923,429,0.867,
5.353382499888539,200,7.698,
5.36145295901224,429,2.281,
5.376061874907464,200,7.208,
5.38159366697073,429,1.197,
5.392726084217429,200,7.22,
5.401529250200838,429,6.09,
5.413296834100038,200,7.547,
5.422834666911513,200,6.631,
5.433523249812424,429,1.316,
5.44211041694507,429,1.133,
5.452278417069465,200,9.258,
5.461173084098846,429,2.289,
5.471623416990042,200,6.625,
5.482031791936606,429,1.427,
5.493587667122483,200,7.137,
5.503089041914791,200,9.184,
5.512021958827972,429,1.013,
5.520628375001252,429,1.158,
5.53094904217869,200,12.659,
5.544344209134579,200,8.266,
5.552658250089735,429,3.059,
5.560829166788608,429,1.551,
5.577527542132884,200,8.462,
5.5810820842161775,429,1.239,
5.594416041858494,200,7.323,
5.602597624994814,429,1.437,
5.611897999886423,200,10.044,
5.622628042008728,200,7.956,
5.632665125187486,429,1.266,
5.640602875035256,429,1.424,
5.654169166926295,200,11.864,
5.662676041945815,200,9.516,
5.67348812520504,429,1.164,
5.682991249952465,200,7.909,
5.692428959067911,429,1.21,
5.704023417085409,200,8.349,
5.712315542157739,429,1.199,
5.720431542024016,429,1.31,
5.7309742090292275,200,8.073,
5.742047084029764,429,1.439,
5.752994624897838,200,8.019,
5.761430125217885,429,1.746,
5.774222124833614,200,8.782,
5.782766041811556,429,1.14,
5.793225542176515,200,7.214,
5.802017750218511,429,1.647,
5.813736999873072,200,7.78,
5.820114875212312,429,1.865,
5.8301392500288785,200,8.065,
5.841014625038952,429,1.179,
5.852909000124782,200,7.587,
5.862551709171385,429,1.091,
5.871383958961815,200,8.788,
5.880203458946198,429,1.833,
5.892199959140271,200,11.235,
5.90004266705364,429,1.956,
5.9114577090367675,200,9.199,
5.921686625108123,429,1.672,
5.934077584184706,200,8.839,
5.9428734998218715,429,1.202,
5.951912709046155,200,9.694,
5.963257417082787,200,7.192,
5.972964500077069,429,1.065,
5.982019249815494,429,1.251,
5.991028792224824,200,7.343,
6.004178834147751,200,7.768,
6.01170404208824,429,1.138,
6.021628042217344,429,1.192,
6.031475749798119,200,8.828,
6.043581542093307,200,7.064,
6.0502904169261456,429,1.198,
6.060814208816737,429,1.386,
6.074440749827772,200,7.646,
6.081276374869049,429,1.27,
6.093576958868653,200,7.416,
6.101528041996062,429,1.302,
6.111897584050894,200,7.593,
6.121761791873723,200,7.471,
6.13350879214704,429,1.276,
6.141800833866,429,1.994,
6.1567462920211256,200,9.162,
6.160286916885525,429,2.068,
6.173327291850001,200,9.095,
6.181375875137746,429,1.384,
6.190474541857839,200,8.331,
6.204200999811292,200,7.89,
6.2105045421049,429,1.442,
6.221388167236,429,1.804,
6.233928584028035,200,7.106,
6.242287542205304,429,1.207,
6.251646125223488,200,7.291,
6.262149292044342,429,1.288,
6.27202408388257,200,6.582,
6.2832100838422775,200,8.674,
6.292459541931748,429,1.211,
6.301575209014118,429,1.652,
6.313224750105292,200,14.715,
6.326725875027478,200,8.125,
6.330876791849732,429,1.271,
6.343829041812569,200,7.365,
6.350829875096679,429,1.029,
6.362789125181735,429,1.001,
6.376377834007144,200,7.895,
6.381294624879956,429,1.462,
6.3935819999314845,200,8.274,
6.401881583966315,200,8.237,
6.41046441718936,429,1.033,
6.420713874977082,429,2.237,
6.4313470418564975,200,7.498,
6.443786583840847,200,6.542,
6.458371249958873,429,1.586,
6.460653709247708,429,1.067,
6.474007416982204,200,6.52,
6.482625708915293,429,1.081,
6.493592250160873,200,8.935,
6.502536084037274,200,9.493,
6.513401917181909,429,1.251,
6.521519542206079,429,1.081,
6.532349375076592,200,14.307,
6.540768584236503,429,1.596,
6.551884791813791,200,9.839,
6.561571708880365,429,1.338,
6.570826624985784,200,7.283,
6.58191041694954,429,0.887,
6.591881666798145,200,8.522,
6.604007708840072,200,10.69,
6.613864667247981,429,1.874,
6.622709750197828,200,8.809,
6.631874625105411,429,1.467,
6.641382792033255,429,1.44,
6.651537917088717,200,7.784,
6.660054083913565,429,1.61,
6.671695624943823,200,9.983,
6.682674250099808,429,1.021,
6.69104591710493,200,7.096,
6.701131042093039,200,7.813,
6.712533541955054,429,0.917,
6.721205499954522,429,1.213,
6.730857084039599,200,7.581,
6.744120750110596,200,6.817,
6.751344500109553,429,0.906,
6.761062374804169,429,1.188,
6.771505708806217,200,7.45,
6.783355583902448,200,6.954,
6.791868791915476,429,1.217,
6.801714125089347,429,1.07,
6.811685000080615,200,7.308,
6.820729750208557,429,2.878,
6.833848333917558,200,7.569,
6.8413208751007915,429,1.0,
6.853469625115395,200,6.939,
6.861095416825265,429,1.163,
6.873057583812624,200,8.812,
6.883389334194362,200,7.021,
6.893130166921765,429,0.967,
6.903408042155206,200,8.893,
6.912631333805621,429,0.995,
6.921151916962117,429,1.476,
6.932986999861896,200,7.283,
6.942117167171091,429,1.518,
6.9534098748117685,200,7.831,
6.961223542224616,429,1.081,
6.974264416843653,200,7.963,
6.982034834101796,429,1.886,
6.991143375169486,200,7.671,
7.002802833914757,429,1.184,
7.013470749836415,200,7.354,
7.02311508404091,200,6.679,
7.0325263338163495,429,0.963,
7.043577083852142,200,7.259,
7.052428542170674,429,1.018,
7.063226291909814,200,6.441,
7.076476791873574,429,2.298,
7.080282874871045,429,1.915,
7.0926724169403315,200,7.769,
7.100348084233701,429,1.159,
7.114052916876972,200,11.345,
7.125385791994631,200,11.256,
7.132050166837871,429,1.281,
7.143492834176868,200,6.698,
7.153708917088807,429,1.635,
7.160888959188014,429,0.895,
7.173356459010392,200,7.529,
7.182155083864927,429,1.141,
7.191220249980688,200,7.189,
7.201851666904986,429,0.944,
7.212908625137061,200,16.365,
7.220601459033787,200,13.463,
7.231124209240079,429,1.066,
7.241308916825801,429,1.111,
7.2541253748349845,200,6.587,
7.262570125050843,429,0.993,
7.273545917123556,200,6.407,
7.28213620884344,429,1.074,
7.293862333986908,200,7.052,
7.3015567092224956,429,0.967,
7.314147542230785,200,8.194,
7.322764916811138,429,1.067,
7.333476624917239,200,6.841,
7.3431537500582635,200,7.412,
7.353234292007983,429,2.174,
7.361984875053167,429,1.101,
7.373739709146321,200,8.93,
7.381969292182475,429,1.663,
7.3939434587955475,200,13.873,
7.400689166970551,429,2.644,
7.412017624825239,200,7.752,
7.420404875185341,429,0.968,
7.4340138752013445,200,9.043,
7.442800625227392,200,7.528,
7.4515457497909665,429,2.683,
7.4606490838341415,429,1.209,
7.47005575010553,200,8.097,
7.484920667018741,200,8.685,
7.490029375068843,429,1.923,
7.502418417017907,429,1.556,
7.513728084042668,200,7.577,
7.520892417058349,429,1.099,
7.531202542129904,200,6.759,
7.544350000098348,200,7.453,
7.55169004201889,429,0.968,
7.563896333798766,200,11.044,
7.570123708806932,429,4.967,
7.583815709222108,200,6.929,
7.592696959152818,429,1.885,
7.6016369592398405,200,9.815,
7.613384834025055,429,1.314,
7.621205584146082,429,1.456,
7.633741917088628,200,8.544,
7.641834250185639,429,0.927,
7.653561917133629,200,7.96,
7.6617376250214875,429,0.945,
7.670485124923289,200,6.728,
7.681446209084243,429,1.279,
7.69359595887363,200,7.475,
7.702803125139326,429,0.814,
7.711022042203695,200,8.301,
7.722277333959937,429,1.432,
7.732858249917626,200,8.331,
7.741137584205717,429,2.499,
7.753781749866903,200,8.3,
7.760032459162176,429,2.014,
7.772448624949902,200,6.975,
7.782735291868448,429,1.183,
7.793186666909605,200,7.372,
7.802422166801989,429,1.186,
7.810430958867073,200,6.59,
7.828239916823804,200,7.224,
7.830625374801457,429,1.34,
7.840898958966136,429,1.193,
7.852604624815285,200,8.305,
7.863101959228516,200,8.626,
7.870142292231321,429,1.641,
7.882982708979398,200,8.55,
7.891413874924183,429,2.085,
7.904227708932012,200,12.657,
7.912833999842405,429,1.245,
7.9235392501577735,200,6.848,
7.933147499803454,429,1.042,
7.941617459058762,429,1.486,
7.96119329193607,200,12.703,
7.961715791840106,200,11.156,
7.973221042193472,429,1.472,
7.98325770907104,200,7.409,
7.99094270914793,429,1.164,
8.004078249912709,200,8.11,
8.010971959214658,429,1.601,
8.02428233390674,200,7.602,
8.032744834199548,429,1.034,
8.042023625224829,429,1.185,
8.052054459229112,200,7.399,
8.06019016681239,429,0.983,
8.07193420920521,200,7.748,
8.081995999906212,429,1.09,
8.091988209169358,200,7.337,
8.103491459041834,200,7.167,
8.110287792049348,429,1.483,
8.12471929192543,200,6.975,
8.131453542038798,429,1.066,
8.143582291901112,200,8.4,
8.160469541791826,429,2.923,
8.160827875137329,429,2.532,
8.1726363748312,200,8.968,
8.183584291953593,200,7.441,
8.191742208786309,429,1.062,
8.20202387496829,429,1.509,
8.212949167005718,200,8.38,
8.220584709197283,429,2.403,
8.232027417048812,200,8.093,
8.242267041932791,429,1.201,
8.252390292007476,200,7.349,
8.262482792139053,429,1.165,
8.273564458824694,200,6.216,
8.283059416804463,200,9.08,
8.293377417139709,429,1.068,
8.303572083823383,200,7.963,
8.312751667108387,429,1.205,
8.320750125218183,429,1.215,
8.334024041891098,200,7.854,
8.342299375217408,200,9.648,
8.351559166796505,429,1.767,
8.36401520902291,200,8.941,
8.372005375102162,429,2.164,
8.383911666925997,200,6.791,
8.391766749788076,429,1.203,
8.40406862506643,200,11.938,
8.412897000089288,429,1.248,
8.421847084071487,429,1.47,
8.430971041787416,200,9.423,
8.440637750085443,429,2.075,
8.450965833850205,200,10.67,
8.460572250187397,429,1.997,
8.471789333969355,200,6.411,
8.484038709197193,200,5.955,
8.490116208791733,429,0.848,
8.504925209097564,200,8.878,
8.512402791995555,429,1.117,
8.523759792093188,200,6.615,
8.530242334119976,429,0.973,
8.540844792034477,429,3.032,
8.551860250066966,200,7.045,
8.56181599991396,429,0.973,
8.570068208966404,200,6.613,
8.584859041962773,200,6.504,
8.592417583800852,429,1.089,
8.600833666976541,429,1.27,
8.611740958876908,200,7.38,
8.624022209085524,200,6.856,
8.630819334182888,429,0.983,
8.644578083883971,200,7.609,
8.65208224998787,429,2.249,
8.662890541832894,429,1.176,
8.673454958945513,200,7.166,
8.68114091688767,429,0.909,
8.693916750140488,200,7.968,
8.701190125197172,429,6.598,
8.713924916926771,200,8.047,
8.721890000160784,429,0.994,
8.736162917222828,200,12.013,
8.741751334164292,429,1.711,
8.750748958904296,200,6.764,
8.762301458977163,429,1.066,
8.773410959169269,200,7.329,
8.78055216697976,429,1.49,
8.793573834002018,200,7.066,
8.80160399992019,429,1.042,
8.811922084074467,200,7.605,
8.823108334094286,200,6.615,
8.83135679224506,429,1.12,
8.841452084016055,429,1.195,
8.852684250101447,200,8.518,
8.861695709172636,429,3.18,
8.874036209192127,200,8.179,
8.88002954190597,429,1.325,
8.890881416853517,200,7.67,
8.904482916928828,200,6.831,
8.910791334230453,429,1.079,
8.921924834139645,429,1.04,
8.93379266699776,200,8.324,
8.942135584075004,429,1.076,
8.952008166816086,200,8.71,
8.960212375037372,429,1.11,
8.973853959236294,200,7.054,
8.981224874965847,429,1.005,
8.994294249918312,200,7.643,
9.002702000085264,429,1.605,
9.013904250226915,200,7.331,
9.020033750217408,429,1.103,
9.034015249926597,200,7.473,
9.042914375197142,200,6.676,
9.05339370900765,429,1.228,
9.06213508406654,429,0.962,
9.07005854183808,200,15.836,
9.081573083996773,429,1.284,
9.093837666790932,200,6.942,
9.10295508382842,429,0.979,
9.110871042124927,200,7.133,
9.125342458952218,200,7.281,
9.130121124908328,429,1.291,
9.142740583978593,429,1.366,
9.152697458863258,200,10.061,
9.162163166794926,429,1.254,
9.173333709128201,200,7.277,
9.183130833785981,200,7.045,
9.193011667113751,429,1.114,
9.203485167119652,200,13.008,
9.21013587480411,429,2.072,
9.220155749935657,200,7.328,
9.232597916852683,429,1.063,
9.242124250158668,200,15.628,
9.252615875098854,429,5.288,
9.26180333411321,429,1.883,
9.271840083878487,200,8.575,
9.282800708897412,200,8.702,
9.292501458898187,429,1.27,
9.30252120923251,429,1.523,
9.311601291876286,200,9.843,
9.32310708379373,200,6.944,
9.330796166788787,429,1.08,
9.343727292027324,200,6.659,
9.351129250135273,429,1.26,
9.361789000220597,429,1.415,
9.37637941678986,200,6.854,
9.381704125087708,429,1.16,
9.393565834034234,200,7.64,
9.401053791865706,429,1.039,
9.412435334175825,200,8.076,
9.420427625067532,429,1.869,
9.43467791704461,200,7.741,
9.442379209212959,429,0.977,
9.45193237485364,200,13.792,
9.46046662516892,429,1.181,
9.470869875047356,200,6.523,
9.484264167025685,200,12.565,
9.491129875183105,429,1.82,
9.502979333978146,429,1.048,
9.512236209120601,200,7.079,
9.521020459011197,429,0.871,
9.532155625056475,200,8.112,
9.543181292247027,200,7.166,
9.553353583905846,429,1.397,
9.560682708863169,429,1.054,
9.57535329181701,200,8.27,
9.582053708843887,429,1.706,
9.593567334115505,200,6.884,
9.602928124833852,429,1.065,
9.61334737483412,200,10.88,
9.623551833909005,200,6.708,
9.631618166808039,429,1.156,
9.641182667110115,429,1.416,
9.65269362507388,200,8.145,
9.661410042084754,429,0.982,
9.670822834130377,200,7.516,
9.68097708420828,429,1.186,
9.69284262508154,200,7.464,
9.70157204195857,429,2.775,
9.713378542102873,200,7.961,
9.721296167001128,429,1.222,
9.733926374930888,200,9.707,
9.742929333820939,200,8.898,
9.75318558420986,429,1.177,
9.763270583935082,200,7.246,
9.771622959058732,429,0.835,
9.780997000169009,429,1.138,
9.793599084019661,200,8.651,
9.801208124961704,429,1.657,
9.813300709240139,200,6.961,
9.820659874938428,429,0.998,
9.833446875214577,200,7.383,
9.84047841699794,429,1.498,
9.852012750227004,200,7.347,
9.863128291908652,200,7.338,
9.872276458889246,429,1.157,
9.883817917201668,200,8.22,
9.890899249818176,429,1.636,
9.900750500150025,429,1.512,
9.91046250006184,200,13.607,
9.922716584056616,200,10.94,
9.933392916806042,429,1.372,
9.942732584197074,200,7.924,
9.951313375029713,429,0.956,
9.962011958938092,429,1.066,
9.972359166946262,200,7.319,
9.98077974980697,429,0.979,
9.99239395884797,200,6.937,
10.002932792063802,429,0.941,
10.011717583984137,200,6.562,
10.022819458972663,429,1.185,
10.032939000055194,200,7.424,
10.041967833880335,429,1.345,
10.050701584201306,200,7.06,
10.063379667233676,200,6.939,
10.073179834056646,429,1.129,
10.081295833922923,429,1.504,
10.094022375065833,200,8.302,
10.100691083818674,429,1.512,
10.113624874968082,200,7.382,
10.120074999984354,429,2.448,
10.131660833954811,200,7.6,
10.14043995924294,429,1.127,
10.154462959151715,200,7.098,
10.162582375109196,429,1.193,
10.172076334245503,200,7.124,
10.180489874910563,429,1.289,
10.191468125209212,200,7.484,
10.200239041820168,429,1.144,
10.2141985418275,200,10.343,
10.221686834003776,429,1.221,
10.231894709169865,200,7.646,
10.243938500061631,200,7.083,
10.251619083806872,429,1.323,
10.26354550011456,200,8.223,
10.272159374784678,429,1.391,
10.282027999870479,429,1.401,
10.293825916945934,200,7.563,
10.30186645919457,429,1.257,
10.310765958856791,200,7.268,
10.322324042208493,200,12.736,
10.331086833961308,429,1.758,
10.341814083978534,429,1.28,
10.350284959189594,200,8.905,
10.3610575417988,429,2.923,
10.370144959073514,200,9.547,
10.38088008388877,429,1.297,
10.390059041790664,200,9.565,
10.403103666845709,200,7.622,
10.411137042101473,429,1.322,
10.421427959110588,429,1.234,
10.431919124908745,200,7.589,
10.441721208859235,429,1.024,
10.456346875056624,200,7.977,
10.461516459006816,429,1.038,
10.470904250163585,200,7.5,
10.482193292118609,429,1.33,
10.492214917205274,200,7.546,
10.503156667109579,200,10.464,
10.514031041879207,429,1.414,
10.520545708946884,429,1.621,
10.532770624849945,200,9.044,
10.543372209183872,200,7.636,
10.55094112502411,429,1.122,
10.56381354201585,200,8.092,
10.572568334173411,429,0.929,
10.58299362519756,200,11.276,
10.594254250172526,429,1.173,
10.602686583995819,429,1.149,
10.610695584211498,200,7.591,
10.62399029219523,200,7.04,
10.632897334173322,429,1.08,
10.643436208833009,200,7.099,
10.651524375192821,429,1.254,
10.662718917243183,429,1.3,
10.671957083977759,200,7.68,
10.682753250002861,429,1.315,
10.691518334206194,200,7.966,
10.702197417151183,429,7.273,
10.710355875082314,200,7.589,
10.72422824986279,200,9.04,
10.730768541805446,429,2.4,
10.743554917164147,200,9.834,
10.751461250241846,429,3.129,
10.762024291791022,429,1.474,
10.770141459070146,200,10.759,
10.781683458946645,429,1.03,
10.794111916795373,200,9.026,
10.802862166892737,429,1.248,
10.813470874913037,200,9.042,
10.820756958797574,429,1.958,
10.834519959054887,200,9.434,
10.840907958801836,429,2.136,
10.854561166837811,200,7.15,
10.862636709120125,429,1.042,
10.873481917195022,200,7.681,
10.88155687507242,429,2.106,
10.89417108381167,200,7.189,
10.901881624944508,429,0.878,
10.914012666791677,200,7.049,
10.920863249804825,429,2.336,
10.932470291852951,200,6.9,
10.940947041846812,429,0.983,
10.951055958867073,200,7.45,
10.964391042012721,200,6.511,
10.972589584067464,429,0.99,
10.98198049981147,429,1.15,
10.99394016712904,200,7.411,
11.001751792151481,429,0.99,
11.010868208948523,200,7.607,
11.024371624924242,200,6.873,
11.031795834191144,429,1.047,
11.044071916956455,200,8.015,
11.051511541940272,429,1.187,
11.060691125225276,429,1.045,
11.071350499987602,200,6.704,
11.083374416921288,200,9.472,
11.093468667007983,429,2.437,
11.101271042134613,200,9.315,
11.110568041913211,429,2.037,
11.120791042223573,429,1.262,
11.130047792103142,200,8.194,
11.14072170900181,429,1.127,
11.153650084044784,200,7.697,
11.160848292056471,429,1.059,
11.172807042021304,200,7.55,
11.180263584014028,429,2.849,
11.194751416798681,200,8.427,
11.201029459014535,429,1.238,
11.21288154181093,200,7.145,
11.22061858419329,429,0.868,
11.234319583978504,200,7.821,
11.240553374867886,429,1.722,
11.253799042198807,200,7.192,
11.260885834228247,429,0.99,
11.270117458887398,200,7.807,
11.283999999985099,200,7.026,
11.292867416981608,429,1.193,
11.300251124892384,429,1.049,
11.313311375211924,200,6.799,
11.321675292216241,200,12.558,
11.334156083874404,429,1.186,
11.340636124834418,429,1.147,
11.353780958801508,200,6.875,
11.362985750194639,200,6.014,
11.377498500049114,429,1.08,
11.380546625237912,429,1.065,
11.393882791977376,200,7.333,
11.408535916823894,200,7.101,
11.410009083803743,429,1.871,
11.427233959082514,200,8.835,
11.430700750090182,429,1.202,
11.440114334225655,429,1.236,
11.450849583838135,200,7.214,
11.460038791876286,429,1.022,
11.47067637508735,200,6.68,
11.483437709044665,200,6.62,
11.492955334018916,429,1.318,
11.501390249934047,429,1.654,
11.513318125158548,200,6.799,
11.52083579218015,429,1.194,
11.531802167184651,200,10.973,
11.543320208787918,200,6.672,
11.552991916891187,429,1.239,
11.56024333415553,429,1.738,
11.57308524986729,200,7.136,
11.582966750022024,429,1.083,
11.590216792188585,200,8.596,
11.604811542201787,200,8.003,
11.610309000127017,429,1.231,
11.62478299997747,200,7.314,
11.632094083819538,429,1.025,
11.640873875003308,429,0.99,
11.652865416835994,200,8.787,
11.662831083871424,429,1.008,
11.673536584246904,200,7.367,
11.683061750140041,200,6.51,
11.693195458967239,429,9.681,
11.707048334181309,200,7.647,
11.710759583860636,429,1.172,
11.72529450012371,200,7.6,
11.732085875235498,429,2.462,
11.742614459246397,429,1.066,
11.751064667012542,200,6.922,
11.762549084145576,429,1.279,
11.771177375223488,200,8.41,
11.782920042052865,200,7.167,
11.791159959044307,429,1.148,
11.801634666975588,200,8.45,
11.814996583852917,429,1.35,
11.821761624887586,429,1.156,
11.833337834104896,200,7.18,
11.840644459240139,429,1.802,
11.85325233405456,200,7.442,
11.862112999893725,429,1.152,
11.872924834024161,200,8.755,
11.883400334045291,200,8.106,
11.891462916973978,429,1.406,
11.902861750219017,429,1.3,
11.910090959165245,200,9.094,
11.920985125005245,429,1.414,
11.932774417102337,200,6.981,
11.940706416964531,429,1.311,
11.950043375138193,200,7.793,
11.962176334112883,429,1.108,
11.973860833793879,200,8.842,
11.980519459117204,429,1.58,
11.994639750104398,200,7.947,
12.000893583986908,429,1.548,
12.01187050016597,200,7.39,
12.021034500095993,429,2.184,
12.03440891718492,200,7.155,
12.04178533423692,429,1.053,
12.05404325015843,200,8.221,
12.060610875021666,429,1.708,
12.074658500030637,200,7.103,
12.08058249996975,429,1.675,
12.09083312517032,200,7.164,
12.100769958924502,429,0.987,
12.113882083911449,200,7.126,
12.120812458917499,429,1.279,
12.132837167009711,200,6.966,
12.142899834085256,429,1.078,
12.150847500190139,200,7.072,
12.163173334207386,200,6.449,
12.171888459008187,429,0.967,
12.18088758410886,429,1.286,
12.190110249910504,200,7.1,
12.200875292066485,429,1.022,
12.214303709100932,200,7.956,
12.220901291817427,429,1.404,
12.23185458406806,200,7.383,
12.242837416939437,429,0.984,
12.252690041903406,200,8.18,
12.26158070890233,429,1.011,
12.27415862493217,200,7.169,
12.281561917159706,429,0.823,
12.291566249914467,200,8.204,
12.30059308419004,429,1.215,
12.312849500216544,200,18.031,
12.320558583829552,200,15.066,
12.333012124989182,429,2.652,
12.34087924985215,429,1.116,
12.351585125084966,200,7.293,
12.361799208912998,429,1.22,
12.37086887517944,200,6.808,
12.384419749956578,200,6.554,
12.390880334191024,429,0.946,
12.404505542013794,200,6.715,
12.411891791969538,429,1.013,
12.420098249800503,429,1.308,
12.433406750205904,200,7.833,
12.441157042048872,429,1.059,
12.451982709113508,200,7.649,
12.460044167004526,429,0.909,
12.47085158387199,200,6.653,
12.484024334233254,200,7.552,
12.490895458962768,429,1.097,
12.502326167188585,429,1.563,
12.513315916992724,200,6.83,
12.523163500241935,200,6.421,
12.530771583784372,429,1.319,
12.54496862506494,200,8.314,
12.551273874938488,429,1.316,
12.563224624842405,200,6.745,
12.570870084222406,429,1.233,
12.584035334177315,200,7.544,
12.59170649992302,429,1.668,
12.603019124828279,200,8.162,
12.610999499913305,429,1.403,
12.622783749829978,200,6.826,
12.631686917040497,429,0.961,
12.64420770900324,200,6.946,
12.652391917072237,429,1.514,
12.662067541852593,429,1.558,
12.673334749881178,200,7.415,
12.682015417143703,429,1.408,
12.693890667054802,200,7.494,
12.703049959149212,200,7.661,
12.710339833982289,429,1.459,
12.724685667082667,200,8.439,
12.732314249966294,429,1.51,
12.743154416792095,200,7.756,
12.75137491710484,429,1.158,
12.760708834044635,429,1.093,
12.773465666919947,200,8.925,
12.780328709166497,429,1.443,
12.793536125216633,200,8.683,
12.801865208894014,200,9.936,
12.810853709001094,429,3.029,
12.820299624931067,429,3.038,
12.830650041811168,200,11.499,
12.841752375010401,429,1.89,
12.85149604221806,200,11.242,
12.863269791938365,200,7.733,
12.870894125197083,429,1.119,
12.884426041971892,200,7.749,
12.890036874916404,429,1.377,
12.904907625168562,200,6.859,
12.912113124970347,429,1.185,
12.923809584230185,200,7.075,
12.930745874997228,429,1.189,
12.944567416794598,200,6.663,
12.951571749988943,429,2.099,
12.964167833793908,200,6.963,
12.97177212499082,429,0.919,
12.984073624946177,200,7.056,
12.990883708931506,429,1.097,
13.004464167170227,200,6.992,
13.010860166978091,429,1.03,
13.022548667155206,429,1.14,
13.033619708847255,200,7.597,
13.04086362523958,429,0.954,
13.053018417209387,200,8.125,
13.060752708930522,429,1.036,
13.073785916902125,200,8.681,
13.080203916877508,429,1.792,
13.091607834212482,200,6.98,
13.101817584130913,429,0.965,
13.11402116715908,200,8.637,
13.122617499902844,429,0.895,
13.133600791916251,200,8.673,
13.142039250116795,429,1.183,
13.150021334178746,200,7.425,
13.16439991723746,200,7.441,
13.170021541882306,429,1.061,
13.180882750079036,429,0.963,
13.191849499940872,200,7.481,
13.202787334099412,200,10.967,
13.21075529186055,429,2.966,
13.220063333865255,429,1.574,
13.234834083821625,200,8.138,
13.242498917039484,429,1.27,
13.252320500090718,200,8.033,
13.26061504194513,429,1.01,
13.274587917141616,200,7.527,
13.282324166968465,200,7.662,
13.290606916882098,429,1.1,
13.302385792136192,200,8.433,
13.313719999976456,429,1.051,
13.320866375230253,429,0.995,
13.334494541864842,200,8.399,
13.340056499931961,429,1.459,
13.352509125135839,200,15.219,
13.36103045893833,200,13.778,
13.370808334089816,429,1.508,
13.382959458976984,200,7.95,
13.391605750191957,429,0.873,
13.400869749952108,429,0.9,
13.414519125130028,200,8.434,
13.422213667072356,429,1.551,
13.432060500141233,200,10.322,
13.442694167140871,429,1.159,
13.452996749896556,200,8.739,
13.46165716694668,429,0.992,
13.471527084242553,200,7.407,
13.483931208960712,200,6.863,
13.490603167098016,429,1.267,
13.504624458961189,200,9.95,
13.511602791957557,429,1.776,
13.520881624892354,429,1.15,
13.533937166910619,200,8.6,
13.540587834082544,429,1.443,
13.554620792157948,200,7.719,
13.562633959110826,429,0.963,
13.57087125023827,200,6.764,
13.580061709042639,429,1.045,
13.590872041881084,200,6.557,
13.602894334122539,429,1.014,
13.611447209026664,200,8.101,
13.624218333978206,200,6.643,
13.631261624861509,429,1.0,
13.642763374838978,429,0.944,
13.6518673337996,200,8.581,
13.6601976249367,429,1.959,
13.671818375121802,200,7.599,
13.684024292044342,200,10.109,
13.691000124905258,429,1.622,
13.704392625018954,200,7.371,
13.712691375054419,429,1.067,
13.72087158402428,429,1.047,
13.731959541793913,200,7.299,
13.743949791882187,200,6.144,
13.751976999919862,429,0.974,
13.762663584202528,429,1.523,
13.773209041915834,200,9.454,
13.781941667199135,429,1.137,
13.79396125022322,200,7.448,
13.801284709013999,429,0.983,
13.814301333855838,200,9.58,
13.821945624891669,429,1.941,
13.833956291899085,200,7.759,
13.84156708419323,429,1.034,
13.850947124883533,200,8.012,
13.864434792194515,200,7.823,
13.871871166862547,429,2.249,
13.880103709176183,429,1.137,
13.89269741717726,200,7.994,
13.901120374910533,429,0.942,
13.911877499893308,200,7.052,
13.920067584142089,429,2.234,
13.932884042151272,200,7.168,
13.943478167057037,200,6.857,
13.95070687495172,429,0.912,
13.964594209101051,200,7.524,
13.971026916988194,429,1.248,
13.982878666836768,429,0.916,
13.992807500064373,200,7.071,
14.000886166933924,429,0.837,
14.014416833873838,200,7.26,
14.022022083867341,429,1.226,
14.033929124940187,200,7.038,
14.042989166919142,429,0.951,
14.053297958802432,200,7.423,
14.061713874805719,429,0.86,
14.074093666858971,200,7.286,
14.08160808403045,429,0.944,
14.090825291816145,200,8.572,
14.101832459215075,429,1.208,
14.11330262478441,200,11.191,
14.123017416801304,200,10.542,
14.131587666925043,429,1.858,
14.143371333833784,200,7.475,
14.150612959172577,429,1.096,
14.162175000179559,200,10.165,
14.171427709050477,429,1.523,
14.180873666889966,429,1.141,
14.192088999785483,200,7.697,
14.20383904222399,200,7.096,
14.210908583831042,429,0.981,
14.22272983379662,200,9.237,
14.231881416868418,429,0.888,
14.240864917170256,429,0.913,
14.254519458860159,200,7.996,
14.262363375164568,429,0.98,
14.270886749960482,200,9.162,
14.280604000203311,429,1.008,
14.293982749804854,200,9.153,
14.300385208800435,429,1.47,
14.311858625151217,200,8.627,
14.321975084021688,429,1.098,
14.33302375022322,200,12.951,
14.346345833968371,200,6.788,
14.351549500133842,429,1.038,
14.364109542220831,200,8.139,
14.371562417130917,429,1.203,
14.382169833872467,429,1.293,
14.393526167143136,200,13.125,
14.401959999930114,200,13.58,
14.419169750064611,200,8.132,
14.423316209111363,429,3.156,
14.431067458819598,429,3.136,
14.440851499792188,429,2.544,
14.450905084144324,200,8.181,
14.46169516723603,429,3.408,
14.474013875238597,200,7.897,
14.482172375079244,429,0.876,
14.491051000077277,200,6.718,
14.508028000127524,200,6.561,
14.51052883407101,429,0.956,
14.522402458824217,429,1.187,
14.531950375065207,200,11.566,
14.543803709093481,200,6.587,
14.552989209070802,429,1.4,
14.562172709032893,429,1.075,
14.573839709162712,200,7.699,
14.580024667084217,429,1.746,
14.594884959049523,200,8.469,
14.600762667134404,429,1.046,
14.613300249911845,200,6.951,
14.62010966707021,429,0.926,
14.63200854184106,200,7.105,
14.640826624818146,429,0.946,
14.653802792076021,200,7.277,
14.660971084143966,429,1.377,
14.675057250075042,200,7.014,
14.681555334012955,429,1.233,
14.693520791828632,200,6.9,
14.700967125128955,429,2.186,
14.713315750006586,200,7.618,
14.722597166895866,200,7.024,
14.73092329222709,429,1.305,
14.740811083931476,429,1.346,
14.752811584156007,200,9.696,
14.76093174982816,429,1.632,
14.77214412484318,200,7.404,
14.782080375123769,429,1.135,
14.796077083796263,200,8.835,
14.801820334047079,429,1.364,
14.81324745900929,200,7.809,
14.821874999906868,429,1.223,
14.833971959073097,200,7.797,
14.840111417230219,429,4.542,
14.853470209054649,200,8.72,
14.860540292225778,429,1.819,
14.87460337486118,200,8.039,
14.882559167221189,429,1.045,
14.890864334069192,200,7.104,
14.904511583968997,200,6.795,
14.911635458935052,429,2.557,
14.924143083859235,200,7.016,
14.931430125143379,429,0.868,
14.944238500203937,200,7.908,
14.951859834138304,429,2.292,
14.960914959199727,429,1.322,
14.971930417232215,200,8.325,
14.983860041946173,200,6.058,
14.992551208939403,429,0.914,
15.00893275020644,200,7.399,
15.010177459102124,429,1.158,
15.02445241715759,200,6.416,
15.032481959089637,429,1.196,
15.04381391685456,200,7.56,
15.05222308402881,429,2.01,
15.062557875178754,429,1.072,
15.071650334168226,200,6.858,
15.082054917234927,429,1.518,
15.092706833966076,200,7.841,
15.10065320879221,429,0.971,
15.113874374888837,200,11.267,
15.12558116717264,200,7.211,
15.13012812519446,429,1.319,
15.141456041950732,429,1.29,
15.152156374882907,200,7.626,
15.163015083875507,200,10.465,
15.172771917190403,429,1.86,
15.18329920899123,200,6.524,
15.193014624994248,429,1.18,
15.202208791859448,429,1.241,
15.211432042066008,200,7.105,
15.22243804205209,429,1.357,
15.233221542090178,200,7.846,
15.242012542206794,429,1.136,
15.250115958973765,200,11.3,
15.26335508422926,200,7.371,
15.273216334171593,429,1.313,
15.28019883390516,429,2.213,
15.293081750161946,200,10.809,
15.301371208857745,429,1.463,
15.314158666878939,200,9.163,
15.321732666809112,429,1.568,
15.33400620892644,200,7.265,
15.341064459178597,429,1.03,
15.351851041894406,200,6.863,
15.360928291920573,429,0.935,
15.371866667177528,200,7.179,
15.382900250144303,429,1.057,
15.39191837515682,200,9.718,
15.401170374825597,429,1.641,
15.41426695883274,200,16.355,
15.422761458903551,200,14.647,
15.430902708787471,429,3.274,
15.443611000198871,200,6.414,
15.452062708791345,429,2.22,
15.463529500178993,200,6.112,
15.47072449978441,429,1.014,
15.482953917235136,200,7.741,
15.493400750216097,429,0.973,
15.503152708988637,200,6.193,
15.512946709059179,429,1.485,
15.520482916850597,429,1.071,
15.533173083793372,200,11.775,
15.545456166844815,200,7.126,
15.55089716706425,429,1.094,
15.560691209044307,429,1.917,
15.572539917193353,200,9.133,
15.581696125213057,429,1.196,
15.593965167179704,200,7.709,
15.601763499900699,429,1.06,
15.613942958880216,200,7.953,
15.623347625136375,200,7.049,
15.632894792128354,429,1.197,
15.641487459186465,429,1.808,
15.65208954224363,200,8.58,
15.662374834064394,429,1.14,
15.675359709188342,200,7.924,
15.681978625245392,429,1.239,
15.693518166895956,200,7.008,
15.705146625172347,200,6.931,
15.711345249786973,429,1.149,
15.7220174591057,429,1.185,
15.733659584075212,200,9.394,
15.742933291941881,200,8.184,
15.751756791956723,429,0.986,
15.760040333960205,429,1.326,
15.771582333836704,200,8.329,
15.780170124955475,429,0.961,
15.79477483406663,200,7.984,
15.80089820921421,429,1.837,
15.810324542224407,200,7.393,
15.824771041981876,200,7.547,
15.832279750145972,429,0.972,
15.841568834148347,429,1.177,
15.85412916680798,200,10.237,
15.862338709179312,429,2.054,
15.870857667177916,200,8.903,
15.880056709051132,429,1.089,
15.893358542118222,200,7.973,
15.901637666858733,429,1.33,
15.914116791915148,200,8.84,
15.921030417084694,429,2.03,
15.934368959162384,200,7.255,
15.940905584022403,429,2.329,
15.954529542010278,200,7.612,
15.960678041912615,429,1.254,
15.971385874785483,200,6.729,
15.984191250056028,200,7.106,
15.990592000074685,429,1.69,
16.004587249830365,200,7.5,
16.012550209183246,429,0.895,
16.020868916995823,429,1.103,
16.03415112523362,200,11.517,
16.045229999814183,200,6.853,
16.052265958860517,429,0.996,
16.06135491700843,429,1.162,
16.070353041868657,200,7.31,
16.084722625091672,200,8.142,
16.091746834106743,429,2.09,
16.10175070911646,429,1.121,
16.113318333867937,200,10.207,
16.12345925020054,200,7.364,
16.13265237491578,429,2.4,
16.142773958854377,429,1.105,
16.152515625115484,200,9.204,
16.162169416900724,429,1.698,
16.173883624840528,200,7.114,
16.182897250168025,200,10.731,
16.19302916713059,429,1.883,
16.201384459156543,429,1.474,
16.212331708986312,200,7.927,
16.2214890839532,429,1.251,
16.23401770880446,200,7.506,
16.242895083967596,429,1.057,
16.251474500168115,200,8.116,
16.261914667207748,429,1.607,
16.272837750148028,200,7.149,
16.282670666929334,429,1.182,
16.294674000237137,200,9.32,
16.30242025014013,429,1.542,
16.311757834162563,200,7.287,
16.321027083788067,429,1.262,
16.33383349981159,200,8.0,
16.34132874989882,429,1.825,
16.352938584052026,200,7.984,
16.361386499833316,429,1.126,
16.37314224988222,200,6.99,
16.382965125143528,429,1.212,
16.39180533401668,200,6.72,
16.40276954183355,200,8.434,
16.412704417016357,429,2.472,
16.42584591684863,200,7.593,
16.43183391680941,429,1.57,
16.4437907920219,200,9.084,
16.45272724982351,429,1.014,
16.460831542033702,429,1.351,
16.474172125104815,200,6.741,
16.482695875223726,429,1.111,
16.49357850011438,200,6.607,
16.503048583865166,200,8.941,
16.511689917184412,429,1.527,
16.52102483389899,429,1.433,
16.53182162484154,200,11.704,
16.54437708389014,200,7.342,
16.551270000170916,429,1.122,
16.562920459080487,200,6.48,
16.573347333818674,429,1.064,
16.580213374923915,429,1.205,
16.593518124893308,200,6.882,
16.601387791801244,429,2.27,
16.613308541942388,200,8.816,
16.62294345907867,429,1.033,
16.631680000107735,200,7.288,
16.643506166990846,200,7.181,
16.65156145906076,429,1.199,
16.660683709196746,429,1.171,
16.671918749809265,200,7.153,
16.682013167068362,429,1.07,
16.69351329188794,200,12.073,
16.700192667078227,429,5.035,
16.714019916951656,200,7.821,
16.7217165841721,429,1.032,
16.7326213340275,200,6.868,
16.743007000070065,200,7.381,
16.75011979183182,429,1.332,
16.761233625002205,429,1.057,
16.7743124589324,200,10.7,
16.781350791919976,429,1.625,
16.79350766679272,200,8.032,
16.80117745883763,429,1.245,
16.81152345892042,200,6.887,
16.822024084161967,429,1.313,
16.831239041872323,200,7.039,
16.84273266699165,200,6.935,
16.8529552500695,429,1.497,
16.861221459228545,429,1.415,
16.87390112504363,200,8.195,
16.882568917237222,429,0.97,
16.893522291909903,200,7.456,
16.90283149993047,429,1.021,
16.91342750005424,200,10.299,
16.923914291895926,200,6.507,
16.930980749893934,429,1.699,
16.943514834158123,200,7.171,
16.95278741698712,429,1.049,
16.96308449981734,200,9.887,
16.97255566716194,429,1.54,
16.98338362481445,200,7.953,
16.991154999937862,429,1.081,
17.00328891724348,200,8.216,
17.010675916913897,429,1.57,
17.020732834003866,429,1.247,
17.033082666806877,200,7.049,
17.0403737090528,429,0.925,
17.050878583919257,200,6.684,
17.06008387496695,429,0.924,
17.07087420905009,200,6.662,
17.08280183421448,429,0.985,
17.093518792185932,200,7.832,
17.101333334110677,429,2.066,
17.112723500002176,200,6.737,
17.121888083871454,429,1.0,
17.13082650024444,200,7.485,
17.142665875144303,429,1.112,
17.15359166683629,200,7.218,
17.16288262512535,429,1.149,
17.17087083403021,200,6.867,
17.18447474995628,200,7.33,
17.19091841718182,429,1.488,
17.204483708832413,200,6.842,
17.211575916968286,429,1.877,
17.220391042064875,429,0.943,
17.234747333917767,200,7.931,
17.240900333970785,429,1.083,
17.25109629193321,200,8.482,
17.26280212495476,429,1.0,
17.270874708890915,200,8.122,
17.283774792216718,200,7.388,
17.291024249978364,429,1.097,
17.302878917194903,200,8.388,
17.310580334160477,429,1.262,
17.32462454214692,200,8.901,
17.33254662482068,429,1.092,
17.343101291917264,200,7.701,
17.351339499931782,429,1.158,
17.361891834065318,429,2.118,
17.370311833918095,200,9.064,
17.3844739170745,200,8.463,
17.392689417116344,429,1.165,
17.401795874815434,429,1.296,
17.413986667059362,200,9.585,
17.420864916872233,429,2.86,
17.43007929204032,200,11.015,
17.441381291951984,429,1.051,
17.454237333964556,200,13.11,
17.461706125177443,200,12.636,
17.471620250027627,429,1.079,
17.48412312520668,200,9.042,
17.49287366680801,429,1.258,
17.50194949982688,429,1.041,
17.510890000034124,200,8.941,
17.52083320915699,429,1.725,
17.53242375003174,200,6.725,
17.541797333862633,429,0.908,
17.550931083969772,200,6.598,
17.56288579199463,429,1.14,
17.57012908393517,200,8.099,
17.58018450019881,429,2.447,
17.590566333848983,200,9.401,
17.600196208804846,429,1.673,
17.611260917037725,200,9.821,
17.6201000418514,429,1.915,
17.633928874973208,200,8.778,
17.64085941715166,429,1.074,
17.652889458928257,200,6.451,
17.660989874973893,429,0.888,
17.67085974989459,200,8.713,
17.68018029211089,429,1.228,
17.69480466702953,200,8.285,
17.702465875074267,429,1.434,
17.710867084097117,200,6.996,
17.720799417234957,429,1.002,
17.73085749987513,200,6.746,
17.744532541837543,200,6.453,
17.75086758378893,429,0.909,
17.7644931669347,200,7.259,
17.771570208948106,429,0.889,
17.78414741717279,200,6.796,
17.792877667117864,429,0.979,
17.800895208958536,429,1.027,
17.811888124793768,200,7.32,
17.820019125007093,429,1.035,
17.831869166810066,200,7.392,
17.843942750245333,200,6.684,
17.852858792059124,429,0.971,
17.861991833895445,429,1.248,
17.873322458937764,200,20.921,
17.881731749977916,200,20.364,
17.892631916794926,429,3.294,
17.90185358421877,200,10.187,
17.91156708402559,429,2.558,
17.924031124915928,200,7.644,
17.930024417117238,429,1.47,
17.94395595882088,200,7.576,
17.951520042028278,429,0.949,
17.961051917169243,429,1.014,
17.97441912489012,200,7.409,
17.982094292063266,429,0.977,
17.993503166828305,200,7.695,
18.00284150009975,429,1.23,
18.01081058382988,200,6.989,
18.02092945901677,429,1.105,
18.033335541840643,200,7.573,
18.042948292102665,429,0.994,
18.0534787918441,200,6.554,
18.062687375117093,429,0.943,
18.070066917221993,200,7.392,
18.084912084043026,200,7.286,
18.092087250202894,429,0.914,
18.10387104190886,200,6.89,
18.112988917157054,429,0.978,
18.12749508395791,200,7.605,
18.131123709026724,429,1.091,
18.14350474998355,200,6.572,
18.153004583902657,429,1.33,
18.16089312499389,429,1.295,
18.178192333783954,200,8.212,
18.180695792194456,429,1.143,
18.19451754214242,200,7.461,
18.202488583978266,200,7.759,
18.211437084246427,429,1.295,
18.223996916785836,200,8.732,
18.231440667062998,429,1.365,
18.2419555420056,429,1.493,
18.25180062511936,200,8.788,
18.260157375130802,429,2.663,
18.27134320884943,200,7.09,
18.281618291977793,429,1.411,
18.290257041808218,200,6.956,
18.303343791980296,200,11.092,
18.3113113748841,429,1.115,
18.324200375005603,200,8.09,
18.332699208986014,429,0.964,
18.343042166903615,200,7.757,
18.350851709023118,429,1.009,
18.3607090418227,429,1.376,
18.3725050422363,200,7.165,
18.38356670923531,200,7.313,
18.3905130000785,429,1.019,
18.402163833845407,429,1.333,
18.41377287497744,200,7.309,
18.422784208785743,429,1.091,
18.430996750015765,200,7.508,
18.440509459003806,429,1.169,
18.454733250197023,200,10.166,
18.46248070895672,200,10.85,
18.472176167182624,429,2.263,
18.480305375065655,429,3.176,
18.490975624881685,200,11.442,
18.5020206249319,200,10.681,
18.510567584075034,429,1.541,
18.52446920890361,200,6.497,
18.53220900008455,429,1.162,
18.54367145895958,200,6.298,
18.551409834064543,429,2.782,
18.56132783414796,429,1.119,
18.573144500143826,200,7.693,
18.58139166701585,429,0.942,
18.592839291784912,200,7.504,
18.600059625227004,429,2.6,
18.613324083853513,200,9.456,
18.62076154211536,429,1.563,
18.631800000090152,200,6.937,
18.641684291884303,429,1.092,
18.65134216705337,200,7.018,
18.660321124829352,429,1.155,
18.670195959042758,200,7.183,
18.681301041971892,429,1.319,
18.693491416983306,200,7.031,
18.70369845908135,200,6.965,
18.712210041936487,429,1.246,
18.721194291952997,429,2.105,
18.732053709216416,200,7.473,
18.742806292138994,429,1.129,
18.750805584248155,200,8.347,
18.761026042047888,429,1.137,
18.773849999997765,200,7.574,
18.780913792084903,429,1.203,
18.794077708851546,200,6.871,
18.802745333872736,429,1.164,
18.81283612502739,200,9.035,
18.820025166962296,429,1.993,
18.83088262518868,200,9.849,
18.840020583942533,429,1.429,
18.853328291792423,200,8.069,
18.861566124949604,429,0.854,
18.87414800003171,200,6.844,
18.881213542073965,429,0.931,
18.894356249831617,200,7.745,
18.90189408417791,200,8.651,
18.91098133381456,429,0.992,
18.922724292147905,429,1.284,
18.93007883382961,200,9.117,
18.94490324985236,200,7.464,
18.95099254185334,429,1.742,
18.963659124914557,200,7.083,
18.97270999988541,429,0.988,
18.98124233400449,429,1.137,
18.99189495900646,200,7.01,
19.00291333394125,200,8.946,
19.01327908411622,429,1.408,
19.022740667220205,429,1.137,
19.030754374805838,200,7.342,
19.043697874993086,200,7.131,
19.05167058389634,429,1.785,
19.06074095889926,429,1.198,
19.074032166972756,200,7.585,
19.080634667072445,429,2.685,
19.093905167188495,200,8.62,
19.10207312507555,429,1.175,
19.11003087507561,200,7.433,
19.12262862501666,429,1.084,
19.131529625039548,200,7.263,
19.144074250012636,200,7.401,
19.152046999894083,429,1.265,
19.164211583789438,200,8.509,
19.171412417199463,429,1.338,
19.183626334182918,200,6.526,
19.190783333964646,429,1.117,
19.20414499985054,200,8.533,
19.210540667176247,429,1.577,
19.225903208833188,200,9.109,
19.231348250061274,429,1.141,
19.24427454220131,200,7.205,
19.252323541790247,429,2.09,
19.263498709071428,200,7.123,
19.271808084100485,429,1.355,
19.282699333969504,200,10.484,
19.293093459215015,429,1.082,
19.303313792217523,200,6.438,
19.312195834238082,429,1.218,
19.323461084160954,200,6.824,
19.333671084139496,429,1.13,
19.34299833420664,200,7.674,
19.350944625213742,429,1.016,
19.362306124996394,429,1.142,
19.372889583930373,200,7.894,
19.380683708935976,429,1.604,
19.393245833925903,200,7.141,
19.401198875159025,429,0.944,
19.414169542025775,200,7.546,
19.422791624907404,429,2.15,
19.433014791924506,200,7.258,
19.44005374982953,429,1.067,
19.45325249992311,200,7.606,
19.460155333857983,429,1.305,
19.477502666879445,200,9.348,
19.480242125224322,429,2.359,
19.493696250021458,200,23.368,
19.501415791921318,200,21.665,
19.51305170916021,429,3.401,
19.52121145883575,429,1.357,
19.53006500005722,200,6.47,
19.544799291994423,200,7.491,
19.55195187497884,429,7.075,
19.563433959148824,200,6.861,
19.572704959195107,429,1.108,
19.582487292122096,429,1.079,
19.590101333800703,200,6.499,
19.60433916701004,200,6.775,
19.611690791789442,429,1.008,
19.62169162509963,429,1.281,
19.631554250139743,200,7.684,
19.64289979217574,429,0.977,
19.653484084177762,200,7.082,
19.663195291999727,200,5.95,
19.673291459213942,429,1.021,
19.68152491701767,429,1.114,
19.694133959244937,200,9.893,
19.703781709074974,200,6.996,
19.711954209022224,429,1.318,
19.721962166950107,200,8.167,
19.732266041915864,429,1.222,
19.74378583393991,200,7.098,
19.750983791891485,429,1.153,
19.761365542188287,429,1.359,
19.77385629201308,200,7.724,
19.78087929217145,429,1.285,
19.79350099992007,200,6.701,
19.80282095912844,200,6.989,
19.81362241692841,429,1.621,
19.822696917224675,200,6.668,
19.830341666936874,429,1.2,
19.84478620905429,200,7.679,
19.85239362483844,429,1.22,
19.862137000076473,429,1.192,
19.872196167241782,200,7.123,
19.882546124979854,200,14.941,
19.89268383383751,429,6.368,
19.903499959036708,200,7.499,
19.910661125089973,429,1.379,
19.924599917139858,200,7.677,
19.932335834018886,429,0.942,
19.940877459011972,429,1.053,
19.954487334005535,200,7.575,
19.96087499987334,429,1.573,
19.97446412499994,200,7.445,
19.98040583403781,429,1.343,
19.99472845904529,200,7.574,
20.002516666892916,429,0.946,
20.013645625207573,200,6.961,
20.02072283392772,429,1.077,
20.031942458823323,200,8.762,
20.040281500201672,429,1.331,
20.055284792091697,200,8.039,
20.061965624801815,429,1.672,
20.073890333995223,200,7.054,
20.08070733398199,429,1.138,
20.093508874997497,200,6.634,
20.103020584210753,200,7.376,
20.111631750129163,429,1.192,
20.12173404218629,429,1.471,
20.13042424991727,200,14.3,
20.144652292132378,200,7.514,
20.152442583814263,429,0.997,
20.163664875086397,200,8.018,
20.172036500182003,429,1.185,
20.180679209064692,429,1.096,
20.194506708998233,200,7.843,
20.201934583950788,200,7.617,
20.211695916950703,429,1.136,
20.22450387524441,200,7.211,
20.230489125009626,429,1.046,
20.244710584171116,200,7.354,
20.25235987501219,429,4.063,
20.263743958901614,200,7.038,
20.271995584014803,429,1.172,
20.28178529208526,429,1.401,
20.291174999903888,200,7.393,
20.303739999886602,200,7.111,
20.312166499905288,429,1.259,
20.322580167092383,429,1.121,
20.33347341697663,200,10.647,
20.3419746668078,429,2.208,
20.352032375056297,200,7.575,
20.361735959071666,429,1.005,
20.371740417089313,200,6.912,
20.383367666974664,200,11.078,
20.392980792094022,429,2.019,
20.403156416956335,200,9.454,
20.411919792182744,429,7.39,
20.4234950421378,200,7.825,
20.433034874964505,429,1.116,
20.44299737503752,200,6.949,
20.45130345923826,429,0.982,
20.46429616678506,200,10.661,
20.474629417061806,429,1.045,
20.482398834079504,429,0.975,
20.492007916793227,200,6.431,
20.500398667063564,429,1.433,
20.514682709239423,200,7.346,
20.522019292227924,429,1.025,
20.532142541836947,200,7.065,
20.54335774993524,200,7.181,
20.552641792222857,429,4.348,
20.56044579204172,429,1.218,
20.572575666941702,200,6.355,
20.583460499998182,200,6.449,
20.592978791799396,429,1.336,
20.60332295903936,200,6.088,
20.61189129203558,429,2.477,
20.62184099992737,429,0.835,
20.63233399996534,200,7.091,
20.643780750222504,200,6.249,
20.65187816694379,429,1.161,
20.662463709246367,429,0.989,
20.67421929212287,200,7.734,
20.68200591718778,429,1.135,
20.693034416995943,200,6.458,
20.701307834126055,429,1.157,
20.71341075003147,200,6.683,
20.72141708387062,429,1.238,
20.733405083883554,200,6.533,
20.743197250179946,200,8.008,
20.751112500205636,429,0.914,
20.764032499864697,200,6.842,
20.772628834005445,429,1.188,
20.782098333816975,429,1.124,
20.79348129220307,200,6.974,
20.801346042193472,200,8.431,
20.810729208867997,429,1.615,
20.822608499787748,429,1.105,
20.831518542021513,200,7.832,
20.843526999931782,200,6.744,
20.854201834183186,429,1.271,
20.8602489172481,429,1.36,
20.874645667150617,200,8.803,
20.88258433388546,200,7.989,
20.893481167033315,429,1.377,
20.900817334186286,429,1.179,
20.912076083943248,200,7.898,
20.922023999970406,429,1.079,
20.931271750014275,200,8.035,
20.94418879179284,200,9.131,
20.95189491705969,429,1.627,
20.961720291990787,429,1.355,
20.97084433399141,200,8.868,
20.980044417083263,429,1.169,
20.990480749867857,200,7.262,
21.00066816713661,429,1.048,
21.01184791699052,200,7.631,
21.02069895900786,429,1.025,
21.03167379181832,200,7.08,
21.041934709064662,429,1.048,
21.05087933409959,200,7.132,
21.063136250246316,200,6.718,
21.07222279207781,429,1.088,
21.081383334007114,429,1.018,
21.09289366705343,200,7.572,
21.101624624803662,429,0.985,
21.11285408399999,200,7.776,
21.120742458850145,429,0.905,
21.13434224994853,200,7.947,
21.1419897088781,429,1.11,
21.153836417011917,200,7.307,
21.16110954200849,429,1.102,
21.17086416715756,200,7.744,
21.182594624813646,429,1.197,
21.190335624851286,200,8.904,
21.2047554589808,200,8.046,
21.210901374928653,429,1.571,
21.22451020916924,200,7.816,
21.230389874894172,429,1.252,
21.24148612516001,429,1.292,
21.250376209151,200,9.198,
21.260518916882575,429,2.766,
21.27203445881605,200,8.616,
21.28043954214081,429,1.342,
21.29015487479046,200,8.263,
21.300085625145584,429,1.155,
21.31391370901838,200,7.511,
21.32288141688332,429,0.894,
21.333497874904424,200,7.216,
21.34174858406186,429,0.918,
21.350872667040676,200,7.09,
21.363494750112295,200,7.745,
21.37108379183337,429,1.005,
21.384334417060018,200,9.504,
21.390626000240445,429,3.331,
21.40050429198891,429,1.301,
21.414607500191778,200,9.39,
21.42184029193595,429,1.331,
21.432290084194392,200,8.408,
21.440478459000587,429,1.006,
21.45130666717887,200,9.059,
21.460060624871403,429,2.069,
21.474808500148356,200,9.052,
21.482032083906233,429,1.62,
21.49384554196149,200,6.899,
21.501449041999876,429,1.057,
21.51086545921862,200,7.93,
21.521000625099987,429,1.155,
21.53441174980253,200,8.349,
21.542619208805263,429,1.2,
21.553613875061274,200,15.54,
21.56313066696748,200,12.977,
21.571557375136763,429,2.69,
21.581598124932498,429,1.135,
21.590814374852926,200,6.789,
21.60342299984768,200,6.942,
21.61026162514463,429,1.028,
21.624278374947608,200,8.995,
21.63094800012186,429,1.334,
21.64287537522614,429,1.159,
21.650070750154555,200,6.49,
21.664919124916196,200,6.403,
21.671530624851584,429,1.999,
21.68106941692531,429,0.869,
21.691586583852768,200,7.348,
21.704181166831404,200,7.414,
21.711567291989923,429,0.877,
21.72086387500167,429,2.016,
21.73189683398232,200,7.171,
21.740950083825737,429,0.994,
21.754435709211975,200,8.041,
21.762377792038023,429,1.11,
21.770855834241956,200,7.298,
21.784547166898847,200,6.876,
21.79195366706699,429,0.894,
21.800974334124476,429,0.993,
21.814397166948766,200,8.408,
21.822434999980032,429,1.184,
21.8318302500993,200,7.338,
21.842044666875154,429,0.932,
21.852825374808162,200,7.001,
21.860731749795377,429,0.973,
21.870842500124127,200,6.82,
21.88063425011933,429,1.034,
21.89459487516433,200,9.096,
21.90080083394423,429,1.491,
21.911210083868355,200,12.462,
21.92261008406058,200,8.673,
21.93119945889339,429,0.985,
21.940549958962947,429,1.168,
21.95331458421424,200,8.167,
21.961340417154133,429,0.996,
21.97281412500888,200,6.965,
21.9802033752203,429,1.001,
21.9908774998039,200,6.81,
22.00450404221192,200,6.766,
22.01120779197663,429,0.812,
22.02072829194367,429,1.106,
22.034498624969274,200,8.15,
22.040016666986048,429,0.945,
22.050893917214125,200,7.502,
22.063887792173773,200,7.066,
22.072900999803096,429,1.162,
22.081173709128052,429,1.144,
22.09304395923391,200,10.898,
22.102178709115833,429,2.026,
22.111362209077924,200,7.703,
22.12025008397177,429,0.88,
22.133427042048424,200,7.37,
22.14067104179412,429,0.975,
22.153401750139892,200,7.181,
22.162135874852538,429,1.146,
22.172039167024195,200,6.958,
22.18384416680783,200,6.172,
22.192977875005454,429,1.333,
22.20129454182461,429,1.236,
22.211934042163193,200,8.053,
22.22456254204735,200,7.224,
22.230143417138606,429,1.668,
22.24547470919788,200,13.325,
22.251698167063296,429,1.502,
22.261701916810125,200,11.559,
22.274004417005926,429,1.386,
22.28202254185453,429,1.839,
22.29381350008771,200,15.008,
22.302773375064135,200,8.684,
22.310500958934426,429,2.219,
22.320594042073935,429,1.196,
22.334544791840017,200,9.739,
22.3403366249986,429,1.26,
22.3512940001674,200,8.373,
22.360930709168315,429,1.146,
22.374328000005335,200,14.606,
22.381446875166148,429,1.343,
22.393477167002857,200,6.369,
22.402997250203043,200,5.896,
22.41353683406487,429,2.711,
22.424594041891396,200,8.399,
22.43182749999687,429,1.784,
22.44197470881045,429,1.086,
22.450107334181666,200,13.852,
22.46017749980092,200,12.032,
22.47073679184541,429,2.738,
22.482505000196397,429,1.397,
22.492931959219277,200,7.993,
22.50065725017339,429,1.174,
22.51447429182008,200,6.816,
22.522207584232092,429,1.046,
22.53176979208365,200,7.521,
22.543959542177618,200,8.653,
22.55290387524292,429,2.078,
22.561165625229478,429,3.046,
22.57129745883867,200,11.27,
22.580732333939523,200,15.921,
22.59092799993232,429,3.473,
22.600983624812216,429,1.893,
22.610917374957353,200,10.271,
22.623941083904356,200,10.328,
22.630103250034153,429,2.453,
22.641085917130113,429,1.374,
22.65107591683045,200,8.663,
22.660219250246882,429,2.366,
22.671002792194486,200,7.088,
22.68303362512961,429,1.06,
22.692491500172764,200,7.259,
22.70366583392024,200,6.834,
22.711372499819845,429,1.172,
22.720057459082454,429,1.214,
22.730874333996326,200,7.806,
22.741912041790783,429,1.254,
22.751688458956778,200,7.868,
22.76221300009638,429,1.224,
22.77126183407381,200,8.675,
22.78284450015053,429,1.258,
22.790386542212218,200,8.043,
22.804694584105164,200,8.974,
22.812535542063415,429,2.465,
22.823556791990995,200,7.998,
22.831390583887696,429,1.562,
22.84414983401075,200,6.987,
22.850972666870803,429,1.04,
22.864428124856204,200,7.075,
22.87129362486303,429,1.83,
22.880869708955288,429,0.934,
22.894503416959196,200,8.774,
22.900022792164236,429,1.275,
22.91489425022155,200,9.109,
22.92213312489912,429,1.301,
22.933821042068303,200,6.874,
22.941489334218204,429,0.95,
22.950875124894083,200,7.622,
22.964448541868478,200,7.192,
22.97089174995199,429,2.361,
22.984434959013015,200,7.354,
22.991625292226672,429,1.395,
23.004080291837454,200,7.378,
23.01072962488979,429,1.079,
23.02279999991879,429,0.981,
23.033615459222347,200,8.152,
23.040608750190586,429,1.382,
23.051337500102818,200,7.257,
23.06389349978417,200,8.347,
23.0721965841949,429,0.942,
23.08031487511471,429,1.394,
23.093692167196423,200,8.435,
23.10189037490636,200,8.258,
23.11012220894918,429,2.151,
23.124853250104934,200,7.885,
23.132525959052145,429,0.998,
23.14088249998167,429,0.968,
23.15137412492186,200,7.526,
23.160990749951452,429,1.058,
23.173797791823745,200,7.919,
23.18088737502694,429,1.291,
23.1905784169212,200,7.433,
23.204412249848247,200,7.022,
23.21146320924163,429,0.985,
23.225935333874077,200,8.27,
23.231363833881915,429,1.264,
23.242465749848634,200,7.802,
23.250331583898515,429,7.369,
23.261989917140454,429,1.33,
23.270869084168226,200,10.551,
23.283219375181943,200,7.617,
23.292963459156454,429,1.06,
23.30198816722259,429,1.972,
23.313337459228933,200,8.968,
23.321185749955475,429,1.103,
23.33208554191515,200,8.81,
23.340488959103823,429,1.331,
23.35273962514475,200,7.178,
23.36184983421117,429,1.104,
23.37003237521276,200,6.721,
23.3815703750588,429,1.037,
23.39346700021997,200,6.896,
23.40071029216051,429,0.927,
23.41191808413714,200,6.917,
23.424632499925792,200,7.758,
23.431187042035162,429,2.306,
23.442149249836802,429,1.118,
23.451294125057757,200,8.222,
23.462622709106654,429,1.068,
23.4708092501387,200,7.973,
23.482559124939144,429,1.118,
23.493587291799486,200,9.051,
23.502348584122956,200,16.794,
23.511774625163525,429,2.811,
23.520947958808392,429,0.986,
23.533881000243127,200,14.242,
23.540695167146623,429,1.36,
23.553496917244047,200,8.949,
23.560834874864668,429,1.991,
23.57093287492171,200,6.435,
23.584109750110656,200,14.667,
23.592855209019035,429,5.798,
23.603290792088956,200,7.22,
23.61294462485239,429,1.343,
23.620214459020644,429,1.361,
23.63230162486434,200,6.943,
23.642960417084396,200,6.112,
23.653121958952397,429,1.204,
23.663218333851546,200,5.846,
23.67331362515688,429,1.2,
23.68195979204029,429,1.612,
23.693675166927278,200,8.975,
23.70090266689658,429,1.599,
23.711827875114977,200,8.49,
23.72384437499568,200,6.601,
23.73036991711706,429,0.98,
23.74476937483996,200,6.665,
23.75250399997458,429,0.925,
23.763608584180474,200,7.007,
23.770616167224944,429,0.761,
23.780777417123318,429,0.815,
23.794526333920658,200,7.797,
23.801037750206888,429,0.994,
23.814433459192514,200,8.113,
23.821636791806668,429,1.545,
23.830731750000268,200,9.325,
23.84194716718048,200,7.503,
23.851666084025055,429,1.013,
23.861191167030483,429,1.755,
23.873355959076434,200,7.619,
23.880930833984166,429,0.996,
23.891541833989322,200,8.507,
23.903345916885883,200,9.346,
23.91236033383757,429,1.163,
23.92283329181373,429,1.854,
23.9308913750574,200,7.99,
23.94069016724825,429,1.011,
23.951644499786198,200,6.837,
23.961607499979436,429,1.167,
23.9727926668711,200,8.56,
23.9829928339459,429,1.034,
23.990758709143847,200,7.207,
24.003351292107254,200,6.754,
24.012264292221516,429,1.468,
24.023707708809525,200,6.937,
24.032100833952427,429,1.481,
24.043483417015523,200,7.06,
24.050535541959107,429,1.032,
24.06184941716492,429,1.415,
24.07377766724676,200,7.608,
24.082633917219937,429,0.979,
24.093644625041634,200,6.839,
24.100270833820105,429,1.108,
24.110219208989292,200,7.528,
24.122332542203367,429,1.122,
24.130998916924,200,8.385,
24.14005441684276,429,2.259,
24.150117916986346,200,8.531,
24.16487616719678,200,7.016,
24.170868709217757,429,1.319,
24.180886500049382,429,0.986,
24.19158266717568,200,6.933,
24.201839124783874,429,0.983,
24.212889042217284,200,7.357,
24.220677291974425,429,0.916,
24.23461079178378,200,7.332,
24.24180837487802,429,1.004,
24.251659042201936,200,7.055,
24.26095200004056,429,1.019,
24.27199629181996,200,7.849,
24.280043917242438,429,1.603,
24.2934569590725,200,7.317,
24.300233874935657,429,1.113,
24.314258833881468,200,8.88,
24.322050416842103,200,7.417,
24.33063316717744,429,1.121,
24.344529875088483,200,7.825,
24.350882959086448,429,1.388,
24.364198334049433,200,7.306,
24.370180875062943,429,0.996,
24.383992083836347,200,8.059,
24.391666000243276,429,5.679,
24.40077808406204,429,1.202,
24.41330812498927,200,8.964,
24.421473000198603,429,1.478,
24.430614749900997,200,7.68,
24.44318670919165,200,8.333,
24.452450584154576,429,1.216,
24.463232750073075,200,10.906,
24.473279959056526,429,1.418,
24.48183025000617,429,1.201,
24.49388554180041,200,8.644,
24.50297358399257,429,0.869,
24.51347037497908,200,6.627,
24.520335459150374,429,0.868,
24.534793084021658,200,7.139,
24.541006959043443,429,1.405,
24.554985833819956,200,7.583,
24.560444166883826,429,1.111,
24.570196667220443,200,6.781,
24.581965249963105,429,1.212,
24.59269295912236,200,9.061,
24.600471667014062,429,1.764,
24.61135695921257,200,7.934,
24.622248417232186,429,1.226,
24.63278991682455,200,11.509,
24.644101291894913,200,7.775,
24.652549124788493,429,1.141,
24.66196437506005,429,1.468,
24.673755959142,200,6.626,
24.680770374834538,429,1.051,
24.69449375011027,200,6.536,
24.70264408411458,429,1.001,
24.71555433422327,200,12.143,
24.727161209098995,200,6.807,
24.73094837507233,429,0.88,
24.744405374862254,200,8.34,
24.750489708967507,429,1.561,
24.761543458793312,429,2.373,
24.77086279215291,200,7.559,
24.783456209115684,200,6.654,
24.793086084071547,429,0.986,
24.803395042195916,200,6.964,
24.810857584234327,429,0.98,
24.822170624975115,429,1.26,
24.83114845911041,200,10.436,
24.8434532918036,200,11.836,
24.850419708993286,429,3.551,
24.86323245894164,200,26.348,
24.871066499967128,429,10.478,
24.88067370885983,200,11.868,
24.893157416954637,429,3.848,
24.903326333966106,200,6.971,
24.91007654182613,429,0.954,
24.921514166984707,429,0.902,
24.930831708945334,200,6.652,
24.940893958788365,429,0.887,
24.950910000130534,200,6.61,
24.96086645917967,429,0.994,
24.974258958827704,200,8.929,
24.98080641683191,429,2.093,
24.990875917021185,200,7.434,
25.000118916854262,429,1.014,
25.010906749870628,200,7.136,
25.02083970885724,429,0.843,
25.030873875133693,200,7.109,
25.040806708857417,429,1.053,
25.05104170879349,200,7.543,
25.06445199996233,200,6.696,
25.07212566724047,429,1.1,
25.081774500198662,429,1.334,
25.093856459017843,200,7.485,
25.101297500077635,429,1.046,
25.113311083987355,200,6.906,
25.1219815001823,429,1.261,
25.132212709169835,200,8.728,
25.14288404211402,200,10.436,
25.151432708837092,429,1.699,
25.163893917109817,200,14.39,
25.17904141684994,429,1.625,
25.180122166872025,429,1.24,
25.193475416861475,200,9.099,
25.202620250172913,200,10.603,
25.2121796249412,429,2.7,
25.22148183407262,429,1.8,
25.232455249875784,200,9.756,
25.242716750130057,200,7.276,
25.253944749943912,429,0.968,
25.262898583896458,429,1.031,
25.270606374833733,200,7.283,
25.280419874936342,429,1.041,
25.294434833806008,200,6.862,
25.30252662487328,429,1.755,
25.312528875190765,200,7.441,
25.32186745898798,429,1.462,
25.33242683392018,200,7.478,
25.342954583931714,200,7.545,
25.351726584136486,429,0.973,
25.364056542050093,200,8.239,
25.372135874815285,429,1.143,
25.38081366708502,429,1.13,
25.39397954195738,200,7.878,
25.400119917001575,429,1.716,
25.414880459196866,200,11.261,
25.42378079192713,200,9.223,
25.431197124999017,429,1.684,
25.440741000231355,429,1.406,
25.452307499945164,200,8.715,
25.461445834022015,429,1.098,
25.474177834112197,200,7.564,
25.483588125091046,200,6.395,
25.491637667175382,429,1.102,
25.512558708898723,200,10.104,
25.513522708788514,429,4.455,
25.52125395881012,429,0.98,
25.53086187504232,200,7.015,
25.542682041879743,429,1.102,
25.552436999976635,200,7.597,
25.56231416715309,429,1.695,
25.5712568750605,200,6.878,
25.580944917164743,429,9.053,
25.593446834012866,200,7.939,
25.60165425017476,429,1.034,
25.614184958860278,200,7.397,
25.621533375233412,429,1.163,
25.63204758381471,200,10.56,
25.642871959134936,429,1.028,
25.652698624879122,200,14.722,
25.661750874947757,200,15.029,
25.676427042111754,429,1.099,
25.681511208880693,429,1.033,
25.693462458904833,200,6.921,
25.701315791811794,429,1.024,
25.713650291785598,200,6.483,
25.722322458866984,429,1.237,
25.731017083860934,200,6.387,
25.741367250215262,429,1.156,
25.754589791875333,200,8.591,
25.760585625190288,429,1.224,
25.77155104186386,200,6.42,
25.784082166850567,200,7.098,
25.79261912498623,429,1.035,
25.80163483414799,429,1.155,
25.813338833861053,200,6.843,
25.823089291807264,200,6.788,
25.831634792033583,429,1.198,
25.843986667227,200,9.618,
25.850700167007744,429,1.272,
25.861729667056352,429,1.583,
25.87383250007406,200,9.793,
25.882785459049046,200,8.969,
25.893323459196836,429,1.278,
25.902241417206824,429,1.159,
25.91184408403933,200,8.543,
25.920675542205572,429,1.097,
25.931099167093635,200,8.018,
25.943365749903023,200,6.933,
25.95135529199615,429,0.97,
25.962262167129666,429,1.125,
25.974268584046513,200,8.51,
25.982452500145882,200,7.459,
25.99344616709277,429,0.919,
26.00315725011751,200,6.821,
26.012152709066868,429,1.632,
26.02379975002259,200,6.901,
26.032932499889284,429,1.106,
26.04167495900765,429,1.27,
26.053333667106926,200,8.179,
26.06111920904368,429,1.686,
26.074218791909516,200,7.116,
26.082562750205398,200,6.95,
26.093689000234008,429,1.242,
26.100691417232156,429,2.616,
26.11300374986604,200,10.047,
26.12298266682774,200,6.975,
26.131972041912377,429,1.064,
26.140876417048275,429,0.844,
26.154482083860785,200,7.766,
26.162267041858286,429,1.063,
26.17257183417678,200,10.216,
26.182438500225544,429,1.192,
26.191743167117238,200,7.916,
26.203269749879837,200,8.197,
26.211294624954462,429,0.957,
26.223918084055185,200,8.364,
26.232712334021926,429,1.676,
26.243450250010937,200,7.09,
26.2502684998326,429,0.99,
26.2637073751539,200,7.766,
26.27283649984747,429,1.176,
26.282019500155002,429,1.279,
26.292611500248313,200,8.203,
26.30383395915851,200,7.97,
26.310230209026486,429,1.699,
26.32218037499115,429,1.069,
26.333801500033587,200,12.315,
26.344967667013407,200,8.068,
26.351276624947786,429,1.258,
26.364257249981165,200,6.809,
26.372722917236388,429,0.998,
26.383506750222296,200,9.372,
26.393095834180713,429,1.284,
26.400952250231057,429,1.255,
26.413822500035167,200,8.749,
26.421259709168226,429,1.781,
26.433129666838795,200,6.979,
26.44202262489125,429,0.957,
26.453895417042077,200,7.588,
26.46111920895055,429,2.073,
26.47192637482658,200,7.534,
26.48305141692981,200,6.522,
26.49125466682017,429,1.106,
26.508137749973685,200,8.631,
26.510097791906446,429,2.019,
26.523273000027984,200,6.644,
26.53252633381635,429,0.948,
26.540600167121738,429,0.951,
26.55903254216537,200,9.519,
26.5604682918638,429,2.371,
26.570261292159557,200,6.917,
26.580702417064458,429,1.18,
26.594398125074804,200,6.831,
26.602615584153682,429,1.078,
26.61329875001684,200,8.073,
26.620856292080134,429,1.201,
26.634022749960423,200,6.884,
26.642306874971837,429,1.09,
26.65331304213032,200,7.726,
26.6630123751238,200,6.283,
26.67289441684261,429,1.07,
26.68338179215789,200,5.99,
26.693175999913365,429,1.209,
26.702328499872237,429,1.039,
26.714039499871433,200,6.726,
26.729210583958775,200,7.698,
26.730311625171453,429,1.81,
26.740246834233403,429,1.109,
26.752672125119716,200,8.819,
26.760779833886772,429,1.871,
26.770788583904505,200,6.495,
26.784532334189862,200,6.938,
26.791432208847255,429,0.904,
26.804159250110388,200,7.372,
26.811720124911517,429,0.946,
26.82444387488067,200,9.935,
26.834177250042558,429,0.925,
26.840408499818295,200,28.507,
26.85017374996096,429,7.482,
26.862573999911547,200,11.102,
26.87025266699493,429,0.952,
26.88481062510982,200,6.748,
26.890794166829437,429,1.377,
26.900416125077754,429,0.923,
26.914739792235196,200,6.996,
26.921601208858192,429,0.948,
26.933318042196333,200,6.276,
26.94264075020328,429,0.913,
26.950869999825954,200,6.581,
26.9618231668137,429,1.05,
26.97013445897028,200,6.87,
26.983861874789,200,7.395,
26.99086175020784,429,1.135,
27.000974209047854,429,1.136,
27.011831959243864,200,7.869,
27.0207839589566,429,1.046,
27.032746334094554,200,7.663,
27.04234829219058,429,1.08,
27.050065374933183,200,7.457,
27.064924375154078,200,6.807,
27.072181208990514,429,1.045,
27.083870458882302,200,6.753,
27.090813541784883,429,0.796,
27.104554874822497,200,7.579,
27.111863583792,429,0.987,
27.12397149996832,200,7.563,
27.13183933403343,429,0.959,
27.142734500113875,200,7.369,
27.152619124855846,429,1.238,
27.161940958816558,200,8.249,
27.170675499830395,429,1.574,
27.180841541849077,429,1.317,
27.19437404209748,200,7.736,
27.20218487503007,200,7.263,
27.213311084080487,429,1.409,
27.22490170923993,200,7.738,
27.230727791786194,429,1.065,
27.243436667136848,200,9.487,
27.25180474994704,429,1.251,
27.26276795892045,200,7.412,
27.27846558392048,429,1.329,
27.280323499813676,429,0.978,
27.291269917041063,200,8.018,
27.304118792060763,200,7.119,
27.31250504218042,429,1.145,
27.32359074987471,200,7.15,
27.332069584168494,429,1.34,
27.34302324987948,200,6.96,
27.35155712487176,429,5.465,
27.361488500144333,429,1.168,
27.37411087518558,200,8.209,
27.38010337483138,429,1.464,
27.393705208785832,200,7.32,
27.40201475005597,429,1.379,
27.41044362494722,200,7.219,
27.421055584214628,429,1.505,
27.431958625093102,200,7.563,
27.440560874994844,429,1.343,
27.453797459136695,200,8.691,
27.4617897500284,429,1.17,
27.473387999925762,200,7.51,
27.48284395923838,429,1.046,
27.494467083830386,200,7.837,
27.501253209076822,429,1.551,
27.510067666880786,200,7.895,
27.53214216697961,429,3.886,
27.53331062523648,200,9.789,
27.54291854193434,200,7.499,
27.550257792230695,429,1.847,
27.560879417229444,429,1.174,
27.573642666917294,200,10.206,
27.581011000089347,429,2.821,
27.59426366724074,200,16.171,
27.602572875097394,200,8.519,
27.611952959094197,429,1.072,
27.620726875029504,429,1.207,
27.63125920901075,200,8.131,
27.641430417075753,429,1.12,
27.65285404212773,200,10.494,
27.66185437515378,429,1.905,
27.670791666954756,200,7.304,
27.68392612505704,200,14.628,
27.69073862489313,429,8.113,
27.70221570879221,429,1.455,
27.710853166878223,200,6.744,
27.72821041708812,200,6.926,
27.730695417150855,429,1.022,
27.74453508388251,200,6.185,
27.75248279189691,429,1.332,
27.761310916859657,429,1.05,
27.775514459237456,200,8.23,
27.780691917054355,429,1.354,
27.790327250026166,200,6.457,
27.801816374994814,429,1.493,
27.813872542232275,200,7.061,
27.82202387508005,429,1.194,
27.833089124877006,200,7.788,
27.843296084087342,200,6.534,
27.852272166870534,429,1.164,
27.86346016684547,200,6.436,
27.87206754181534,429,2.035,
27.881798584014177,429,1.517,
27.890539084095508,200,8.866,
27.903584166895598,200,8.878,
27.91002383409068,429,1.454,
27.92086866684258,429,1.096,
27.93365754187107,200,7.781,
27.94434675015509,200,6.987,
27.950901334173977,429,1.326,
27.962108499836177,429,1.095,
27.97469595912844,200,8.112,
27.982011000160128,429,1.294,
27.993608667049557,200,7.081,
28.002086750231683,200,7.635,
28.011603333987296,429,1.231,
28.027156333904713,200,7.775,
28.031115209218115,429,1.056,
28.04185325000435,429,1.373,
28.053303999826312,200,7.378,
28.063010042067617,200,6.673,
28.07181212492287,429,1.263,
28.082528917118907,200,7.428,
28.093243999872357,429,1.406,
28.10028262482956,429,2.018,
28.114779791794717,200,9.393,
28.122439917176962,429,1.613,
28.133626459166408,200,8.295,
28.141478959005326,200,9.107,
28.15136433392763,429,0.988,
28.160425959154963,429,1.097,
28.174351499881595,200,7.652,
28.181858833879232,200,8.105,
28.191860834136605,429,0.984,
28.203937374986708,200,8.502,
28.210433791857213,429,1.112,
28.227021417114884,200,7.6,
28.231073083821684,429,1.031,
28.244340000208467,200,7.558,
28.251726042013615,429,0.975,
28.263857416808605,200,7.775,
28.27138275001198,429,1.0,
28.28188362484798,429,1.147,
28.291797041893005,200,7.537,
28.30401737522334,200,6.785,
28.310761709231883,429,1.346,
28.32453054189682,200,7.043,
28.332621125038713,429,0.961,
28.340859584044665,429,0.911,
28.35064845904708,200,7.525,
28.36106212483719,429,1.626,
28.37052783416584,200,11.046,
28.384539584163576,200,9.479,
28.392569334246218,429,2.232,
28.40203275019303,200,12.286,
28.410565374884754,429,2.008,
28.42002816684544,429,1.574,
28.432215459179133,200,9.778,
28.443665749859065,200,8.241,
28.45165791688487,429,1.403,
28.46074154181406,429,2.164,
28.474127292167395,200,14.564,
28.480017208959907,429,3.676,
28.49051545886323,200,9.728,
28.504480209201574,200,10.238,
28.510030874982476,429,1.465,
28.521852042060345,429,1.262,
28.53011737484485,200,13.118,
28.540120124816895,429,3.228,
28.550078792031854,200,7.462,
28.5600184998475,429,1.192,
28.573549958877265,200,7.099,
28.580514749977738,429,1.298,
28.590901792049408,200,6.039,
28.601825667079538,429,0.903,
28.61136941704899,200,6.254,
28.623549334239215,200,6.374,
28.630427834112197,429,0.977,
28.640706333797425,429,1.314,
28.65367608424276,200,7.013,
28.662907334044576,429,1.055,
28.67135220905766,200,6.167,
28.682377208955586,429,1.115,
28.692685999907553,200,6.878,
28.70342545909807,200,6.853,
28.71146291680634,429,1.061,
28.73189549986273,429,2.265,
28.73265508422628,200,8.118,
28.740752417128533,429,0.987,
28.75265816692263,200,6.425,
28.76032845908776,429,0.972,
28.77467712480575,200,8.543,
28.782225208822638,200,7.772,
28.793431874830276,429,1.206,
28.802990667056292,200,6.547,
28.81217541685328,429,1.015,
28.821952584199607,429,1.027,
28.833331250119954,200,6.737,
28.84175879182294,429,1.224,
28.85269987490028,200,6.968,
28.861847542226315,429,1.013,
28.87041279207915,200,7.766,
28.882132874801755,429,1.294,
28.89362775022164,200,7.744,
28.901311417110264,429,1.077,
28.913457250222564,200,8.202,
28.92222479218617,429,0.95,
28.933790042065084,200,7.709,
28.940782042220235,429,2.066,
28.950950083788484,200,10.104,
28.963465250097215,200,10.331,
28.970130584202707,429,1.464,
28.982930541969836,200,7.337,
28.993264084216207,429,1.456,
29.000958959106356,429,1.346,
29.012478250078857,200,7.705,
29.023633792065084,200,7.456,
29.03086091717705,429,1.094,
29.043903708923608,200,10.268,
29.051791458856314,429,2.01,
29.061017124913633,429,1.398,
29.0700391670689,200,9.595,
29.080318292137235,429,1.05,
29.090524416882545,200,9.961,
29.100605833809823,429,1.104,
29.110216333996505,200,7.324,
29.12464358424768,200,7.094,
29.13137604203075,429,1.102,
29.144178833812475,200,8.874,
29.15040837507695,429,1.229,
29.16127979196608,429,1.051,
29.1743040420115,200,7.903,
29.18192220898345,429,1.226,
29.191987125203013,200,8.781,
29.200368292164057,429,1.351,
29.210075334180146,200,8.386,
29.22101354179904,429,1.082,
29.232590834144503,200,7.967,
29.240579375065863,429,1.07,
29.251118292100728,200,6.979,
29.26438020914793,200,7.325,
29.272782334126532,429,0.913,
29.28233866719529,429,1.024,
29.290128624998033,200,7.381,
29.302619417198002,200,9.941,
29.31074362481013,429,2.196,
29.32023400021717,429,1.233,
29.3303189589642,200,8.555,
29.340902000200003,429,1.155,
29.352229374926537,200,7.824,
29.36076437495649,429,1.033,
29.370814749971032,200,7.043,
29.384514084085822,200,8.345,
29.39261162513867,429,1.106,
29.403516166843474,200,6.688,
29.410740834195167,429,0.931,
29.42457133391872,200,7.014,
29.432656459044665,429,0.973,
29.441974749788642,429,1.201,
29.453853541985154,200,8.442,
29.462131042033434,200,8.662,
29.47067975020036,429,1.329,
29.484486875124276,200,7.859,
29.492383209057152,429,0.99,
29.50366691686213,200,8.692,
29.51251354208216,429,0.96,
29.52010733401403,429,1.016,
29.53007870912552,200,8.467,
29.54479170916602,200,7.275,
29.55225925007835,429,1.049,
29.56370683386922,200,7.234,
29.571920500136912,429,0.979,
29.580862333998084,429,1.082,
29.590102542191744,200,7.607,
29.60484633408487,200,8.231,
29.610420417040586,429,1.254,
29.6215713750571,429,1.334,
29.63255991693586,200,7.753,
29.643253958784044,200,7.454,
29.652826250065118,429,1.148,
29.662724333815277,200,8.508,
29.67153058387339,429,1.292,
29.683483333792537,200,7.121,
29.69297170918435,429,2.329,
29.70335637498647,200,7.502,
29.71167212491855,429,0.935,
29.72955224988982,429,3.0,
29.733901042025536,200,7.768,
29.740036916919053,429,8.171,
29.753947834018618,200,9.452,
29.761009499896318,429,1.105,
29.7758776252158,200,7.535,
29.780905291903764,429,2.059,
29.794356250204146,200,7.367,
29.80125170899555,429,1.407,
29.81382341682911,200,6.559,
29.820396583992988,429,0.933,
29.834339084103703,200,6.949,
29.8411537501961,429,0.996,
29.85087254224345,200,7.516,
29.86007562512532,429,2.299,
29.8712349999696,200,12.279,
29.881922875065356,200,9.756,
29.890378542244434,429,1.522,
29.904703749809414,200,8.182,
29.910634208936244,429,1.32,
29.92454587481916,200,7.467,
29.93157924991101,429,1.14,
29.944113084115088,200,6.706,
29.950719084125012,429,1.222,
29.961643499787897,429,0.956,
29.974103333894163,200,8.414,
29.98041075002402,429,1.387,
29.99289558408782,200,11.659,
30.002719833981246,200,8.984,
30.011426916811615,429,0.98,
30.024146874900907,200,6.76,
30.03279074979946,429,0.868,
30.041169125121087,429,1.179,
30.05008808383718,200,8.208,
30.060611709021032,429,1.282,
30.073896375019103,200,9.002,
30.080157374963164,429,2.766,
30.090588209219277,200,8.192,
30.100976834073663,429,2.227,
30.112014584243298,200,8.478,
30.120439417194575,429,1.021,
30.13086787518114,200,7.066,
30.142059499863535,429,1.347,
30.153913875110447,200,7.57,
30.162911208812147,429,1.085,
30.17349512502551,200,6.932,
30.181083334144205,429,1.167,
30.19066087482497,200,7.735,
30.20291691692546,200,8.915,
30.213297958951443,429,1.15,
30.223539916798472,200,7.579,
30.230867417063564,429,1.106,
30.242539917118847,429,0.874,
30.253156458958983,200,6.881,
30.261459667235613,429,0.969,
30.273015667218715,200,7.673,
30.283171500079334,200,7.113,
30.292676249984652,429,1.049,
30.30085741681978,429,1.385,
30.313311459030956,200,7.701,
30.322844333946705,200,6.982,
30.33114895923063,429,1.142,
30.34391679195687,200,7.162,
30.352040499914438,429,6.673,
30.363874250091612,200,7.256,
30.37008958403021,429,1.341,
30.384576584212482,200,7.309,
30.391230375040323,429,1.062,
30.40038258396089,429,1.28,
30.413799374829978,200,7.371,
30.42331595905125,200,9.617,
30.430916666984558,429,1.248,
30.442029084078968,429,1.472,
30.45232745911926,200,8.169,
30.460299000144005,429,1.082,
30.470627166796476,200,7.512,
30.480759583879262,429,1.021,
30.49452454224229,200,7.831,
30.501850458793342,429,1.398,
30.5118444589898,200,11.423,
30.52375595923513,200,7.242,
30.53067145915702,429,1.126,
30.54245745902881,429,1.385,
30.5512402090244,200,6.925,
30.562522042077035,200,7.944,
30.573105291929096,429,1.774,
30.58308554207906,200,8.175,
30.593229167163372,429,1.211,
30.601032916922122,429,1.377,
30.61126754200086,200,6.912,
30.623891499824822,200,6.367,
30.6326682921499,429,1.283,
30.645809541922063,200,8.369,
30.65186074981466,429,1.384,
30.663924667052925,200,7.852,
30.671377459075302,429,1.635,
30.681705833878368,429,1.207,
30.69362070923671,200,7.659,
30.700847417116165,429,1.346,
30.714291667100042,200,9.949,
30.721533874981105,429,1.922,
30.731007874943316,200,7.838,
30.744394375011325,200,7.688,
30.751426584087312,429,1.147,
30.7634198339656,200,6.961,
30.77237508399412,429,1.371,
30.7828901251778,200,9.642,
30.79198554204777,429,1.372,
30.803103333804756,200,8.195,
30.813194666989148,429,1.242,
30.821119375061244,429,1.215,
30.83090987522155,200,7.157,
30.843988209031522,200,6.823,
30.851747708860785,429,1.33,
30.863961500115693,200,6.722,
30.870415249839425,429,1.115,
30.88457320909947,200,6.574,
30.892083417158574,429,1.121,
30.903260792139918,200,7.377,
30.910713292192668,429,0.917,
30.924558749888092,200,7.95,
30.932067584246397,429,1.14,
30.940034875180572,429,1.024,
30.954955666791648,200,7.641,
30.962261458858848,429,1.571,
30.974316333886236,200,7.758,
30.98217266704887,429,1.039,
30.992586249951273,200,6.683,
31.003255459014326,200,6.367,
31.01152224978432,429,1.274,
31.026446625124663,200,7.582,
31.031142000108957,429,1.207,
31.044165583793074,200,8.676,
31.052630917169154,429,3.197,
31.060707041993737,429,0.98,
31.073872916866094,200,8.884,
31.08042845921591,429,1.15,
31.09322158386931,200,7.949,
31.10200266679749,429,5.263,
31.112536916974932,200,7.673,
31.12358216708526,200,7.153,
31.131868834141642,429,1.29,
31.140829000156373,429,1.215,
31.154405625071377,200,9.054,
31.162308999802917,200,9.695,
31.17002533422783,429,1.358,
31.18252162495628,429,1.124,
31.19364841701463,200,8.165,
31.201731083914638,429,1.538,
31.21380600007251,200,7.883,
31.22143508400768,429,1.146,
31.23412383394316,200,9.539,
31.240909500047565,429,2.576,
31.25334049994126,200,7.759,
31.260084624867886,429,1.046,
31.27483033388853,200,7.146,
31.28204254200682,429,0.995,
31.293411791790277,200,6.952,
31.3041456672363,200,6.668,
31.311831584200263,429,0.957,
31.32178512495011,429,1.186,
31.33362637506798,200,7.424,
31.341044334229082,429,2.022,
31.354253666941077,200,7.269,
31.36041804216802,429,1.237,
31.374628125224262,200,15.782,
31.382009708788246,429,7.237,
31.393161166924983,200,7.379,
31.402680417057127,429,1.101,
31.412396875210106,200,7.355,
31.422481583897024,429,1.231,
31.433513458818197,200,7.686,
31.440915000159293,200,7.89,
31.45311400014907,429,0.978,
31.461866166908294,429,1.066,
31.473894374910742,200,9.245,
31.482553374953568,429,1.333,
31.492139874957502,200,7.682,
31.50077254185453,429,0.989,
31.511794874910265,200,6.792,
31.521397958975285,429,1.174,
31.53355387505144,200,7.755,
31.542829541955143,200,6.637,
31.559450834058225,429,2.604,
31.561152833979577,429,1.834,
31.570561584085226,200,8.21,
31.581186667084694,429,1.219,
31.593932250048965,200,7.177,
31.600916708819568,429,1.11,
31.61332679213956,200,6.941,
31.62213091691956,429,1.033,
31.632910000160336,200,6.694,
31.64344449993223,200,6.703,
31.65251220902428,429,1.182,
31.661289709154516,429,1.151,
31.67069183383137,200,7.166,
31.68323825020343,200,6.973,
31.69241804210469,429,1.279,
31.702301292214543,200,7.077,
31.711017500143498,429,0.945,
31.720672625117004,200,8.805,
31.730674291960895,429,3.222,
31.742433791980147,429,1.092,
31.753689041826874,200,8.727,
31.76306274998933,429,0.998,
31.77408591704443,200,10.46,
31.781586959026754,429,1.332,
31.79252808401361,200,13.153,
31.803550249896944,200,16.479,
31.812635709065944,429,2.64,
31.82088837493211,429,2.019,
31.830867750104517,200,13.272,
31.843856499996036,200,9.115,
31.85288566723466,429,2.247,
31.863405583892018,200,6.897,
31.870221708901227,429,0.875,
31.884825584013015,200,7.216,
31.892253499943763,429,1.025,
31.900894708931446,429,1.095,
31.91444862494245,200,7.471,
31.921937209088355,429,0.961,
31.931874209083617,200,7.1,
31.94099450018257,429,1.759,
31.951145750004798,200,6.317,
31.9620922091417,429,1.119,
31.97504191705957,200,7.583,
31.98059045895934,429,1.39,
31.99164220923558,200,8.818,
32.00044691702351,429,1.457,
32.014657333958894,200,11.408,
32.02576137520373,200,7.169,
32.03074320917949,429,0.897,
32.04250833392143,200,10.527,
32.05002345889807,429,1.391,
32.060137500055134,429,2.25,
32.07556741684675,200,15.533,
32.08197525003925,200,9.928,
32.090036917012185,429,2.487,
32.100995333865285,429,2.305,
32.11216549994424,200,8.827,
32.12005983386189,429,1.922,
32.13300387514755,200,9.958,
32.14001633413136,429,1.559,
32.15481683379039,200,10.428,
32.16243866691366,200,10.621,
32.17359049990773,429,1.394,
32.18300266703591,200,8.085,
32.19170620897785,429,1.014,
32.200117375236005,429,1.259,
32.21213083388284,200,8.572,
32.223785624839365,200,7.331,
32.23068691696972,429,1.413,
32.240345667116344,429,1.569,
32.25468274997547,200,8.096,
32.262501041870564,429,1.174,
32.27194391703233,200,7.972,
32.28359266696498,200,8.822,
32.290792792104185,429,1.722,
32.31202874984592,200,10.647,
32.312823167070746,429,3.186,
32.320081708952785,429,1.155,
32.3300687498413,200,7.933,
32.344915417023,200,12.15,
32.35258691711351,429,1.435,
32.36128545878455,429,1.231,
32.37429649988189,200,8.172,
32.38224479183555,429,1.596,
32.39485404221341,200,9.771,
32.40088212490082,429,1.694,
32.41142462519929,200,7.927,
32.420073334127665,429,1.13,
32.43487612484023,200,10.44,
32.44182754214853,429,1.702,
32.45326479198411,200,10.85,
32.460104417055845,429,1.959,
32.4746386250481,200,13.034,
32.482019166927785,200,12.176,
32.49330829223618,429,1.602,
32.50152320880443,429,1.149,
32.511360791977495,200,7.255,
32.52303137490526,200,6.959,
32.5334732090123,429,1.201,
32.54288862505928,200,7.457,
32.552837708964944,429,1.674,
32.56257108412683,200,9.793,
32.57393587520346,429,0.983,
32.58213912509382,429,1.487,
32.59374837484211,200,8.226,
32.60118329199031,429,1.907,
32.61423841724172,200,10.065,
32.62101500015706,429,1.324,
32.63139787502587,200,9.165,
32.642075459007174,429,1.441,
32.65223225019872,200,8.441,
32.66063762502745,429,1.291,
32.674432209227234,200,8.375,
32.682640875224024,200,6.751,
32.6908521251753,429,0.945,
32.70185879198834,429,1.015,
32.71100716711953,200,8.897,
32.72299512522295,200,11.39,
32.730322000104934,429,1.962,
32.74004108412191,429,1.867,
32.75091174989939,200,8.794,
32.761928792111576,429,1.118,
32.77002558391541,200,17.92,
32.78156816679984,200,12.402,
32.79093112517148,429,1.188,
32.8008593339473,429,1.444,
32.814482708927244,200,7.76,
32.822033834178,429,1.811,
32.833809417206794,200,7.892,
32.84219404216856,429,1.03,
32.850614209193736,200,6.814,
32.864617167040706,200,8.488,
32.87259870907292,429,1.373,
32.88340766681358,200,7.245,
32.89054995914921,429,1.031,
32.90463683381677,200,8.008,
32.91072499984875,429,1.184,
32.922894875053316,200,8.686,
32.930238083936274,429,1.991,
32.944692249875516,200,11.825,
32.95246779220179,429,1.22,
32.963595166802406,200,10.26,
32.97002708399668,429,3.43,
32.98477466683835,200,10.041,
32.99229770898819,429,1.738,
33.00054100016132,429,1.609,
33.010044999886304,200,8.12,
33.02478941716254,200,6.651,
33.03132245922461,429,1.86,
33.04417449980974,200,10.731,
33.05018645897508,429,1.373,
33.06006291694939,429,1.255,
33.07109566684812,200,7.989,
33.080302500166,429,1.308,
33.09469695901498,200,7.289,
33.1020442917943,429,0.842,
33.11085333395749,200,6.662,
33.12451512506232,200,6.44,
33.13097208412364,429,1.168,
33.144456083886325,200,7.146,
33.15092762513086,429,1.067,
33.16444416716695,200,7.524,
33.17011758405715,429,1.753,
33.18113341694698,429,1.07,
33.194369916804135,200,7.806,
33.201853584032506,429,1.09,
33.213921499904245,200,7.886,
33.2205524998717,429,1.233,
33.23185945907608,200,8.216,
33.24004266690463,429,2.162,
33.25418854178861,200,9.372,
33.26087279198691,429,1.179,
33.27087845886126,200,7.498,
33.28286433406174,429,0.969,
33.29344812501222,200,7.282,
33.30283058388159,429,1.052,
33.31285574985668,200,6.734,
33.32081050006673,429,0.817,
33.330870625097305,200,8.074,
33.344489709008485,200,7.274,
33.35213504219428,429,2.349,
33.3638219172135,200,7.33,
33.371459499932826,429,0.985,
33.38422316685319,200,8.275,
33.39002816705033,429,1.145,
33.402008541859686,429,1.37,
33.413086500018835,200,7.804,
33.4208047920838,429,0.88,
33.433869916945696,200,20.301,
33.45224487502128,200,16.847,
33.454416959080845,429,6.214,
33.46023766696453,429,1.676,
33.47006845893338,200,9.895,
33.48051316710189,429,1.034,
33.49050174979493,200,7.186,
33.50323791708797,200,6.662,
33.51149329217151,429,1.163,
33.52272554207593,200,7.633,
33.532798250205815,429,6.018,
33.548163666855544,200,10.987,
33.5507765840739,429,1.964,
33.56011787522584,429,1.473,
33.57026058388874,200,11.971,
33.58177562523633,200,13.781,
33.592371500097215,429,2.924,
33.601962875109166,200,10.709,
33.610115834046155,429,1.875,
33.6247233748436,200,9.032,
33.632462417241186,429,1.631,
33.64084229199216,429,0.981,
33.654509709216654,200,7.818,
33.66207208391279,200,7.981,
33.67198183387518,429,0.924,
33.683942624833435,200,7.443,
33.6916299588047,429,1.694,
33.701882916968316,429,1.995,
33.7108651669696,200,7.638,
33.720906250178814,429,1.095,
33.73089712485671,200,8.167,
33.74214845895767,429,1.176,
33.75186979211867,200,7.482,
33.760863083880395,429,1.205,
33.77156704198569,200,7.511,
33.783028333913535,200,7.325,
33.79287650017068,429,1.291,
33.802022833842784,429,1.24,
33.81269208388403,200,7.166,
33.82339291693643,200,20.254,
33.832481500227004,429,11.421,
33.84382212487981,200,11.656,
33.85184120899066,429,1.179,
33.86220516683534,429,1.058,
33.87113441713154,200,6.861,
33.88190570892766,429,1.272,
33.8936081668362,200,9.1,
33.900423374958336,429,0.991,
33.91181895881891,200,8.655,
33.923904791940004,200,9.459,
33.93016608385369,429,1.788,
33.94474154198542,200,7.286,
33.95241937506944,429,2.135,
33.96356812492013,200,14.312,
33.97772508393973,429,2.141,
33.98059816705063,429,1.023,
33.992300333920866,200,7.216,
34.003140083979815,200,6.821,
34.011756708845496,429,1.035,
34.020832291804254,429,2.597,
34.03382283402607,200,8.128,
34.04145354218781,429,1.352,
34.053665542043746,200,9.193,
34.0615956671536,429,1.285,
34.072462167125195,200,9.418,
34.081286875065416,200,8.244,
34.09233554219827,429,1.1,
34.1008378341794,429,0.973,
34.11138733383268,200,6.979,
34.12275662505999,200,8.033,
34.13336941692978,429,1.305,
34.14248187514022,429,1.437,
34.153631625231355,200,8.816,
34.16207070881501,429,1.48,
34.1731154168956,200,8.043,
34.1820400422439,429,1.214,
34.192122334148735,200,7.089,
34.20279354183003,200,6.885,
34.211400624830276,429,1.023,
34.223349917214364,200,8.578,
34.231369792018086,429,1.371,
34.242177249863744,429,1.425,
34.253132625017315,200,8.687,
34.260051667224616,429,1.501,
34.274243959225714,200,7.773,
34.28116087522358,429,1.486,
34.291706666816026,200,7.039,
34.31037833401933,200,10.303,
34.31154066696763,429,3.639,
34.32187029207125,429,1.034,
34.33399045886472,200,7.502,
34.34124283399433,429,0.943,
34.3523117499426,200,18.699,
34.363219333812594,200,9.668,
34.3716233340092,429,1.26,
34.38407304184511,200,7.859,
34.39273795904592,429,1.4,
34.401236000005156,200,7.249,
34.4114108751528,429,1.091,
34.42403433378786,200,8.773,
34.431298749987036,429,2.161,
34.44128937507048,429,1.207,
34.45322366710752,200,8.415,
34.46127295913175,200,12.238,
34.47372145904228,429,2.058,
34.480710125062615,429,1.609,
34.49004658404738,200,8.788,
34.50477445917204,200,6.707,
34.5108836251311,429,1.069,
34.52093387488276,429,1.989,
34.5308907921426,200,7.741,
34.54446362517774,200,6.74,
34.55268474994227,429,0.966,
34.562797042075545,429,1.106,
34.570859000086784,200,7.522,
34.58014083420858,429,1.028,
34.590877917129546,200,7.385,
34.603313291911036,200,11.438,
34.61198633396998,429,3.465,
34.62115425011143,429,1.748,
34.63032091688365,200,7.66,
34.64183274982497,429,1.165,
34.65156600018963,200,7.256,
34.66098266700283,429,0.939,
34.67442116700113,200,8.386,
34.681014750152826,429,1.182,
34.694369667209685,200,7.358,
34.701345916837454,429,1.605,
34.71331000002101,200,6.437,
34.72082420904189,429,1.02,
34.73442116705701,200,8.609,
34.742369084153324,429,1.453,
34.752254667226225,200,6.566,
34.760050875134766,429,1.028,
34.77489716699347,200,8.971,
34.78119208384305,429,1.451,
34.79430166678503,200,7.352,
34.80231104185805,429,1.037,
34.81376366689801,200,9.225,
34.82283770898357,200,8.319,
34.83351283380762,429,2.02,
34.84152004215866,429,1.007,
34.85404270887375,200,14.89,
34.862815000116825,200,14.246,
34.871580792125314,429,5.074,
34.883801334071904,200,6.905,
34.890112000051886,429,2.757,
34.90487137483433,200,6.702,
34.91213404200971,429,0.893,
34.923910667188466,200,6.801,
34.93037762492895,429,1.16,
34.94082779204473,429,1.08,
34.9527043341659,200,6.665,
34.96122858393937,429,1.249,
34.97170058405027,200,8.115,
34.981818499974906,429,0.899,
34.99419162515551,200,7.181,
35.000288375187665,429,1.071,
35.01299387495965,200,10.164,
35.020802250131965,429,2.374,
35.03439695900306,200,14.45,
35.042574792169034,429,1.161,
35.050851167179644,200,8.063,
35.06018075020984,429,1.289,
35.07083404203877,200,7.433,
35.08385641686618,200,6.542,
35.09033841686323,429,0.798,
35.10289925010875,200,7.234,
35.11055308394134,429,0.928,
35.122561166994274,429,1.026,
35.13211249979213,200,7.776,
35.14129987498745,429,1.256,
35.15331479208544,200,8.387,
35.160950833931565,429,1.545,
35.17412225017324,200,7.616,
35.18167220894247,429,0.971,
35.19450570922345,200,7.333,
35.2025549588725,429,1.103,
35.21170745883137,200,7.402,
35.22390533378348,200,6.585,
35.232121916953474,429,1.287,
35.24338229186833,200,6.853,
35.25041745882481,429,0.862,
35.26337341684848,200,8.107,
35.27010416705161,429,2.242,
35.28324812510982,200,12.256,
35.29160504182801,429,1.819,
35.30179441720247,429,1.264,
35.312965583987534,200,8.96,
35.32176341721788,200,8.865,
35.3310822090134,429,1.006,
35.341644084081054,429,1.133,
35.358853875193745,429,1.901,
35.360125792212784,200,8.026,
35.37479737494141,200,7.83,
35.380913875065744,429,1.233,
35.393453209195286,200,7.052,
35.402022833935916,429,1.306,
35.41338241705671,200,7.944,
35.42183245904744,429,1.286,
35.43059854209423,200,7.44,
35.44276987481862,200,6.576,
35.453303874935955,429,1.262,
35.46203749999404,429,1.136,
35.47042416688055,200,7.4,
35.48457833379507,200,6.908,
35.49245708389208,429,1.252,
35.5030477498658,200,7.838,
35.5129440841265,429,1.367,
35.521976166870445,429,1.433,
35.533813749905676,200,11.231,
35.54168150015175,429,2.077,
35.55290349991992,200,9.25,
35.56192212505266,429,0.978,
35.570739374961704,200,8.124,
35.58040908398107,429,1.558,
35.594626666978,200,7.534,
35.6011830419302,429,1.258,
35.610870083794,200,7.946,
35.62444724980742,200,7.347,
35.632663333788514,429,1.024,
35.64161891723052,429,1.013,
35.65085720922798,200,7.269,
35.660823666956276,429,1.018,
35.67448825016618,200,7.768,
35.68044629180804,429,1.017,
35.690869292244315,200,6.959,
35.70286341710016,429,1.031,
35.711399083957076,200,7.513,
35.72418616712093,200,6.48,
35.73083629179746,429,0.833,
35.74392858380452,200,7.838,
35.751402833964676,429,1.079,
35.76286341715604,429,0.968,
35.77087833406404,200,7.261,
35.780789041891694,429,0.899,
35.79215995920822,200,9.595,
35.800749209243804,429,1.32,
35.81085808388889,200,7.158,
35.82448045909405,200,7.701,
35.83062883419916,429,1.596,
35.843880666885525,200,8.426,
35.85204654186964,429,1.084,
35.86377029214054,200,7.921,
35.87159345904365,429,0.851,
35.88406808394939,200,12.042,
35.891895125154406,429,4.095,
35.9008296248503,429,1.138,
35.91447449987754,200,7.684,
35.92007983382791,429,1.235,
35.93183287512511,200,6.074,
35.94079954223707,429,0.969,
35.95119475014508,200,6.55,
35.960827874951065,429,1.056,
35.97438724990934,200,6.736,
35.98088016686961,429,0.895,
35.99338349979371,200,7.032,
36.00016387505457,429,1.124,
36.013650875072926,200,10.28,
36.02318587480113,200,7.338,
36.032320249825716,429,1.192,
36.04345808411017,200,7.301,
36.05269350018352,429,1.359,
36.06169233424589,429,0.991,
36.07491037482396,200,7.544,
36.082120209001005,429,1.033,
36.09005191689357,200,6.737,
36.1021796669811,429,1.815,
36.113233709242195,200,8.05,
36.12079175002873,429,1.102,
36.134251500014216,200,7.001,
36.142618709243834,429,1.316,
36.15271579194814,200,8.297,
36.160459250211716,429,2.471,
36.17024987516925,200,7.543,
36.184625667054206,429,2.969,
36.19422737509012,200,8.221,
36.2000265000388,429,1.098,
36.21172304218635,200,7.191,
36.223349541891366,200,6.57,
36.23318395903334,429,1.042,
36.243282542098314,200,7.696,
36.252754624933004,429,1.047,
36.26125600002706,429,1.139,
36.27426541689783,200,7.893,
36.28055675001815,429,1.444,
36.29019079217687,200,7.769,
36.30029020924121,429,1.124,
36.31114683393389,200,6.875,
36.322995459195226,200,7.046,
36.330800749827176,429,1.407,
36.34337166696787,200,7.238,
36.350374958943576,429,1.022,
36.36136845918372,429,1.401,
36.374134541954845,200,8.022,
36.38243079185486,429,1.063,
36.39282637508586,200,7.363,
36.4013642501086,429,1.504,
36.41339383414015,200,9.784,
36.421850209124386,200,8.264,
36.43010937515646,429,1.541,
36.4447318748571,200,8.289,
36.45160270901397,429,1.092,
36.46182595891878,429,1.197,
36.47400670917705,200,8.207,
36.4825936248526,200,12.297,
36.49517058394849,429,1.069,
36.50172820920125,429,1.002,
36.51053400011733,200,7.506,
36.52127162506804,429,1.501,
36.53179475013167,200,10.214,
36.5435800421983,200,7.216,
36.55181766720489,429,1.528,
36.56391324987635,200,7.383,
36.57182245887816,429,1.173,
36.5817746669054,429,2.104,
36.596288584172726,200,9.793,
36.60158562520519,429,4.335,
36.613397125154734,200,10.48,
36.622566250152886,429,1.292,
36.63185100024566,200,15.346,
36.64080400019884,200,17.576,
36.65125520899892,429,4.2,
36.66078275023028,429,0.993,
36.674368999898434,200,7.849,
36.68061129190028,429,1.586,
36.693401916883886,200,8.755,
36.702941291965544,429,1.001,
36.710413166787475,200,7.37,
36.72095441678539,429,1.246,
36.7339941249229,200,7.449,
36.74275212502107,429,1.266,
36.75182029185817,200,7.049,
36.76230945903808,429,1.159,
36.7734604999423,200,6.824,
36.78284762520343,429,0.879,
36.79339799983427,200,8.947,
36.80103366682306,429,1.767,
36.811503666918725,200,6.915,
36.82068312494084,429,1.557,
36.830745541956276,200,11.277,
36.84329245891422,200,7.181,
36.85276679182425,429,1.279,
36.86161162517965,429,2.306,
36.87136987503618,200,11.746,
36.8812634171918,429,1.695,
36.89337037503719,200,7.197,
36.90033366717398,429,1.11,
36.91466958401725,200,8.214,
36.92251008423045,200,8.282,
36.931855792179704,429,1.037,
36.94392850017175,200,7.323,
36.952863291837275,429,1.105,
36.963429334107786,200,6.865,
36.97059212485328,429,2.344,
36.9815142089501,429,0.985,
36.992094167042524,200,6.863,
37.00055804196745,429,1.043,
37.01345937512815,200,7.538,
37.020915125031024,429,2.266,
37.03087745886296,200,7.208,
37.04005974996835,429,1.067,
37.05434433417395,200,9.74,
37.06024425011128,429,1.332,
37.070013749878854,200,7.836,
37.083875209093094,200,7.579,
37.09104650001973,429,1.419,
37.10156466718763,429,1.27,
37.11408200021833,200,7.266,
37.121653750073165,429,1.0,
37.13286845898256,200,7.072,
37.140756541863084,429,1.128,
37.15189333399758,200,7.299,
37.16183266695589,429,1.108,
37.17301804199815,200,7.538,
37.180462167132646,429,0.943,
37.19279137486592,200,7.795,
37.20116012496874,429,1.017,
37.210810999851674,200,7.415,
37.22246670909226,429,1.002,
37.233720916789025,200,7.857,
37.24139524996281,429,1.671,
37.250603542197496,200,7.036,
37.26278845919296,429,1.217,
37.27177108405158,200,6.925,
37.28401941712946,200,6.655,
37.29063154198229,429,0.962,
37.303486541844904,200,7.301,
37.31056150002405,429,0.924,
37.32048812508583,429,0.879,
37.33088045893237,200,8.11,
37.34191420907155,429,1.288,
37.3527404172346,200,8.083,
37.36330204224214,200,7.159,
37.37002325011417,429,3.526,
37.38452208414674,200,7.617,
37.39253683388233,429,1.318,
37.401564499828964,429,1.163,
37.41409645881504,200,7.648,
37.42159033380449,429,0.862,
37.4340207092464,200,7.154,
37.44173541711643,429,1.035,
37.45398604217917,200,7.925,
37.46004904201254,429,1.783,
37.47090354189277,200,7.545,
37.48086129222065,429,1.017,
37.49450045917183,200,7.301,
37.501637500245124,429,1.201,
37.51405066717416,200,7.328,
37.5211452501826,429,1.045,
37.53430029191077,200,9.1,
37.54122358420864,429,1.254,
37.5523244170472,200,7.312,
37.56322895921767,200,10.567,
37.574149041902274,429,1.083,
37.58164641680196,429,1.267,
37.59045429201797,200,6.497,
37.606000000145286,200,6.747,
37.61180508416146,429,1.246,
37.622331959195435,429,1.423,
37.630588999949396,200,8.183,
37.64315212517977,200,8.925,
37.65121187502518,429,2.677,
37.66130445897579,429,1.377,
37.674054708797485,200,7.369,
37.681087709032,429,1.082,
37.69291895907372,200,9.032,
37.7022372498177,429,1.23,
37.713318916969,200,7.675,
37.72075620898977,429,1.352,
37.73292816709727,200,7.393,
37.74010279215872,429,1.095,
37.750020375009626,200,8.352,
37.76215629186481,429,1.201,
37.77174016693607,200,7.062,
37.784027916844934,200,8.293,
37.79288679221645,429,0.917,
37.80279825022444,429,0.948,
37.813532541971654,200,6.92,
37.820655333809555,429,0.962,
37.830870458856225,200,6.887,
37.84339241683483,200,7.223,
37.850435874890536,429,0.965,
37.86360995890573,200,7.623,
37.8708507088013,429,1.261,
37.88446920923889,200,7.562,
37.890879624988884,429,1.392,
37.90448275022209,200,7.74,
37.912304542027414,429,1.037,
37.9214527499862,429,1.294,
37.93232412496582,200,17.053,
37.94020962482318,200,14.307,
37.950840916950256,429,1.242,
37.96453949995339,200,6.805,
37.9723889590241,429,0.859,
37.98376604216173,200,7.483,
37.99270012509078,429,1.183,
38.00230345921591,429,1.161,
38.011744666844606,200,7.912,
38.02292758412659,200,8.283,
38.03091633412987,429,0.96,
38.041844999883324,429,1.02,
38.05320650013164,200,6.975,
38.063201874960214,200,7.276,
38.07098208414391,429,1.099,
38.08104295888916,429,1.005,
38.090883291792125,200,7.084,
38.10291770892218,200,6.829,
38.111948791891336,429,1.179,
38.1230685422197,200,6.823,
38.132853417191654,429,1.315,
38.14284475008026,200,7.209,
38.15354683389887,429,1.352,
38.16137083387002,429,2.45,
38.173763750121,200,7.35,
38.18107508402318,429,13.646,
38.195686667226255,200,10.676,
38.20117466710508,429,1.36,
38.21194629184902,200,7.462,
38.220948374830186,429,0.82,
38.23234545905143,200,8.473,
38.24275679187849,429,1.179,
38.25109050003812,200,6.763,
38.263008709065616,200,8.315,
38.27307120896876,429,1.066,
38.28273737523705,200,7.598,
38.29270312516019,429,1.437,
38.30329120904207,200,7.23,
38.31168366689235,429,1.452,
38.325525334104896,200,7.732,
38.33173654181883,429,1.075,
38.34403762500733,200,6.639,
38.351164834108204,429,0.917,
38.36286162491888,200,7.405,
38.370703416876495,429,1.076,
38.38449583388865,200,7.765,
38.390982875134796,429,1.216,
38.40292162494734,200,13.734,
38.41300554201007,429,1.32,
38.420677749905735,429,1.29,
38.43372124992311,200,9.501,
38.440421416889876,429,1.583,
38.452831000089645,200,7.786,
38.46278229216114,429,1.275,
38.472404334228486,200,8.28,
38.480685042217374,429,1.164,
38.491654708981514,200,7.398,
38.50315745919943,200,6.601,
38.511647916864604,429,1.294,
38.527554917149246,200,8.345,
38.530950834043324,429,1.152,
38.54133850010112,200,11.065,
38.551179834175855,429,1.556,
38.56333658378571,200,12.169,
38.57485370896757,429,1.627,
38.581759166903794,429,2.175,
38.59352274984121,200,7.335,
38.60066979192197,429,1.668,
38.61452304199338,200,6.771,
38.621013124939054,429,1.064,
38.634231959003955,200,7.122,
38.640194959007204,429,1.075,
38.651846250053495,200,14.362,
38.66051424993202,429,1.577,
38.67448454210535,200,6.837,
38.68237749999389,429,1.103,
38.6933733751066,200,6.524,
38.70117900008336,429,1.061,
38.713310583960265,200,8.303,
38.72256191680208,429,1.278,
38.73231962509453,200,7.488,
38.74337387504056,200,6.641,
38.75135979196057,429,1.323,
38.76370912510902,200,9.488,
38.77404470881447,429,1.07,
38.7818380841054,429,1.179,
38.79149787500501,200,8.939,
38.802375624887645,429,1.665,
38.813313874881715,200,12.012,
38.82654729206115,200,6.628,
38.831437250133604,429,1.023,
38.84400425013155,200,6.708,
38.85029212478548,429,1.026,
38.86334687517956,200,8.48,
38.87253204220906,429,1.066,
38.8810622501187,429,1.052,
38.89340920886025,200,7.779,
38.90154258394614,429,1.153,
38.91002666717395,200,7.281,
38.924908958841115,200,8.119,
38.931110499892384,429,1.574,
38.943379499949515,200,7.939,
38.95279808389023,429,1.392,
38.96187245892361,429,1.317,
38.970419167075306,200,7.307,
38.984246958978474,200,6.208,
38.992141417227685,429,0.975,
39.00343383383006,200,6.166,
39.013057958800346,429,1.042,
39.02692133421078,200,6.211,
39.030261375010014,429,0.946,
39.042037250008434,429,1.24,
39.05380691681057,200,8.439,
39.06067854212597,429,1.28,
39.07367916684598,200,6.562,
39.08198433415964,429,1.364,
39.09106066683307,200,6.715,
39.10797999985516,200,6.684,
39.110790042206645,429,0.989,
39.12116541713476,429,1.216,
39.13414354203269,200,7.007,
39.14103808393702,429,1.031,
39.16012279223651,200,10.262,
39.16075162496418,429,3.279,
39.17183370888233,200,6.974,
39.181105583906174,429,1.296,
39.19176695914939,200,7.094,
39.203193792141974,200,6.357,
39.21162058413029,429,0.961,
39.220700916834176,429,1.131,
39.23450974980369,200,7.468,
39.242341292090714,200,6.591,
39.25275475019589,429,1.077,
39.26156112505123,429,1.149,
39.2703160000965,200,7.631,
39.28279983391985,200,11.246,
39.290792250074446,429,3.152,
39.30235233390704,429,1.504,
39.31370754214004,200,7.56,
39.32170454179868,429,0.982,
39.33195837493986,200,7.134,
39.34286112524569,429,1.11,
39.35088224988431,200,7.35,
39.36408849991858,200,9.418,
39.37181212520227,429,1.223,
39.38400987489149,200,7.425,
39.39144583418965,429,1.075,
39.403062084224075,200,7.823,
39.41187695879489,429,0.999,
39.423813042230904,200,8.292,
39.43029162520543,429,1.322,
39.44465562514961,200,8.287,
39.45228608418256,429,1.339,
39.46356954192743,200,10.315,
39.47294412506744,429,1.941,
39.48332937480882,200,8.109,
39.49282933399081,429,1.196,
39.503150834236294,200,7.572,
39.51027825009078,429,1.757,
39.522465750109404,429,1.126,
39.53203804185614,200,6.739,
39.54337733378634,200,6.841,
39.55194366723299,429,1.118,
39.56201804196462,429,0.99,
39.573695292230695,200,7.136,
39.58248733403161,200,7.325,
39.59361195890233,429,1.188,
39.600202625151724,429,1.233,
39.613304500002414,200,7.618,
39.621604667045176,429,1.207,
39.63390816701576,200,6.648,
39.64286099979654,429,0.9,
39.6534506669268,200,8.271,
39.661546458955854,429,1.091,
39.67407950013876,200,7.245,
39.68254183419049,429,0.914,
39.69288962520659,200,6.97,
39.703279917128384,200,6.339,
39.710972249973565,429,1.278,
39.7238582088612,200,6.664,
39.73170466721058,429,1.298,
39.743480917066336,200,8.109,
39.75015591690317,429,1.725,
39.76284604193643,200,7.199,
39.7727818749845,429,1.22,
39.780048000160605,429,3.7,
39.79332883423194,200,20.5,
39.80214900011197,200,26.367,
39.81330595910549,429,2.507,
39.82809870922938,200,9.619,
39.83037816686556,429,2.869,
39.84335054224357,200,16.281,
39.85210895910859,429,4.686,
39.86072437511757,429,1.957,
39.87057070899755,200,7.199,
39.88332329224795,200,6.102,
39.8920331671834,429,0.94,
39.902449124958366,429,1.099,
39.91004250012338,200,57.112,
39.922963791992515,200,43.169,
39.93201474985108,200,35.743,
39.94286350021139,429,14.677,
39.95070349983871,429,7.569,
39.962027959059924,429,1.08,
39.97011141711846,200,15.499,
39.9848815840669,200,8.472,
39.99161612521857,429,2.505,
40.00400137482211,200,7.187,
40.01011770917103,429,1.579,
40.02380420919508,200,9.255,
40.032934667076916,429,1.134,
40.04336108407006,200,7.537,
40.051591916941106,429,0.945,
40.06413258379325,200,8.026,
40.072866125032306,429,0.899,
40.08003158401698,429,1.201,
40.094863625243306,200,10.494,
40.10237095924094,429,1.103,
40.11363279214129,200,9.81,
40.120340291876346,429,3.562,
40.134679208975285,200,7.273,
40.14185441704467,429,0.92,
40.152864874806255,200,7.442,
40.163030959200114,200,7.134,
40.17001641681418,429,2.133,
40.18287045881152,200,7.451,
40.19002108415589,429,1.919,
40.20483187492937,200,8.347,
40.210039750207216,429,2.308,
40.22383162518963,200,8.021,
40.23124829214066,429,1.586,
40.24297695886344,200,7.389,
40.25172650022432,429,0.961,
40.26397970924154,200,7.17,
40.27157162502408,429,0.879,
40.280860541854054,429,1.002,
40.290893209166825,200,7.73,
40.30411633383483,200,7.598,
40.310988209210336,429,1.317,
40.32643358409405,200,17.995,
40.33135495893657,429,9.571,
40.342839625198394,200,15.358,
40.35256137512624,429,2.425,
40.361366958823055,429,2.507,
40.37237562518567,200,7.265,
40.38074666680768,429,1.073,
40.39416504185647,200,7.507,
40.40115012507886,429,1.631,
40.410557333845645,200,7.613,
40.423553708940744,200,6.751,
40.4314652918838,429,1.0,
40.44371787505224,200,7.53,
40.45248374994844,429,0.981,
40.461775249801576,429,1.25,
40.47293512523174,200,9.368,
40.48190141702071,429,1.247,
40.4937180839479,200,9.18,
40.50275258393958,200,7.807,
40.511365834157914,429,1.462,
40.52403545891866,200,7.027,
40.5308367498219,429,1.168,
40.5441835001111,200,7.798,
40.55115504190326,429,1.651,
40.5639046668075,200,14.507,
40.57009375002235,429,10.599,
40.584378874860704,200,9.444,
40.59200800023973,429,1.855,
40.602618666831404,200,21.525,
40.611709041986614,429,6.15,
40.621885917149484,429,2.202,
40.631358709186316,200,7.887,
40.64078979194164,429,1.054,
40.65434199990705,200,8.908,
40.660688042175025,429,1.439,
40.67134500015527,200,9.214,
40.68058158410713,429,1.053,
40.693356667179614,200,7.842,
40.70161662483588,429,1.665,
40.71401445893571,200,7.111,
40.721683375071734,429,0.857,
40.734086624812335,200,6.728,
40.741371124982834,429,0.846,
40.750076124910265,200,11.317,
40.76252945885062,200,9.966,
40.772183124907315,429,1.27,
40.78015191713348,429,1.165,
40.790707167238,200,7.51,
40.80063854204491,429,1.038,
40.81169116683304,200,7.189,
40.82398512493819,200,6.871,
40.832515084184706,429,1.172,
40.8414425002411,429,1.25,
40.85154637508094,200,8.997,
40.86010816693306,429,1.704,
40.87095083389431,200,7.479,
40.881047708913684,429,1.188,
40.89428095892072,200,6.885,
40.901584583800286,429,1.925,
40.91413687495515,200,7.363,
40.92278016684577,429,0.89,
40.93186829192564,200,6.868,
40.94338012486696,200,6.633,
40.95320287486538,429,1.052,
40.960202584043145,429,1.118,
40.970739792101085,200,7.97,
40.984168459195644,200,7.213,
40.992619833908975,429,1.344,
41.00201779184863,429,1.266,
41.01330920914188,200,7.479,
41.02345454180613,200,6.969,
41.03107558423653,429,1.003,
41.043361166957766,200,6.393,
41.05136837484315,429,1.757,
41.06172045879066,429,1.571,
41.07228787522763,200,8.189,
41.082961374893785,200,6.923,
41.09297208394855,429,1.623,
41.10187850007787,429,1.522,
41.11381724989042,200,7.915,
41.120685500092804,429,1.307,
41.13457287522033,200,7.381,
41.14130970882252,429,1.239,
41.15343924984336,200,8.81,
41.16214200016111,429,1.187,
41.1726945838891,200,8.327,
41.181013292167336,429,1.168,
41.19068608386442,200,7.475,
41.20055712480098,429,2.221,
41.21264004195109,200,6.855,
41.22106962511316,429,1.188,
41.230712208896875,200,6.564,
41.24301179219037,200,6.548,
41.25328224990517,429,1.372,
41.263247875031084,200,7.729,
41.272221291903406,429,2.672,
41.28146049985662,429,1.14,
41.29333895910531,200,9.501,
41.30107245920226,429,1.682,
41.311445666942745,200,14.411,
41.32721329201013,200,7.861,
41.331160083878785,429,1.067,
41.34423837484792,200,7.951,
41.35237675020471,429,1.597,
41.36170100001618,429,1.214,
41.37385770911351,200,8.139,
41.380898208823055,429,1.393,
41.39446133421734,200,7.588,
41.402602791786194,429,0.957,
41.41362554207444,200,7.631,
41.42162633407861,429,0.969,
41.43410029215738,200,14.888,
41.44278245884925,200,8.835,
41.45207895897329,429,1.059,
41.46082429215312,429,1.1,
41.47445825021714,200,7.801,
41.48201620904729,429,1.107,
41.49385316716507,200,8.159,
41.50177566707134,429,1.03,
41.51383104221895,200,7.359,
41.522944416850805,200,8.243,
41.531081084162,429,0.917,
41.54084312496707,429,0.893,
41.55413916707039,200,7.868,
41.5616891249083,429,1.166,
41.57470754208043,200,7.986,
41.58166787493974,200,8.033,
41.59288625000045,429,1.449,
41.608785416930914,200,8.59,
41.61027474980801,429,1.663,
41.624704708810896,200,8.27,
41.63134579220787,429,1.154,
41.64136679191142,429,1.07,
41.65285999979824,200,8.347,
41.660781166981906,429,1.237,
41.67401504190639,200,8.418,
41.681848166976124,429,1.432,
41.69016599981114,200,7.447,
41.70380166685209,200,9.031,
41.71276425011456,429,1.183,
41.72272574994713,200,7.13,
41.73052137484774,429,1.051,
41.74153920914978,429,1.563,
41.75251299981028,200,8.097,
41.76171112479642,429,2.134,
41.7721063750796,200,8.688,
41.7807522919029,429,1.142,
41.792945249937475,200,7.044,
41.80202858382836,429,0.982,
41.81149979215115,200,7.222,
41.82398833381012,200,9.447,
41.83258854178712,429,1.331,
41.842109334189445,429,1.371,
41.85402004187927,200,10.042,
41.86004654178396,429,2.212,
41.874759084079415,200,10.33,
41.88106095883995,429,2.078,
41.894247916992754,200,8.259,
41.90080500021577,429,1.384,
41.91380670899525,200,7.851,
41.92154000001028,429,1.124,
41.93412470910698,200,7.037,
41.941993083804846,429,1.157,
41.95275079179555,200,8.726,
41.96084870910272,429,1.748,
41.970481916796416,200,8.177,
41.98055470921099,429,1.085,
41.99155587516725,200,8.013,
42.0040182499215,200,8.519,
42.01101941708475,429,1.648,
42.023002167232335,200,15.029,
42.03162854211405,429,5.739,
42.041736542247236,429,1.355,
42.05399562511593,200,7.002,
42.06253537489101,429,1.156,
42.07764762500301,200,6.5,
42.080912000034004,429,1.014,
42.094247750006616,200,6.285,
42.10230525024235,429,1.103,
42.113508083857596,200,6.52,
42.122189125046134,429,1.283,
42.13366166688502,200,6.019,
42.14299520896748,429,1.03,
42.15078508388251,200,7.765,
42.163049874827266,200,6.732,
42.17327099991962,429,1.126,
42.1806872501038,429,1.258,
42.193344708997756,200,13.527,
42.20114987483248,429,1.297,
42.212959750089794,200,7.069,
42.221689499914646,429,1.047,
42.23203429207206,200,8.611,
42.24378945911303,200,6.398,
42.25120129203424,429,1.175,
42.26197912497446,429,1.082,
42.2724237088114,200,8.632,
42.28135633422062,429,0.961,
42.294115624856204,200,7.096,
42.301572209224105,429,1.039,
42.31332454178482,200,6.617,
42.32145058410242,429,1.062,
42.33312954194844,200,6.762,
42.34070524992421,429,1.247,
42.35114254197106,200,10.539,
42.36385624995455,200,7.136,
42.37138445908204,429,0.907,
42.38247899990529,200,7.403,
42.39379066694528,429,2.568,
42.40115583408624,429,7.467,
42.411704666912556,200,7.935,
42.42185862502083,429,1.109,
42.43339820904657,200,7.122,
42.44247991684824,429,1.448,
42.45329899992794,200,11.825,
42.462178125046194,200,9.39,
42.47039308398962,429,1.293,
42.48447358421981,200,7.416,
42.49229941703379,429,0.988,
42.50255795894191,429,0.962,
42.510846875142306,200,6.93,
42.5265223341994,200,7.165,
42.53077954193577,429,1.138,
42.54212300013751,429,1.319,
42.553191209211946,200,7.756,
42.56073958380148,429,1.11,
42.57215958414599,200,7.607,
42.58260541688651,429,1.308,
42.593009292148054,200,8.4,
42.60065708402544,429,1.393,
42.61188033409417,200,8.391,
42.62058337498456,429,0.951,
42.63251170888543,200,7.649,
42.64014366688207,429,1.7,
42.652977167163044,200,8.744,
42.66260408423841,429,1.279,
42.673524708952755,200,6.862,
42.68187625007704,429,0.993,
42.69401445891708,200,6.816,
42.700499209109694,429,1.045,
42.711533249821514,200,8.08,
42.72369595896453,200,7.5,
42.73061183420941,429,1.835,
42.743583833798766,200,6.476,
42.75113125005737,429,2.142,
42.76194112515077,429,1.207,
42.77279695915058,200,6.864,
42.78331462480128,200,6.828,
42.79113083379343,429,2.857,
42.80200787493959,429,1.307,
42.81367787485942,200,7.227,
42.8214319171384,429,1.243,
42.83392829215154,200,7.05,
42.84177654189989,429,1.148,
42.853909709025174,200,8.343,
42.862271666992456,200,7.883,
42.872774791903794,429,1.396,
42.881409083958715,429,1.264,
42.89407612523064,200,7.094,
42.90113095892593,429,0.968,
42.9113675840199,200,7.483,
42.92405699985102,200,6.851,
42.93038529204205,429,1.093,
42.94422491686419,200,7.199,
42.95158745907247,429,1.194,
42.96127041708678,429,1.033,
42.97286758385599,200,7.143,
42.98148445924744,429,1.104,
42.9926571669057,200,7.475,
43.000630209222436,429,2.146,
43.01211804198101,200,8.268,
43.02014445886016,429,1.339,
43.03187933424488,200,8.074,
43.04247233411297,429,1.122,
43.05284441681579,200,8.563,
43.06040500011295,429,1.567,
43.07102725002915,200,7.816,
43.08044562488794,429,1.187,
43.09291350003332,200,6.821,
43.103222916834056,200,6.877,
43.11095324996859,429,1.173,
43.12136237509549,429,1.13,
43.132404083851725,200,7.325,
43.143661042209715,200,6.579,
43.15162608399987,429,9.517,
43.16182812489569,200,10.046,
43.170926874969155,429,1.558,
43.18142837518826,429,1.223,
43.19186274986714,200,11.517,
43.200953541789204,429,1.162,
43.21091462485492,200,7.18,
43.22441937495023,200,6.45,
43.23242687480524,429,1.171,
43.24201258411631,429,1.554,
43.2534329588525,200,7.621,
43.260907916817814,429,1.054,
43.27194895921275,200,7.84,
43.2836652090773,200,6.665,
43.292795749846846,429,0.959,
43.303373917005956,200,6.744,
43.311696167103946,429,1.291,
43.32266179192811,200,7.622,
43.33171091694385,429,1.29,
43.34333850024268,200,6.857,
43.35314437514171,429,1.115,
43.36324258381501,200,7.879,
43.37788883410394,429,1.213,
43.38068650010973,429,1.225,
43.39334454201162,200,7.439,
43.41010787524283,200,10.002,
43.412544041872025,429,2.035,
43.42120054224506,200,11.32,
43.43804116686806,200,13.241,
43.444032084196806,429,1.78,
43.45258550019935,429,1.387,
43.46063458407298,429,1.049,
43.47506387485191,200,9.981,
43.48210587492213,429,1.381,
43.4904094170779,200,9.982,
43.50106729194522,429,2.112,
43.51005908381194,200,8.654,
43.52379529224709,200,9.942,
43.53294387506321,429,1.683,
43.5433371248655,200,7.59,
43.55313504207879,429,0.982,
43.56289575016126,429,1.112,
43.57344250008464,200,7.047,
43.58182116691023,429,0.95,
43.59093945892528,200,7.547,
43.60388504201546,200,6.995,
43.61089358385652,429,0.959,
43.62441304186359,200,7.248,
43.63145441701636,429,0.774,
43.64314241707325,429,0.909,
43.65335216699168,200,7.299,
43.66115625016391,429,1.318,
43.67427020892501,200,8.395,
43.68255112506449,429,1.133,
43.6934819589369,200,6.782,
43.70112470909953,429,1.243,
43.71330229192972,200,7.907,
43.72258441708982,429,1.117,
43.73272070894018,200,7.391,
43.74215562501922,429,1.645,
43.75992062501609,200,9.809,
43.7612193338573,429,2.536,
43.77018745895475,200,9.546,
43.784688459243625,200,7.772,
43.79197116708383,429,0.992,
43.8003677087836,429,1.197,
43.81425104197115,200,8.719,
43.82089070882648,429,1.738,
43.83426016708836,200,7.451,
43.841485584154725,429,1.796,
43.85317141702399,200,7.373,
43.86042974982411,429,1.365,
43.87086333381012,200,7.165,
43.884467374999076,200,6.732,
43.89255537511781,429,1.067,
43.90326279215515,200,7.637,
43.91097874986008,429,0.977,
43.921937624923885,429,1.507,
43.932761792093515,200,7.825,
43.94051687512547,429,0.889,
43.95067383395508,200,7.172,
43.960024792235345,429,2.486,
43.974220959004015,200,9.103,
43.98079116689041,429,1.372,
43.99206737522036,200,7.232,
44.00316470908001,200,6.656,
44.01188191678375,429,1.343,
44.02277575014159,200,6.817,
44.03337479196489,429,1.21,
44.04315725015476,200,7.971,
44.05329045886174,429,1.079,
44.061224250122905,429,0.968,
44.07080399990082,200,15.759,
44.081899624783546,200,13.067,
44.09202841715887,429,1.172,
44.10387229220942,200,6.376,
44.11041362490505,429,1.538,
44.124703667126596,200,8.025,
44.13151141721755,429,1.215,
44.143327708821744,200,6.169,
44.15208704210818,429,1.303,
44.16299775009975,200,6.973,
44.17188550019637,429,1.073,
44.18052595900372,429,1.098,
44.1933379592374,200,20.447,
44.20058879209682,200,10.201,
44.21379162510857,429,2.373,
44.22016170900315,429,1.456,
44.23283112514764,200,15.226,
44.240985750220716,200,8.809,
44.250983625184745,429,1.925,
44.260706583969295,429,1.541,
44.27440687501803,200,7.627,
44.28023295896128,429,1.134,
44.29405887518078,200,6.81,
44.30195249989629,429,1.249,
44.31385475024581,200,6.847,
44.322682375088334,429,1.107,
44.3333857501857,200,8.447,
44.34201808413491,429,1.124,
44.352969333995134,200,8.505,
44.36065229214728,429,2.015,
44.3708678339608,200,10.187,
44.38433970883489,200,20.881,
44.393518041819334,429,8.666,
44.400065124966204,429,3.818,
44.410867833998054,200,7.627,
44.4228439591825,200,7.195,
44.43006929196417,429,2.263,
44.44086266681552,429,1.32,
44.45012070890516,200,7.788,
44.463894749991596,200,7.209,
44.47272579185665,429,1.031,
44.48350258404389,200,7.706,
44.491283792071044,429,2.279,
44.50490837497637,200,8.306,
44.51201674994081,429,1.373,
44.522020834032446,429,1.022,
44.53386100009084,200,12.117,
44.545678541995585,200,7.697,
44.551880416926,429,1.823,
44.56326287519187,200,7.594,
44.57158987503499,429,1.123,
44.58211995894089,200,8.103,
44.59315670887008,429,1.582,
44.60185508383438,429,0.944,
44.61390183400363,200,14.451,
44.6202922090888,200,6.653,
44.630698958877474,429,0.997,
44.64309429191053,200,7.437,
44.65037929220125,429,9.455,
44.66067845886573,429,1.276,
44.673067667055875,200,7.698,
44.68052004184574,429,0.915,
44.692683917004615,200,6.995,
44.710706791840494,200,7.779,
44.71129783382639,429,1.678,
44.72416125005111,200,7.017,
44.730243334081024,429,1.544,
44.74180229194462,200,10.244,
44.751264084130526,429,1.95,
44.76216270914301,429,1.297,
44.797214624937624,200,46.779,
44.798336166888475,200,51.059,
44.79874262493104,429,8.683,
44.800473084207624,200,43.896,
44.81187054188922,429,7.892,
44.823900249786675,200,37.744,
44.83194729220122,200,28.858,
44.843628083821386,429,6.388,
44.852515583857894,429,1.983,
44.86332229198888,200,14.637,
44.87197466706857,429,5.422,
44.88226900016889,429,1.577,
44.89332712488249,200,6.752,
44.90307975001633,200,6.427,
44.91076941695064,429,1.465,
44.92293970892206,200,7.632,
44.930550458841026,429,1.329,
44.94049987522885,429,1.04,
44.95793937519193,200,7.807,
44.96086866687983,429,1.332,
44.9735511248,200,8.633,
44.982033625245094,429,1.017,
44.99377075023949,200,8.233,
45.00214241724461,200,6.621,
45.0127092092298,429,1.05,
45.023350208997726,200,8.075,
45.03267608396709,429,1.464,
45.04333058418706,200,6.936,
45.05304849985987,429,2.323,
45.062704083975405,200,9.371,
45.0721840839833,429,1.169,
45.080719334073365,429,1.555,
45.09033012483269,200,9.094,
45.10271170921624,200,8.369,
45.110688083805144,429,1.203,
45.12088470906019,429,1.53,
45.13304629223421,200,7.285,
45.140178916975856,429,1.836,
45.15062225004658,200,7.266,
45.1639195419848,200,7.332,
45.17069000005722,429,1.25,
45.18448175024241,200,7.202,
45.19174762489274,429,1.788,
45.20365000003949,200,7.408,
45.2114485418424,429,0.866,
45.2220034589991,429,1.296,
45.2339034168981,200,7.408,
45.241080708801746,429,0.997,
45.25085675017908,200,9.179,
45.260630916804075,429,1.055,
45.27029195893556,200,7.689,
45.28195191686973,200,8.6,
45.291096459142864,429,0.956,
45.30438570911065,200,8.634,
45.31135887512937,429,1.301,
45.32418025005609,200,6.655,
45.33142099995166,429,0.887,
45.34363054204732,200,9.335,
45.35275320895016,429,1.82,
45.36170525010675,429,1.36,
45.376197083853185,200,8.213,
45.38074133405462,429,2.422,
45.39451075019315,200,16.709,
45.40235129185021,429,12.392,
45.41111704194918,200,9.826,
45.42180887516588,429,0.999,
45.43404704192653,200,8.623,
45.44104012520984,200,7.168,
45.45227687479928,429,2.334,
45.46205074992031,429,1.396,
45.47195079224184,200,6.834,
45.48200508393347,429,1.245,
45.49289137497544,200,8.629,
45.5012040422298,429,1.301,
45.513588999863714,200,7.491,
45.52267779223621,429,1.078,
45.53143595904112,200,9.801,
45.543640417046845,200,6.388,
45.550590958911926,429,1.1,
45.5615833341144,429,1.964,
45.573724834248424,200,8.261,
45.582557749934494,429,1.043,
45.59332499979064,200,7.858,
45.60180991701782,429,1.146,
45.612196791917086,200,6.717,
45.62007158389315,429,8.859,
45.63488408410922,200,7.671,
45.6422999589704,429,1.186,
45.6519983750768,200,23.702,
45.66434800019488,200,11.097,
45.67232050001621,429,1.528,
45.680287833791226,429,1.23,
45.69471625005826,200,8.675,
45.70233170920983,200,7.496,
45.71315683424473,429,1.167,
45.72074820892885,429,1.128,
45.733786792028695,200,10.271,
45.744521541986614,200,7.577,
45.7508858749643,429,1.081,
45.76028275024146,429,1.505,
45.77463004179299,200,7.438,
45.780926334206015,429,1.541,
45.7943182089366,200,7.638,
45.800813499838114,429,1.674,
45.81170987524092,200,8.607,
45.823351374827325,200,9.153,
45.83076550019905,429,2.178,
45.84447816712782,200,9.921,
45.852513583842665,429,1.297,
45.86212283419445,200,10.187,
45.87070875009522,429,2.16,
45.880891792010516,429,1.073,
45.89446833403781,200,7.439,
45.90179145894945,429,0.944,
45.911874750163406,200,9.39,
45.92134420899674,429,0.939,
45.93087337492034,200,7.27,
45.94077379209921,429,0.988,
45.95037112524733,200,6.995,
45.964759333990514,200,7.934,
45.97052349988371,429,0.99,
45.98464737506583,200,7.644,
45.992157166823745,429,0.978,
46.00086029199883,429,0.919,
46.01328329183161,200,8.113,
46.02186445891857,429,0.916,
46.03005229216069,200,7.474,
46.0448988750577,200,8.835,
46.05236737523228,429,2.102,
46.061712000053376,429,1.126,
46.07395829213783,200,8.066,
46.081854541786015,429,1.193,
46.09169316710904,200,7.195,
46.10100708389655,429,2.564,
46.11135904211551,200,7.053,
46.1217860840261,429,2.193,
46.13061595894396,200,15.283,
46.14067025016993,200,13.801,
46.15564208384603,429,2.598,
46.160583375021815,429,1.307,
46.17256333399564,200,6.915,
46.182517083827406,429,1.06,
46.193628542125225,200,13.284,
46.20286429207772,200,7.84,
46.211974792182446,429,0.879,
46.22254033386707,429,1.124,
46.23048262484372,200,7.609,
46.24464066699147,200,7.503,
46.25055670924485,429,1.486,
46.26071437494829,429,1.432,
46.27208549994975,200,6.979,
46.28309491695836,200,8.032,
46.29330620914698,429,1.209,
46.30135404178873,429,1.51,
46.31401679199189,200,7.545,
46.32171445898712,429,1.389,
46.33144612517208,200,7.204,
46.343848208896816,200,8.059,
46.35006724996492,429,1.492,
46.36087699979544,429,1.179,
46.374228542204946,200,7.796,
46.38280245894566,429,1.014,
46.39089100016281,200,6.825,
46.40445579215884,200,8.167,
46.412293209228665,429,1.07,
46.42073216708377,429,1.087,
46.43448141682893,200,8.031,
46.44199674995616,200,9.414,
46.45110849989578,429,1.039,
46.46407274994999,200,8.818,
46.47106491681188,429,1.317,
46.48166066687554,429,1.244,
46.49331858381629,200,7.992,
46.50086145894602,429,2.101,
46.51443991716951,200,11.421,
46.522582250181586,200,9.016,
46.53090958390385,429,1.122,
46.544381708838046,200,6.839,
46.552755292039365,429,0.916,
46.56090054195374,429,1.113,
46.57237712480128,200,7.465,
46.58068395918235,429,1.23,
46.59201066708192,200,7.15,
46.60392912523821,200,8.931,
46.610862750094384,429,1.937,
46.62804545881227,200,7.837,
46.63005316723138,429,1.224,
46.642417166847736,429,1.153,
46.65113283414394,200,8.457,
46.66028154222295,429,1.067,
46.67398379184306,200,8.154,
46.68205887498334,429,1.055,
46.690328625030816,200,6.813,
46.70128208398819,429,1.226,
46.713815624825656,200,6.912,
46.72291524987668,200,6.831,
46.73197308415547,429,1.169,
46.74305533384904,200,6.956,
46.75115662487224,429,1.026,
46.7612381670624,429,1.022,
46.771900416817516,200,9.79,
46.78155983379111,200,8.064,
46.795868792105466,429,1.53,
46.80153745878488,429,1.104,
46.81180629180744,200,7.766,
46.822043042164296,429,1.232,
46.83262316696346,200,7.1,
46.84282850008458,200,8.955,
46.85226633399725,429,1.644,
46.86354795889929,200,11.815,
46.87201324990019,429,2.459,
46.88186808396131,429,1.919,
46.893437624908984,200,11.844,
46.900708250235766,429,2.882,
46.914359875023365,200,7.325,
46.92258404195309,429,0.948,
46.93338379217312,200,7.121,
46.941809333860874,429,0.901,
46.953429833985865,200,6.432,
46.96197745902464,429,0.881,
46.97033254196867,200,7.233,
46.98480087518692,200,6.472,
46.991613666992635,429,0.847,
47.002848458942026,429,0.893,
47.01348745916039,200,6.342,
47.020024166908115,429,0.857,
47.03491475014016,200,6.892,
47.040885333903134,429,1.251,
47.054400875233114,200,6.747,
47.06063325004652,429,1.042,
47.07187683414668,200,7.466,
47.08395925024524,200,6.728,
47.091971249785274,429,1.033,
47.103949749842286,200,7.077,
47.11062408378348,429,0.954,
47.12090820912272,429,1.135,
47.134401708841324,200,7.848,
47.142009042203426,429,1.007,
47.15198720898479,200,7.762,
47.1600916669704,429,1.044,
47.17476858384907,200,7.341,
47.18125395895913,429,1.044,
47.1926547922194,200,7.245,
47.202219374943525,200,7.412,
47.212652042042464,429,1.324,
47.22186024999246,200,7.253,
47.23134579183534,429,0.98,
47.244257458951324,200,6.808,
47.25145145924762,429,0.895,
47.26369579182938,200,6.491,
47.271384541876614,429,1.787,
47.28423516685143,200,10.822,
47.294384833890945,429,1.722,
47.30142629193142,429,1.511,
47.31331179197878,200,8.38,
47.32053704187274,429,1.222,
47.33149537490681,200,6.881,
47.34333783388138,200,7.029,
47.35206804191694,429,2.171,
47.36155612487346,429,0.915,
47.37365529220551,200,7.902,
47.38088795915246,429,1.861,
47.39444270916283,200,15.232,
47.409194792155176,200,10.797,
47.41225400008261,429,4.094,
47.42335933400318,200,7.11,
47.43208874994889,429,1.147,
47.44260079180822,200,9.191,
47.45110879186541,429,1.371,
47.462183583993465,200,7.462,
47.47316962480545,429,1.109,
47.48005637479946,429,1.076,
47.4937118338421,200,7.876,
47.501528167165816,429,1.071,
47.512291999999434,200,7.733,
47.520291209220886,429,1.545,
47.534542959183455,200,7.508,
47.54186904197559,429,1.016,
47.551964917220175,200,7.192,
47.56015683384612,429,1.266,
47.57557512493804,200,8.353,
47.580887500196695,429,1.284,
47.59242695895955,200,8.119,
47.601757124997675,429,1.219,
47.6108750840649,200,7.443,
47.62401374988258,200,7.912,
47.631297334097326,429,1.204,
47.64402541704476,200,7.364,
47.651675125118345,429,10.985,
47.6625946671702,429,1.016,
47.671164916828275,200,8.02,
47.6817955840379,429,1.063,
47.69403100013733,200,7.707,
47.7025090418756,429,1.517,
47.71235554199666,200,7.835,
47.722025459166616,429,1.284,
47.7330482089892,200,10.846,
47.74466749979183,200,8.299,
47.75048862490803,429,1.735,
47.760841249953955,429,1.111,
47.774361583869904,200,9.465,
47.78274058410898,200,11.257,
47.79188537504524,429,2.256,
47.80193391721696,429,1.212,
47.81169683393091,200,7.512,
47.8223944590427,429,1.358,
47.8325393749401,200,7.726,
47.84343024995178,200,7.576,
47.8530705422163,429,1.376,
47.86291658412665,200,7.433,
47.872146292123944,429,1.212,
47.882039584219456,429,1.07,
47.89329408388585,200,8.034,
47.902456333860755,429,5.513,
47.91350233415142,200,7.826,
47.921833334024996,429,1.047,
47.933929916936904,200,11.889,
47.942274666856974,200,8.709,
47.95084687508643,429,2.206,
47.96442595915869,200,7.61,
47.972022417001426,429,1.984,
47.9838511669077,200,7.585,
47.990793959237635,429,1.204,
48.00357262510806,200,7.109,
48.0105472500436,429,1.013,
48.02287720888853,200,7.031,
48.031927042175084,429,0.924,
48.04263929184526,200,7.191,
48.05327120888978,429,1.245,
48.06393624981865,200,8.32,
48.07134345918894,429,1.324,
48.083026208914816,200,6.794,
48.092267458792776,429,3.463,
48.102310333866626,429,1.076,
48.11331883398816,200,8.866,
48.12154366681352,200,9.216,
48.13356620911509,429,1.662,
48.14298812486231,200,7.506,
48.15313612483442,429,3.749,
48.16182308411226,200,17.587,
48.170020166784525,429,9.553,
48.181560249999166,429,1.543,
48.19404279207811,200,8.018,
48.202772583812475,200,6.579,
48.21095733391121,429,1.711,
48.223360292147845,200,6.385,
48.23303820891306,429,1.148,
48.24419587524608,200,7.411,
48.25110512506217,429,1.274,
48.26135441707447,429,2.224,
48.27217362495139,200,9.317,
48.282784666866064,200,9.504,
48.293581292033195,429,2.704,
48.30109466705471,429,1.599,
48.31171520892531,200,9.791,
48.32220199983567,429,1.217,
48.33420275012031,200,11.623,
48.34082524990663,429,1.957,
48.352265667170286,200,7.664,
48.362898624967784,200,13.583,
48.377020709216595,429,1.397,
48.38026487501338,429,0.813,
48.3940195417963,200,7.697,
48.401895166840404,429,1.144,
48.41086420882493,200,9.903,
48.42016383400187,429,2.134,
48.4344460000284,200,7.002,
48.44139799987897,429,1.068,
48.451107459142804,200,7.832,
48.46113779209554,429,1.677,
48.47436166694388,200,10.986,
48.48055745894089,429,2.044,
48.492267875000834,200,9.959,
48.50270545901731,200,8.574,
48.51161083392799,429,1.422,
48.52292020898312,200,7.428,
48.53083000006154,429,0.933,
48.54191333381459,429,1.222,
48.55395770911127,200,7.085,
48.56090920884162,429,1.042,
48.57088629202917,200,7.065,
48.583891542162746,200,10.111,
48.590873084031045,429,2.6,
48.60440545901656,200,12.519,
48.61130166705698,429,5.597,
48.62232816684991,429,1.542,
48.631763542070985,200,7.723,
48.642740041948855,200,7.265,
48.652438583783805,429,1.019,
48.66370995901525,200,8.364,
48.67090666713193,429,1.37,
48.68444620911032,200,6.416,
48.69161308417097,429,0.775,
48.70187883405015,429,1.074,
48.7139665838331,200,8.227,
48.72060004202649,429,1.319,
48.73457729211077,200,7.302,
48.74164158385247,429,0.928,
48.75181908393279,200,6.772,
48.7605917500332,429,1.524,
48.77318708412349,200,7.875,
48.78227024991065,429,0.977,
48.792536875233054,200,8.696,
48.80207237508148,429,1.443,
48.81173408403993,200,7.366,
48.822692334186286,200,6.964,
48.833455209154636,429,1.065,
48.842382334172726,200,10.483,
48.85114833386615,429,2.271,
48.864066042006016,200,8.252,
48.87185712484643,429,1.289,
48.88135312497616,429,1.554,
48.89230112498626,200,7.478,
48.90109158400446,429,8.372,
48.91374120907858,200,9.407,
48.92034808406606,429,1.242,
48.930854625068605,200,7.779,
48.943295875098556,200,6.984,
48.95208950014785,429,6.69,
48.961497084237635,429,0.993,
48.97182095889002,200,8.018,
48.98271449981257,429,1.336,
48.993503083940595,200,6.976,
49.00213879207149,429,1.098,
49.01268683420494,200,6.573,
49.02333424985409,200,6.223,
49.033164124935865,429,1.185,
49.04059441713616,429,1.749,
49.05315416678786,200,6.992,
49.06211587507278,429,1.065,
49.07297991681844,200,6.628,
49.08192454185337,429,1.156,
49.090062541887164,200,6.767,
49.10173883382231,429,1.171,
49.11203391710296,200,10.716,
49.123481541872025,200,7.064,
49.13097649998963,429,1.256,
49.143325459212065,200,7.068,
49.15206641703844,429,1.911,
49.16120862495154,429,1.304,
49.17427758406848,200,9.864,
49.1808591671288,429,1.47,
49.193015959113836,200,8.417,
49.200672375038266,429,9.745,
49.21293087489903,200,6.704,
49.22082162508741,429,0.912,
49.23454258404672,200,7.103,
49.24150879215449,429,1.654,
49.251881500240415,200,6.319,
49.2607757919468,429,1.076,
49.27282437495887,200,6.287,
49.28049133392051,429,1.308,
49.29388516722247,200,7.458,
49.30021912511438,429,2.596,
49.31332212500274,200,9.021,
49.32092233421281,429,1.785,
49.33275366714224,200,7.269,
49.34385974984616,200,6.834,
49.35165529185906,429,1.548,
49.36071054218337,429,1.364,
49.370988375041634,200,7.802,
49.3837845842354,200,8.0,
49.392210124991834,429,1.132,
49.40084537491202,200,7.868,
49.410687500145286,429,1.628,
49.420034708920866,429,1.051,
49.43285516696051,200,7.024,
49.44281475013122,429,1.28,
49.45950758410618,200,8.63,
49.46044029202312,429,2.018,
49.472238124813884,200,7.052,
49.4820192088373,200,7.434,
49.49089675024152,429,2.166,
49.503358291927725,200,7.684,
49.511689208913594,429,1.177,
49.52311508404091,200,7.44,
49.53108612494543,429,0.88,
49.54437441704795,200,7.026,
49.5524443751201,429,1.027,
49.56367904180661,200,13.636,
49.57760620908812,429,1.262,
49.58091983385384,429,0.876,
49.593955874908715,200,9.143,
49.601042333990335,429,2.271,
49.61128054186702,200,8.561,
49.62314554210752,200,7.396,
49.63134120916948,429,1.175,
49.64180845906958,429,2.344,
49.65368675021455,200,9.218,
49.66242166701704,200,6.875,
49.671767209190875,429,1.383,
49.68009579181671,429,1.953,
49.69126487523317,200,7.057,
49.70173479197547,429,2.292,
49.71170295914635,200,7.534,
49.722764667123556,200,6.797,
49.73012570897117,429,2.546,
49.742392709013075,200,8.83,
49.750855166930705,429,1.266,
49.76170541718602,200,8.48,
49.771571834106,429,1.043,
49.78359504183754,200,6.509,
49.79299741704017,429,1.339,
49.80291037494317,200,7.141,
49.81109987478703,429,1.304,
49.8248116672039,200,9.948,
49.83048100024462,429,1.357,
49.842507333960384,429,1.226,
49.85180766694248,200,7.653,
49.86224695900455,429,1.225,
49.870051791891456,200,11.795,
49.88098129210994,200,13.458,
49.8941534999758,429,2.346,
49.900027291849256,429,1.116,
49.9126514592208,200,6.917,
49.92116766702384,429,1.102,
49.933008833788335,200,6.807,
49.94275625003502,429,0.901,
49.951090292073786,200,9.144,
49.96342850010842,200,6.528,
49.97267541708425,429,0.905,
49.981855583842844,429,2.255,
49.99357754178345,200,9.819,
50.00081029208377,429,1.649,
50.01086312485859,200,6.808,
50.020815916825086,429,0.966,
50.03083995915949,200,6.395,
50.04088474996388,429,0.903,
50.05186741705984,200,7.237,
50.06308583403006,200,6.468,
50.073237041942775,429,1.469,
50.08320933394134,200,6.892,
50.0927552501671,429,1.066,
50.10317866690457,200,7.447,
50.111690416932106,429,1.291,
50.12344566686079,200,7.144,
50.132132541853935,429,1.274,
50.14179049991071,429,1.299,
50.150411000009626,200,7.375,
50.163862166926265,200,7.425,
50.17274741688743,429,1.112,
50.18347745900974,200,7.568,
50.19078395888209,429,2.406,
50.20321841724217,200,16.131,
50.21221616724506,429,2.826,
50.22369445906952,200,10.016,
50.231961959041655,429,1.102,
50.243836666923016,200,6.681,
50.25283633405343,429,1.887,
50.26257983408868,200,6.427,
50.270842959173024,429,0.99,
50.28063529217616,429,1.592,
50.298037291970104,200,25.955,
50.31427412480116,200,27.041,
50.31497249985114,200,26.095,
50.32238433416933,429,8.536,
50.33078870922327,429,2.302,
50.34391454188153,200,6.599,
50.35293895890936,429,1.087,
50.36255787499249,200,13.98,
50.37591562513262,429,2.97,
50.38146833423525,429,2.046,
50.39189074980095,200,8.427,
50.403114791959524,200,8.927,
50.41077566705644,429,1.742,
50.42300391709432,200,7.488,
50.43208358390257,429,1.351,
50.44331220909953,200,7.88,
50.45270737493411,429,5.368,
50.46347366692498,200,7.082,
50.473002208862454,429,1.182,
50.48030949989334,429,1.02,
50.49464412499219,200,8.072,
50.50240795919672,429,1.376,
50.51056979224086,200,7.739,
50.52282899990678,200,7.253,
50.532681041862816,429,1.925,
50.544397458899766,200,8.901,
50.5517730419524,429,1.441,
50.56367116700858,200,8.919,
50.571147084236145,429,1.642,
50.58312029205263,200,7.424,
50.59276591707021,429,1.473,
50.60145879210904,200,8.667,
50.61330720921978,429,1.293,
50.62371800001711,200,7.339,
50.6316532921046,429,1.604,
50.64010808384046,429,1.863,
50.651240416802466,200,7.548,
50.66213408391923,429,1.363,
50.672176292166114,200,10.746,
50.681563834194094,200,10.807,
50.69303470896557,429,2.072,
50.70200187480077,200,8.198,
50.71330854203552,429,1.513,
50.72036045882851,429,1.389,
50.73463045898825,200,7.66,
50.74201491707936,429,1.219,
50.75296045886353,200,7.597,
50.76286575011909,200,6.68,
50.77312962524593,429,1.657,
50.78135745879263,429,0.97,
50.79355708416551,200,6.967,
50.800468124914914,429,1.109,
50.81380795920268,200,8.289,
50.82134712487459,429,1.583,
50.83109341701493,200,6.804,
50.843291624914855,200,6.624,
50.853464959189296,429,1.184,
50.86316304188222,200,7.565,
50.87361262505874,429,2.438,
50.88102954206988,429,1.391,
50.89432212524116,200,8.118,
50.90072725014761,429,1.969,
50.91437374986708,200,8.381,
50.92255774978548,429,1.021,
50.9312106249854,200,8.065,
50.94183825002983,429,1.148,
50.95381954219192,200,9.085,
50.96167412493378,200,11.528,
50.97081537498161,429,1.842,
50.983132584020495,200,13.618,
50.992743417155,429,2.098,
51.00060279201716,200,18.094,
51.010926249902695,429,2.01,
51.02019716706127,429,1.493,
51.03483937494457,200,7.698,
51.04144166689366,429,1.259,
51.053551209159195,200,7.709,
51.06013387488201,429,2.284,
51.07525045890361,200,8.093,
51.08163062483072,429,1.581,
51.09017495904118,200,7.747,
51.10138045903295,429,1.273,
51.111024000216275,200,8.423,
51.121957917232066,429,1.027,
51.13393349992111,200,7.688,
51.140186292119324,429,1.288,
51.15333312517032,200,8.097,
51.16158979199827,429,1.131,
51.171333000063896,200,6.989,
51.184210000094026,200,6.79,
51.1913721668534,429,0.912,
51.20312458416447,200,15.059,
51.212388542015105,429,1.1,
51.22045454196632,429,1.131,
51.23070154199377,200,7.96,
51.24099120916799,429,1.311,
51.254382541868836,200,8.592,
51.2616434590891,429,1.842,
51.274033000227064,200,7.531,
51.28217737516388,429,1.772,
51.293289749883115,200,7.591,
51.30063595902175,429,1.524,
51.31429658411071,200,11.763,
51.32603445881978,200,5.932,
51.33074266696349,429,1.024,
51.34449512511492,200,6.448,
51.35016766702756,429,1.219,
51.363815208896995,200,11.429,
51.376801792066544,429,4.469,
51.38196483394131,429,1.086,
51.391097417101264,200,8.15,
51.402180208824575,429,1.159,
51.4113504588604,200,7.325,
51.422991124913096,200,6.762,
51.43058970896527,429,1.388,
51.4404404591769,429,1.17,
51.45254187518731,200,8.736,
51.46027595922351,429,2.403,
51.47169554186985,200,7.015,
51.480320250149816,429,1.051,
51.49194600014016,200,9.028,
51.503462959080935,200,7.155,
51.511736459098756,429,1.33,
51.524018791969866,200,8.593,
51.532249624840915,429,0.935,
51.54587966715917,200,8.616,
51.551087291911244,429,2.174,
51.561834750231355,200,8.271,
51.57272387482226,429,1.174,
51.58174162497744,429,1.481,
51.59390416694805,200,7.429,
51.60107066715136,429,1.337,
51.61401483416557,200,8.334,
51.621437792200595,429,1.358,
51.631841708905995,200,6.787,
51.64017883408815,429,1.778,
51.65505958395079,200,10.796,
51.66079800017178,429,1.156,
51.67107162484899,200,6.642,
51.6814642501995,429,1.227,
51.69002208393067,200,9.084,
51.70054000010714,429,1.597,
51.714633292052895,200,8.485,
51.72250329190865,429,1.176,
51.73365387506783,200,7.373,
51.74076675018296,429,1.142,
51.75382941681892,200,7.001,
51.7629672922194,429,0.889,
51.770859375130385,200,6.66,
51.78090904187411,429,1.065,
51.79276679223403,200,6.877,
51.80102058406919,429,1.521,
51.8109845421277,200,7.009,
51.82664416683838,200,6.616,
51.83072983380407,429,1.156,
51.844497667159885,200,7.574,
51.85041741700843,429,1.939,
51.867208084091544,200,9.932,
51.87033887486905,429,3.532,
51.88087937515229,429,1.361,
51.89313258416951,200,7.519,
51.902121500112116,200,6.61,
51.91088662482798,429,1.065,
51.920108208898455,429,1.274,
51.930381999816746,200,7.909,
51.9446568749845,200,6.846,
51.95248441724107,429,1.024,
51.96370004210621,200,7.691,
51.97162404190749,429,1.355,
51.982282374985516,429,1.315,
51.9907760838978,200,10.053,
52.00073958421126,429,2.413,
52.01441204221919,200,11.078,
52.02067866688594,200,12.679,
52.03141791699454,429,2.425,
52.04201891692355,429,1.455,
52.05346491700038,200,8.449,
52.062913292087615,200,10.699,
52.0702635422349,429,1.695,
52.08249895879999,200,7.342,
52.09346279222518,429,1.386,
52.10340812522918,200,7.417,
52.112934291828424,429,2.571,
52.121005958877504,429,1.242,
52.134157166816294,200,7.808,
52.14088841713965,429,1.544,
52.15088091697544,200,7.801,
52.16432420909405,200,7.526,
52.171289708931,429,1.3,
52.18164329184219,429,1.773,
52.19135316694155,200,8.062,
52.20134837506339,429,6.532,
52.213432792108506,200,11.735,
52.22460962506011,200,7.176,
52.23189187515527,429,0.981,
52.24415295897052,200,8.347,
52.25240312516689,429,1.614,
52.262083374895155,429,1.194,
52.27058383403346,200,14.452,
52.28439649986103,200,11.015,
52.29185137478635,429,2.004,
52.302858625072986,200,7.072,
52.313314124941826,429,1.363,
52.32301187515259,200,5.851,
52.332663209177554,429,1.582,
52.34309729188681,200,6.676,
52.35135104181245,429,1.22,
52.36060595884919,429,0.941,
52.37390566710383,200,8.202,
52.38010470895097,429,2.242,
52.390812292229384,200,7.14,
52.400847624987364,429,1.296,
52.41446058405563,200,7.17,
52.42100724996999,429,1.077,
52.432862374931574,200,6.806,
52.440563833806664,429,1.183,
52.45826962497085,429,3.582,
52.46052258415148,200,9.319,
52.47260837489739,200,7.243,
52.48277729190886,200,6.757,
52.49347262503579,429,1.452,
52.50146250007674,429,0.913,
52.51401541708037,200,13.802,
52.52268391707912,200,8.201,
52.533245167229325,429,1.204,
52.543071375228465,200,8.48,
52.5516670839861,429,1.2,
52.56162583408877,429,1.116,
52.57399804191664,200,7.588,
52.58078279206529,429,1.049,
52.59441545885056,200,7.215,
52.60135954199359,429,1.082,
52.61333279218525,200,12.453,
52.62631658418104,200,7.993,
52.63124362519011,429,1.652,
52.64300070889294,200,7.129,
52.65105800004676,429,1.13,
52.66088545881212,429,2.239,
52.67348404182121,200,7.042,
52.6830439590849,200,7.168,
52.69251862494275,429,1.413,
52.70014433423057,429,1.422,
52.71173054212704,200,7.652,
52.72112900018692,429,1.082,
52.73401216696948,200,7.034,
52.74125154223293,429,0.935,
52.755545041989535,429,3.367,
52.760596292093396,200,9.233,
52.770581250078976,200,7.724,
52.78389083407819,200,8.413,
52.79225629195571,429,1.685,
52.8030937500298,200,9.027,
52.81159625016153,429,1.212,
52.820207917131484,429,1.574,
52.831344792153686,200,9.585,
52.84201525012031,429,1.746,
52.850528084207326,200,8.057,
52.86335316719487,200,6.481,
52.876104624941945,429,1.214,
52.88142012478784,429,1.25,
52.89329112507403,200,7.892,
52.90297054219991,200,5.812,
52.91242754179984,429,1.231,
52.92191766714677,429,1.2,
52.930882084183395,200,7.119,
52.94073966704309,429,0.969,
52.954321584198624,200,7.482,
52.962739459238946,429,1.071,
52.97238420881331,200,6.68,
52.981174416840076,429,2.084,
52.99211774999276,200,6.508,
53.003797667101026,200,8.988,
53.01164674991742,429,1.399,
53.02090566698462,429,2.072,
53.032959959004074,200,7.56,
53.04209820879623,429,1.221,
53.052746791858226,200,6.731,
53.06170012522489,429,1.205,
53.07190366694704,200,6.829,
53.08089012512937,429,0.891,
53.09310775017366,200,6.5,
53.10529208416119,200,6.844,
53.110237459186465,429,1.339,
53.12477945908904,200,7.339,
53.130762999877334,429,1.496,
53.14125262480229,429,1.295,
53.15263470914215,200,7.463,
53.162177208811045,429,1.754,
53.17259124992415,200,7.733,
53.18235733406618,429,1.33,
53.19086187519133,200,7.272,
53.204013334121555,200,7.886,
53.21113908383995,429,1.159,
53.22169270878658,429,1.34,
53.23116045910865,200,10.093,
53.240809459239244,429,1.231,
53.252015084028244,200,8.862,
53.263221375178546,200,7.018,
53.27270149998367,429,1.375,
53.28102849982679,429,1.997,
53.29424404213205,200,7.719,
53.30068145878613,429,1.363,
53.31141404202208,200,6.385,
53.32202204223722,429,1.075,
53.332687959074974,200,11.439,
53.345020833890885,200,7.631,
53.3511032089591,429,1.086,
53.360558417160064,429,2.399,
53.37691879179329,200,7.727,
53.38110729213804,429,1.028,
53.393274624831975,200,6.596,
53.40181449986994,429,0.999,
53.41400520922616,200,6.852,
53.4215047089383,429,1.012,
53.43401479208842,200,6.652,
53.44268754217774,200,7.77,
53.46190349990502,429,4.323,
53.46317541692406,200,8.522,
53.473217042163014,429,1.031,
53.480903083924204,429,1.566,
53.493897459004074,200,7.297,
53.5027852919884,200,7.207,
53.51048525003716,429,1.295,
53.52453308412805,200,6.815,
53.53110395884141,429,1.452,
53.54426125017926,200,9.881,
53.55233212513849,429,1.789,
53.56089820899069,429,1.258,
53.57411920884624,200,10.424,
53.58248733403161,200,7.278,
53.59101491700858,429,1.18,
53.60454187495634,200,7.093,
53.612270209006965,429,0.973,
53.625145209021866,200,7.439,
53.631358792074025,429,1.372,
53.6440169592388,200,7.519,
53.6527137090452,429,1.216,
53.66416404210031,200,6.862,
53.672461749985814,429,1.852,
53.685537917073816,200,11.53,
53.69201812520623,429,1.358,
53.70311520900577,200,8.139,
53.71146658388898,429,0.956,
53.72069925023243,429,1.295,
53.73389199981466,200,7.118,
53.74279916705564,200,6.684,
53.751066375058144,429,1.281,
53.76424408424646,200,7.212,
53.77247229218483,429,0.973,
53.780690792016685,429,1.177,
53.79302700003609,200,10.913,
53.802741250023246,200,7.953,
53.81040120916441,429,1.595,
53.82443016720936,200,8.029,
53.8321030838415,429,1.302,
53.84229787485674,429,1.544,
53.853146334178746,200,7.689,
53.86331908404827,200,6.861,
53.8724482501857,429,1.147,
53.88367212517187,200,7.101,
53.89183216681704,429,5.154,
53.901430166792125,429,1.207,
53.91083974996582,200,7.403,
53.924425167031586,200,8.809,
53.93259262479842,429,1.171,
53.94332899991423,200,7.63,
53.95075841713697,429,1.375,
53.96447620913386,200,7.565,
53.971988750156015,429,1.669,
53.981194166932255,429,2.094,
53.99389366712421,200,7.314,
54.00167545909062,429,0.931,
54.014070542063564,200,7.225,
54.02105383388698,429,0.893,
54.03087979182601,200,6.845,
54.04329379182309,200,6.486,
54.05108970915899,429,1.312,
54.063227334059775,200,9.28,
54.072010499890894,429,1.395,
54.08091345895082,429,1.122,
54.093261417001486,200,8.737,
54.10268162516877,200,7.228,
54.11330199986696,429,1.412,
54.122443249914795,200,8.118,
54.130291250068694,429,2.456,
54.14381279191002,200,8.315,
54.15105387521908,429,1.551,
54.165114500094205,200,10.043,
54.172022291924804,429,1.208,
54.1813179589808,429,1.992,
54.19310483383015,200,13.141,
54.20261466689408,200,9.256,
54.211233749985695,429,2.036,
54.220848958939314,429,0.937,
54.23005608422682,200,9.167,
54.24075825000182,429,0.904,
54.25086037488654,200,7.347,
54.26391891716048,200,7.257,
54.270917208865285,429,2.144,
54.28437800006941,200,10.416,
54.29099166719243,429,1.337,
54.30385012505576,200,14.423,
54.3129210001789,429,5.052,
54.321103209163994,429,1.384,
54.33432174986228,200,9.833,
54.3423233339563,200,7.037,
54.35227066697553,429,1.419,
54.36382733378559,200,13.063,
54.37163450010121,429,3.105,
54.380103959236294,429,1.212,
54.39424733398482,200,6.343,
54.40167779196054,429,1.367,
54.413602584041655,200,15.255,
54.42947362503037,200,11.074,
54.430545249953866,429,3.069,
54.4409852088429,429,2.011,
54.45187637489289,200,8.037,
54.463228959124535,200,6.663,
54.47068925015628,429,2.784,
54.480039292015135,429,1.107,
54.491230625193566,200,7.186,
54.508753625210375,200,6.722,
54.51039666682482,429,1.241,
54.52461066702381,200,6.158,
54.53201112523675,429,1.331,
54.54192916722968,429,1.639,
54.5542162922211,200,6.422,
54.561008625198156,429,0.966,
54.570864874869585,200,8.235,
54.58063270896673,429,1.451,
54.592627041973174,200,8.362,
54.601369875017554,429,1.047,
54.614146042149514,200,7.553,
54.62214562483132,429,1.007,
54.63304874999449,200,7.445,
54.64042195910588,429,1.44,
54.65085258381441,200,7.271,
54.66430125012994,200,5.934,
54.67198674986139,429,1.075,
54.68037295900285,429,0.911,
54.69086429197341,200,7.085,
54.70097904186696,429,0.946,
54.71012604190037,200,7.36,
54.72383504221216,200,7.222,
54.73219258384779,429,1.414,
54.74376887502149,200,14.417,
54.75954658398405,429,1.531,
54.76016266690567,429,1.117,
54.77208795910701,200,7.918,
54.78363174991682,200,8.075,
54.791890874970704,429,1.403,
54.80383670888841,200,6.94,
54.811081958934665,429,0.895,
54.82435875013471,200,7.053,
54.8308730837889,429,0.945,
54.84413908421993,200,7.057,
54.85272004222497,429,1.014,
54.86169679183513,429,1.346,
54.87206608382985,200,8.601,
54.88052691705525,429,5.019,
54.890024334192276,200,14.337,
54.90092104207724,429,3.893,
54.91128387488425,200,7.985,
54.924280541948974,200,6.716,
54.930902750231326,429,0.929,
54.94312241720036,200,6.421,
54.95198174985126,429,1.006,
54.96162095898762,429,1.525,
54.97345524979755,200,6.755,
54.98045341717079,429,0.993,
54.9942985419184,200,7.82,
55.00202654208988,429,8.031,
55.011956417001784,200,7.279,
55.02388087520376,200,6.409,
55.03027499979362,429,0.876,
55.04407691722736,200,8.035,
55.05178870912641,429,0.988,
55.0632355841808,200,6.891,
55.07151016686112,429,1.085,
55.08217020891607,429,1.317,
55.09324562503025,200,6.944,
55.1013904591091,429,1.063,
55.11187595920637,200,6.956,
55.127636292017996,200,8.213,
55.130816583987325,429,1.208,
55.1432537920773,200,6.78,
55.15244833379984,429,1.11,
55.16255966713652,429,1.193,
55.17082583392039,200,6.962,
55.1832080418244,200,6.667,
55.193183625116944,429,1.33,
55.20045587513596,429,1.259,
55.21343433391303,200,7.885,
55.22204079199582,429,0.975,
55.2320117498748,200,7.791,
55.2438830002211,200,6.692,
55.25255679199472,429,1.335,
55.260524209123105,429,0.853,
55.272227542009205,200,6.988,
55.280220749787986,429,1.341,
55.293273834045976,200,7.931,
55.30104587506503,429,1.347,
55.31264299992472,200,7.865,
55.323275291826576,200,7.145,
55.33039187500253,429,1.691,
55.34582804189995,200,7.856,
55.35147058404982,429,1.241,
55.36189416702837,429,1.122,
55.37760187499225,200,9.243,
55.38269470911473,200,6.942,
55.392758584115654,429,0.871,
55.40351254213601,200,6.815,
55.41248954180628,429,1.016,
55.42315037501976,200,10.321,
55.4314761669375,429,3.241,
55.4432473750785,200,8.328,
55.451225083786994,429,1.771,
55.461819999851286,429,1.765,
55.470772958826274,200,9.73,
55.481921792030334,429,1.174,
55.493830875027925,200,8.17,
55.50018316693604,429,1.939,
55.51003754185513,200,7.915,
55.52487404178828,200,6.861,
55.53221633378416,429,0.932,
55.54287770902738,429,0.989,
55.55314583424479,200,6.648,
55.560998499859124,429,1.101,
55.57337920879945,200,7.621,
55.58117095893249,429,1.032,
55.59402529196814,200,6.949,
55.60061295889318,429,1.008,
55.61401291703805,200,11.83,
55.625456999987364,200,6.796,
55.631993792019784,429,2.012,
55.64216854190454,429,1.226,
55.65182449994609,200,6.765,
55.661200209055096,429,1.105,
55.67145424988121,200,10.528,
55.68183754198253,200,8.807,
55.69377358397469,429,1.174,
55.700026833917946,429,1.086,
55.71490362519398,200,7.54,
55.72238516714424,200,7.172,
55.731800958979875,429,0.954,
55.74398558400571,200,7.082,
55.750846249982715,429,1.039,
55.764417042024434,200,6.862,
55.77166479220614,429,0.932,
55.78187058400363,429,1.209,
55.79307754198089,200,8.153,
55.80180154182017,429,2.047,
55.81425300007686,200,7.1,
55.82061824994162,429,1.219,
55.83437624992803,200,7.573,
55.84260183386505,429,0.977,
55.85266475006938,200,6.625,
55.861571417190135,429,3.315,
55.87493179179728,200,9.987,
55.88069537514821,429,2.737,
55.89087737491354,200,7.27,
55.90388320898637,200,6.826,
55.91079324996099,429,3.027,
55.92116583418101,429,1.363,
55.930685666855425,200,7.946,
55.944181667175144,200,7.082,
55.950905334204435,429,1.257,
55.9608528339304,429,1.035,
55.97451029205695,200,8.474,
55.98117575002834,429,1.872,
55.99299508379772,200,7.536,
56.00050662504509,429,1.217,
56.01384258409962,200,8.302,
56.020690666977316,429,1.764,
56.03027912508696,200,6.324,
56.042013458907604,429,1.206,
56.05252637481317,200,6.867,
56.06335295923054,200,6.845,
56.072400459088385,429,1.249,
56.08114774990827,429,0.977,
56.09257529210299,200,8.065,
56.100570499897,429,1.057,
56.11261854181066,200,11.752,
56.124114042147994,200,6.184,
56.13112354185432,429,1.372,
56.144243124872446,200,7.021,
56.15104929218069,429,1.228,
56.163674958981574,200,7.374,
56.17304433416575,429,2.602,
56.181548667140305,429,1.912,
56.193252459168434,200,9.12,
56.20222212513909,429,1.087,
56.21077562496066,200,9.913,
56.22203370882198,200,8.578,
56.23373341700062,429,1.415,
56.24244158389047,429,1.125,
56.25348791712895,200,7.272,
56.26050170883536,429,1.011,
56.271358374971896,200,6.678,
56.28351058391854,200,7.787,
56.29043108411133,429,1.504,
56.30340241687372,200,7.504,
56.31305054202676,429,1.199,
56.32320937514305,200,7.558,
56.33053483394906,429,2.17,
56.3441201671958,200,7.392,
56.351362959016114,429,0.997,
56.36173591716215,429,1.152,
56.37386470893398,200,15.749,
56.381856167223305,200,14.796,
56.39159604208544,429,2.461,
56.40307025006041,200,6.408,
56.41192945884541,429,1.058,
56.42494529206306,200,7.316,
56.43201299989596,429,0.976,
56.44324220903218,200,6.065,
56.45105224987492,429,8.706,
56.4623837498948,200,8.232,
56.47271937504411,429,0.995,
56.48278908384964,200,7.265,
56.490173833910376,429,1.216,
56.504266917239875,200,8.093,
56.510034459177405,429,1.222,
56.52090545883402,429,1.255,
56.533546208869666,200,7.492,
56.54283320903778,429,1.256,
56.552140208892524,200,6.878,
56.563683041837066,200,7.557,
56.57063266681507,429,0.878,
56.583819459192455,200,8.481,
56.59206529194489,429,0.9,
56.603174542076886,200,6.619,
56.61229412490502,429,1.634,
56.6237223749049,200,6.764,
56.63077824981883,429,1.192,
56.64327166695148,200,7.319,
56.6506348750554,429,1.407,
56.66330966679379,200,11.386,
56.67518062517047,429,1.676,
56.68266020901501,200,6.988,
56.690696083940566,429,1.065,
56.70311283413321,200,7.524,
56.710913917049766,429,1.507,
56.72083875024691,429,1.019,
56.73134333407506,200,9.534,
56.74377370905131,200,7.19,
56.75060066720471,429,1.133,
56.76384683419019,200,7.636,
56.77065704204142,429,1.132,
56.78287125006318,429,0.982,
56.79346645902842,200,9.235,
56.801834125071764,429,1.943,
56.81381412502378,200,7.608,
56.82295058388263,429,1.133,
56.83115091687068,200,6.849,
56.84183229180053,429,1.301,
56.850566000211984,200,6.978,
56.86374183418229,200,6.737,
56.87244570907205,429,1.548,
56.88308604201302,200,7.318,
56.89214770914987,429,1.004,
56.90313924988732,200,6.902,
56.91321604186669,429,1.499,
56.92278408398852,200,9.343,
56.93153274990618,429,2.965,
56.94186162482947,429,0.867,
56.95398270897567,200,8.218,
56.96085270913318,429,1.61,
56.97442204179242,200,10.447,
56.98114399984479,429,2.041,
56.99346641683951,200,11.968,
57.003121625166386,200,14.612,
57.01178108388558,429,2.627,
57.02334758406505,200,10.393,
57.032313709147274,429,2.62,
57.04193166689947,200,13.077,
57.05272079212591,429,2.09,
57.06127300020307,429,1.758,
57.07210595905781,200,9.13,
57.08084470918402,429,2.025,
57.09404354216531,200,9.379,
57.10255804192275,200,7.14,
57.112617834005505,429,1.163,
57.12180458381772,200,8.233,
57.13339670887217,429,1.16,
57.14140858408064,429,2.209,
57.15330995898694,200,7.747,
57.163033625110984,200,9.076,
57.172681166790426,429,1.336,
57.1826353748329,200,7.852,
57.19276629202068,429,1.404,
57.20103562483564,429,1.941,
57.21077512484044,200,7.946,
57.223877834156156,200,7.48,
57.23290604213253,429,1.401,
57.24360387492925,200,6.367,
57.2513851672411,429,1.41,
57.262275625020266,429,1.162,
57.27056587487459,200,7.09,
57.284306209068745,200,8.4,
57.29210654180497,429,2.17,
57.301604667212814,429,1.201,
57.31135299988091,200,7.645,
57.322022791951895,429,1.401,
57.33268929179758,200,8.715,
57.341125334147364,429,1.27,
57.35089875012636,200,7.472,
57.36066145915538,429,1.362,
57.370137124788016,200,33.452,
57.380291333887726,200,24.17,
57.390693416818976,429,5.872,
57.4006007919088,429,1.631,
57.41460229223594,200,7.266,
57.42083587497473,429,2.32,
57.43441304191947,200,6.755,
57.44088012492284,429,1.067,
57.45442416705191,200,11.115,
57.46163675002754,429,1.109,
57.474067042116076,200,7.163,
57.480856333859265,429,3.227,
57.49351800000295,200,6.954,
57.500905542168766,429,2.194,
57.51440816698596,200,7.015,
57.52157199988142,429,1.192,
57.531517249997705,200,7.29,
57.541376375127584,429,1.536,
57.550861542113125,200,12.449,
57.56065599992871,429,2.408,
57.572594709228724,200,15.326,
57.58090537507087,429,2.226,
57.59264349984005,200,7.034,
57.60300216684118,200,8.842,
57.61132520902902,429,1.351,
57.623979709111154,200,7.639,
57.631630334071815,429,0.92,
57.64052537502721,429,1.551,
57.65463245892897,200,7.557,
57.66148916678503,429,1.229,
57.67544591706246,200,7.796,
57.68091820878908,429,1.324,
57.69357941718772,200,8.735,
57.70186287490651,429,1.773,
57.713814000133425,200,9.358,
57.72268812498078,200,8.009,
57.733395291958004,429,1.024,
57.74131354223937,429,1.011,
57.75088091706857,200,8.922,
57.76041958387941,429,1.592,
57.77450087480247,200,7.388,
57.782578917220235,429,1.176,
57.79206020897254,200,7.414,
57.80369475018233,200,7.715,
57.810814584139735,429,2.297,
57.824469124898314,200,9.045,
57.83266529208049,429,1.329,
57.84255104186013,429,1.248,
57.8505938751623,200,6.877,
57.86085912492126,429,1.479,
57.870316458866,200,12.863,
57.88126612501219,200,10.151,
57.891556084156036,429,2.461,
57.901883374899626,429,0.824,
57.91183812497184,200,6.525,
57.9228436248377,429,1.06,
57.93285733414814,200,6.468,
57.941901334095746,429,1.001,
57.95094875013456,200,9.289,
57.960826749913394,429,0.969,
57.97450508410111,200,8.645,
57.98151941690594,429,1.68,
57.99187562521547,200,8.513,
58.000017874874175,429,2.551,
58.01487595913932,200,10.644,
58.02232920890674,429,1.59,
58.03374437522143,200,6.39,
58.042992709204555,200,7.438,
58.05187941715121,429,0.952,
58.061585292220116,429,1.062,
58.07084074988961,200,7.858,
58.081816874910146,429,1.144,
58.09401362482458,200,7.862,
58.10261991713196,200,6.756,
58.11003287509084,429,0.945,
58.124910208862275,200,7.766,
58.13086724979803,429,1.485,
58.143370708916336,200,8.662,
58.15286233415827,429,1.435,
58.16287212492898,200,8.077,
58.173387583810836,429,1.477,
58.18037929199636,429,1.629,
58.19468216691166,200,9.372,
58.20001525012776,429,2.176,
58.21135695884004,200,20.353,
58.224115708842874,200,10.318,
58.23093741713092,429,2.213,
58.24013158399612,429,1.621,
58.25333150010556,200,9.247,
58.26096370909363,429,2.224,
58.27358966693282,200,9.572,
58.28035679180175,429,2.508,
58.29291687486693,200,11.966,
58.300457125063986,429,2.054,
58.31153141707182,200,9.369,
58.32071970915422,429,1.71,
58.33020166680217,200,7.094,
58.343717500101775,200,10.034,
58.35014424985275,429,1.511,
58.36465212516487,200,11.307,
58.37244783388451,429,2.115,
58.38265625014901,200,27.29,
58.40089504187927,200,19.708,
58.40364183392376,429,4.253,
58.411728917155415,429,2.871,
58.42024924978614,200,23.909,
58.43166279187426,429,8.288,
58.44322891719639,200,15.856,
58.45212091691792,429,7.894,
58.46164558408782,429,2.358,
58.47209024988115,200,9.255,
58.480033750180155,429,1.856,
58.49168695881963,200,15.772,
58.50343400007114,200,10.354,
58.51040687505156,429,1.604,
58.520557291805744,429,2.147,
58.53462466690689,200,8.355,
58.54105874989182,429,1.938,
58.55190820898861,200,10.189,
58.56262633390725,429,1.208,
58.57186158420518,200,7.235,
58.58100887481123,429,1.347,
58.591323874890804,200,9.203,
58.600250124931335,429,1.211,
58.61019149981439,200,9.757,
58.62081658421084,429,1.299,
58.63200904196128,200,12.024,
58.64194458397105,200,10.852,
58.65079174982384,429,2.315,
58.661941417027265,429,1.131,
58.67086675018072,200,11.668,
58.680543459020555,429,2.178,
58.69445866718888,200,7.668,
58.702554542105645,429,1.012,
58.710800958797336,200,6.873,
58.72449866682291,200,7.722,
58.730138500221074,429,2.137,
58.74485079199076,200,8.83,
58.75231770891696,429,1.533,
58.76088054198772,429,1.15,
58.77443529199809,200,7.046,
58.78255629213527,200,7.095,
58.79360324982554,429,1.425,
58.801949250046164,429,1.289,
58.81009916681796,200,8.93,
58.82410887489095,200,7.109,
58.83093287516385,429,2.223,
58.84188179206103,429,1.204,
58.853873709216714,200,7.165,
58.86176645895466,429,1.133,
58.87087033409625,200,8.463,
58.88221854204312,429,0.984,
58.890991542022675,200,8.24,
58.90300033381209,200,7.632,
58.911041459068656,429,1.103,
58.9201337499544,429,1.505,
58.93066312512383,200,11.529,
58.940483999904245,429,2.195,
58.95103229209781,200,13.746,
58.96433745883405,200,7.062,
58.97257012501359,429,0.957,
58.983197750058025,200,7.956,
58.991162959020585,429,1.07,
59.001058334019035,429,1.311,
59.01329183392227,200,7.039,
59.02018149988726,429,1.004,
59.034343500155956,200,6.93,
59.04269304219633,429,0.878,
59.05100729223341,200,7.841,
59.06132087484002,429,0.968,
59.0742521667853,200,7.114,
59.08130383398384,429,0.848,
59.09288949985057,200,9.943,
59.100904874969274,429,1.682,
59.11354879196733,200,8.362,
59.12190437503159,429,1.601,
59.13123529218137,200,8.035,
59.1418347498402,429,1.106,
59.151865125168115,200,6.6,
59.16189324995503,429,0.95,
59.17383258417249,200,6.769,
59.18272337503731,200,8.446,
59.19069491699338,429,2.158,
59.203165584243834,200,8.274,
59.21206162497401,429,1.168,
59.221660959068686,429,1.193,
59.23299429193139,200,7.489,
59.24171687522903,429,1.723,
59.252977124881,200,10.253,
59.263086874969304,200,8.098,
59.27294950000942,429,6.426,
59.28046508412808,429,2.884,
59.290649000089616,200,8.417,
59.30183287523687,429,1.231,
59.310876375064254,200,7.606,
59.32291025016457,200,7.824,
59.33084225002676,429,1.14,
59.34433895908296,200,6.906,
59.350881167221814,429,1.081,
59.36103337490931,429,1.267,
59.37428029207513,200,9.333,
59.38270895881578,200,8.201,
59.3934182501398,429,1.232,
59.40054383408278,429,1.45,
59.41191575024277,200,7.92,
59.42191708413884,429,1.148,
59.432644499931484,200,8.292,
59.442349459044635,429,1.703,
59.45316612487659,200,8.828,
59.460745291784406,429,2.653,
59.474284834228456,200,12.285,
59.480142834130675,429,1.964,
59.49172979220748,200,9.43,
59.50376454181969,200,8.062,
59.510022333823144,429,2.064,
59.524787459056824,200,8.349,
59.531791584100574,429,1.496,
59.54286204185337,429,1.047,
59.55412870878354,200,7.47,
59.56198108382523,429,1.092,
59.57268862519413,200,7.729,
59.58336045918986,200,9.769,
59.594283083919436,429,1.314,
59.60162587510422,429,1.1,
59.61341870902106,200,9.541,
59.62186966696754,429,1.725,
59.63004920911044,200,9.808,
59.6420868341811,200,8.564,
59.65036075003445,429,1.385,
59.66034991713241,429,1.9,
59.67039266694337,200,12.963,
59.68216183409095,200,18.954,
59.690484791994095,429,4.217,
59.70186945889145,200,15.443,
59.712552917189896,429,3.721,
59.72146995924413,429,2.031,
59.7304639169015,200,11.649,
59.74156029196456,200,15.211,
59.75068695889786,429,6.434,
59.76070237485692,200,24.631,
59.771996167022735,429,4.811,
59.7800492499955,200,36.281,
59.791110292077065,429,12.687,
59.80340474983677,200,13.686,
59.81180695910007,429,3.099,
59.82314374996349,200,9.318,
59.83004316687584,429,2.097,
59.84056520881131,429,3.383,
59.854468083940446,200,8.296,
59.86250500008464,200,9.096,
59.87168366694823,429,3.253,
59.88001974998042,429,3.929,
59.89479433419183,200,7.862,
59.90058225020766,429,2.268,
59.9146123342216,200,6.564,
59.92260083416477,429,1.001,
59.93359850021079,200,6.844,
59.94069433398545,429,1.006,
59.95156262489036,200,10.418,
59.96178741706535,429,0.97,
59.97059141704813,200,7.62,
59.982635042164475,429,1.209,
59.992898541968316,200,9.33,
